record_id,date,season,month,leaf_weight_kg,leaf_moisture_percent,withering_time_hours,fermentation_time_hours,drying_temperature_celsius,drying_duration_minutes,ambient_temperature_celsius,humidity_percentage,rainfall_mm,collection_region,powder_weight_kg,yield_percentage
REC-00001,12/31/2024,NE_Monsoon,12,609.61,77.3,15.79,3.32,105.6,24.3,17.4,88.4,8.41,West_Block,127.72,20.95
REC-00002,12/30/2024,NE_Monsoon,12,494.39,76.3,15.3,3.12,88.4,19.8,21.3,79.7,6.66,East_Block,95.86,19.39
REC-00003,12/30/2024,NE_Monsoon,12,474.46,76.5,16.9,4.28,100,25.4,18.2,78.8,10.38,West_Block,99.36,20.94
REC-00004,12/29/2024,NE_Monsoon,12,477.8,74.3,18.78,2.99,92.7,27.5,19.2,84.2,8.1,East_Block,97.81,20.47
REC-00005,12/27/2024,NE_Monsoon,12,428.91,75.4,13.63,3.39,95.3,21,20.8,79.7,9.55,West_Block,89.68,20.91
REC-00006,12/27/2024,NE_Monsoon,12,657.32,81.3,17.13,2.9,94.9,20.5,17.4,81.7,6.84,Middle_Division,131.82,20.05
REC-00007,12/26/2024,NE_Monsoon,12,593.4,82.7,15.03,3.18,105.7,24.9,20.7,83.1,5.14,East_Block,121.36,20.45
REC-00008,12/26/2024,NE_Monsoon,12,561.01,76.4,13.02,2.89,99.8,29.4,18.6,78.9,6.64,Lower_Division,119.59,21.32
REC-00009,12/26/2024,NE_Monsoon,12,486.43,77,16.77,3.05,102.8,22.9,18.6,83.1,9.64,Upper_Division,96.11,19.76
REC-00010,12/26/2024,NE_Monsoon,12,502.54,71.9,15.57,3.23,97.2,25.6,21.9,82.4,10.51,East_Block,101.17,20.13
REC-00011,12/26/2024,NE_Monsoon,12,557.23,74.5,19.69,2.9,99.5,24.9,23.9,80.9,8.81,Upper_Division,108.83,19.53
REC-00012,12/25/2024,NE_Monsoon,12,453.78,78.2,18.08,3.7,105,22.4,22.8,81.8,6.06,West_Block,96.42,21.25
REC-00013,12/25/2024,NE_Monsoon,12,551.1,75.3,15.45,3.32,91.9,26.6,19.7,89.2,5.78,West_Block,115.12,20.89
REC-00014,12/25/2024,NE_Monsoon,12,675.26,77.4,16.79,3.68,110.7,24,23.3,88.8,8.59,West_Block,131.32,19.45
REC-00015,12/24/2024,NE_Monsoon,12,612.63,78.7,16.45,3.13,99.7,23,18.1,88.8,8.44,West_Block,131.17,21.41
REC-00016,12/23/2024,NE_Monsoon,12,675.92,74.6,17.99,3.37,93.2,22.7,22.2,85.8,9.81,West_Block,138.36,20.47
REC-00017,12/23/2024,NE_Monsoon,12,443.26,80.5,14.78,2.96,99.7,25.8,22.6,84,8.27,Middle_Division,92.6,20.89
REC-00018,12/23/2024,NE_Monsoon,12,421.49,77.8,16.72,2.89,101.6,26.4,23.7,88.2,6.67,Upper_Division,89.33,21.19
REC-00019,12/22/2024,NE_Monsoon,12,438.87,83.3,15.23,3.36,98.5,26.9,17.7,85.4,10.61,East_Block,91.48,20.85
REC-00020,12/22/2024,NE_Monsoon,12,592.93,75.2,16.84,3.54,103.3,20.9,22.7,87.7,9.91,Middle_Division,120.68,20.35
REC-00021,12/22/2024,NE_Monsoon,12,722.48,78.5,16.01,3.67,102.9,25.7,19.4,82.5,5.53,Middle_Division,148.18,20.51
REC-00022,12/21/2024,NE_Monsoon,12,827.76,81.3,13.2,3.34,89.9,23.6,17.9,84.3,9.36,Middle_Division,161.07,19.46
REC-00023,12/20/2024,NE_Monsoon,12,555.47,78.6,15.02,4.07,101.2,18.9,22.6,81.2,7.49,Middle_Division,111.54,20.08
REC-00024,12/20/2024,NE_Monsoon,12,509.89,81.8,15.52,3.16,89.9,27.8,19,89.5,9.18,Middle_Division,107.13,21.01
REC-00025,12/19/2024,NE_Monsoon,12,367.68,80.3,15.27,3.63,94.5,26.3,20.3,79.2,7.79,Upper_Division,71.84,19.54
REC-00026,12/18/2024,NE_Monsoon,12,745.89,73.7,13.85,2.78,98.7,29.3,20.5,88.3,8.73,East_Block,150.58,20.19
REC-00027,12/18/2024,NE_Monsoon,12,558.38,74.3,15.42,3.06,101.3,29.8,20.2,84.5,10.33,Upper_Division,115.42,20.67
REC-00028,12/18/2024,NE_Monsoon,12,491.63,76.9,16.31,3.44,95.7,23.1,21.9,85.5,9.97,East_Block,105.52,21.46
REC-00029,12/18/2024,NE_Monsoon,12,450.52,78.4,15.16,3.37,101.1,24.9,19.6,87.3,6.93,Middle_Division,98.18,21.79
REC-00030,12/16/2024,NE_Monsoon,12,501.05,80.8,16.39,3.01,102.7,23.4,23.3,82.7,5.06,Middle_Division,105.83,21.12
REC-00031,12/16/2024,NE_Monsoon,12,561.64,74.4,16.89,2.59,108.5,22,21.7,87,9.49,West_Block,115.05,20.48
REC-00032,12/16/2024,NE_Monsoon,12,559.1,77,14.98,3.49,97.3,22.5,18,87.1,8.5,Lower_Division,119.6,21.39
REC-00033,12/15/2024,NE_Monsoon,12,493.48,77.4,16.35,2.28,91,22.8,22.4,84.7,7.4,Lower_Division,103.15,20.9
REC-00034,12/15/2024,NE_Monsoon,12,547.78,82.6,15.57,3.16,93.9,26.6,23.7,82.5,6.62,Upper_Division,112.03,20.45
REC-00035,12/15/2024,NE_Monsoon,12,561.72,80.9,14.84,3.01,100.5,29.4,20.2,85.5,8.31,Upper_Division,116.91,20.81
REC-00036,12/14/2024,NE_Monsoon,12,449.23,78.5,15.1,2,95.4,22.7,23.8,89.8,8.96,East_Block,89.21,19.86
REC-00037,12/14/2024,NE_Monsoon,12,618.56,77.6,17.46,3.37,105.4,27.1,23.1,78.5,5.15,West_Block,124.94,20.2
REC-00038,12/14/2024,NE_Monsoon,12,536.26,78.1,17.86,2.2,95,25,22.4,89.3,9.81,East_Block,106.26,19.81
REC-00039,12/14/2024,NE_Monsoon,12,564.44,81.8,16.77,3.36,92.4,20.4,17.8,86.1,7.95,West_Block,118.57,21.01
REC-00040,12/13/2024,NE_Monsoon,12,797.29,82.1,18.63,2.88,102.9,26.9,21.9,80.6,5.77,Lower_Division,171.1,21.46
REC-00041,12/13/2024,NE_Monsoon,12,408.01,78.2,12.94,2.87,101.6,29.5,19.8,85.5,9.89,Lower_Division,83.86,20.55
REC-00042,12/12/2024,NE_Monsoon,12,516.23,73.7,13.5,3,100,28.4,18.7,78.9,5.73,West_Block,103.32,20.01
REC-00043,12/12/2024,NE_Monsoon,12,639.68,76.6,15.56,4.03,96.4,23.7,17.3,80,6.58,East_Block,131.19,20.51
REC-00044,12/12/2024,NE_Monsoon,12,483.56,78.6,14.2,3.98,98.2,22.9,23.1,89.1,5.35,Upper_Division,97.91,20.25
REC-00045,12/12/2024,NE_Monsoon,12,486.34,82.1,15.14,2.86,86.5,20.5,20.2,87,5.21,West_Block,98.14,20.18
REC-00046,12/11/2024,NE_Monsoon,12,553.43,70.6,17.45,2.51,98.4,29.6,18.7,81.2,7.14,West_Block,108.72,19.64
REC-00047,12/11/2024,NE_Monsoon,12,457.21,80,15.47,3.11,102.6,28.2,20.5,79,8.04,West_Block,98.96,21.64
REC-00048,12/11/2024,NE_Monsoon,12,425.53,83.7,15.71,2.56,91.1,27.8,19.5,89.8,8.43,East_Block,84.58,19.88
REC-00049,12/11/2024,NE_Monsoon,12,478.91,77.8,14.7,3.02,93.8,25.8,17.8,82.8,10.49,Upper_Division,97.2,20.3
REC-00050,12/10/2024,NE_Monsoon,12,613.4,75.7,16.31,4.02,106.1,27.8,18.3,81.9,7.41,East_Block,123.01,20.05
REC-00051,12/10/2024,NE_Monsoon,12,367.09,73.2,17.2,2.43,99.3,33.4,17.4,82,5.76,Middle_Division,71.71,19.53
REC-00052,12/9/2024,NE_Monsoon,12,682.76,74.9,17.16,2.64,110.2,19.7,23.5,88,10.47,Middle_Division,134.48,19.7
REC-00053,12/8/2024,NE_Monsoon,12,608.57,79.8,18.37,2.94,98.6,23.2,18.1,80,9.62,West_Block,123.34,20.27
REC-00054,12/8/2024,NE_Monsoon,12,517.58,71.3,17.42,2.87,104.5,23,19.1,87,7.85,West_Block,106.1,20.5
REC-00055,12/7/2024,NE_Monsoon,12,657.09,79.7,16.14,2.56,99.4,25.5,19.3,79.7,9.5,West_Block,142.96,21.76
REC-00056,12/7/2024,NE_Monsoon,12,571.82,75.4,16.37,2.77,93.8,27.5,17.2,84.8,9.32,Upper_Division,119.8,20.95
REC-00057,12/6/2024,NE_Monsoon,12,517.62,75.2,14.53,2.78,99.9,27.3,22,85.7,8.93,Upper_Division,104.18,20.13
REC-00058,12/5/2024,NE_Monsoon,12,336.55,74.6,18.24,3.33,97.7,25.8,20.5,85.3,5.1,West_Block,70.96,21.08
REC-00059,12/5/2024,NE_Monsoon,12,607.72,82,16.34,2.6,100.4,30.6,20,86.8,10.29,Upper_Division,124.6,20.5
REC-00060,12/5/2024,NE_Monsoon,12,854.64,76.3,16.79,2.71,97.3,28.2,17,82,7.26,Lower_Division,184.88,21.63
REC-00061,12/3/2024,NE_Monsoon,12,395.2,73.5,14.06,2.83,106.3,24.2,18,80.1,7.82,West_Block,82.8,20.95
REC-00062,12/3/2024,NE_Monsoon,12,427.94,78.5,16.78,2.6,97.2,25,21.2,78.8,9.25,Lower_Division,93.16,21.77
REC-00063,12/3/2024,NE_Monsoon,12,481.16,78.3,15.18,2.98,95.3,22.9,22.4,83.4,7.97,East_Block,97.15,20.19
REC-00064,12/2/2024,NE_Monsoon,12,408.7,79.6,16.31,3.14,96.7,24.6,18.9,85.7,7.32,Lower_Division,90.6,22.17
REC-00065,12/1/2024,NE_Monsoon,12,636.6,80.1,14.31,2.74,100.4,21.3,17.7,80.9,9.09,East_Block,128.47,20.18
REC-00066,12/1/2024,NE_Monsoon,12,420.27,74.2,16.92,3.3,96.5,26,19.9,88.7,9.63,East_Block,85.5,20.35
REC-00067,12/1/2024,NE_Monsoon,12,707.89,71.5,13.37,3.38,90.9,28.7,20.1,81.5,10.37,West_Block,142.47,20.13
REC-00068,12/1/2024,NE_Monsoon,12,563.71,72.9,16.23,2.82,97.7,25.9,21.4,81.1,5.79,West_Block,116.63,20.69
REC-00069,11/30/2024,NE_Monsoon,11,354.45,79.6,16.83,4,101.6,23.6,17.1,79.6,10.1,East_Block,74.74,21.09
REC-00070,11/30/2024,NE_Monsoon,11,749.86,78.1,17.52,2.08,91.6,23.1,18.2,86.9,5.47,Upper_Division,142.12,18.95
REC-00071,11/29/2024,NE_Monsoon,11,710.96,77.1,14.67,3.29,89.2,31.2,23.6,86.8,6.22,Middle_Division,139.95,19.69
REC-00072,11/29/2024,NE_Monsoon,11,549.36,78.7,15.01,2.16,102.9,23.9,17.5,86.7,7.81,Lower_Division,115.63,21.05
REC-00073,11/29/2024,NE_Monsoon,11,634.93,73.3,15.16,3.32,102.9,26.9,19.5,79.1,10.2,East_Block,131.19,20.66
REC-00074,11/28/2024,NE_Monsoon,11,677.75,81.2,16.18,3.41,101.1,28.9,22.9,81,7.77,Middle_Division,140.84,20.78
REC-00075,11/28/2024,NE_Monsoon,11,582.59,80,14.08,2.46,103.3,24.9,23,88.1,6.81,West_Block,119.32,20.48
REC-00076,11/27/2024,NE_Monsoon,11,497.86,75.3,15.54,3.11,95.6,28.8,17.5,81.8,8.06,West_Block,103.57,20.8
REC-00077,11/26/2024,NE_Monsoon,11,654.13,78.1,16.42,2.33,100.9,27.1,22.6,90,6.99,East_Block,133.82,20.46
REC-00078,11/26/2024,NE_Monsoon,11,825.87,76.4,15.46,2.78,105.3,29.7,18.7,79.3,7.01,Upper_Division,161.51,19.56
REC-00079,11/25/2024,NE_Monsoon,11,545.84,77.4,16.35,3.78,93,28,23.6,83.6,8.48,East_Block,110.5,20.24
REC-00080,11/25/2024,NE_Monsoon,11,584.7,76.3,19.68,2.68,95.3,23.1,22.5,82.2,5.33,Lower_Division,120.98,20.69
REC-00081,11/25/2024,NE_Monsoon,11,645.51,75.9,17.57,3.17,96.1,22.9,20.8,85.1,8.29,Middle_Division,133.62,20.7
REC-00082,11/25/2024,NE_Monsoon,11,615.22,74.2,17.63,2.57,98.5,19.8,18.8,86.7,7.81,Upper_Division,123.3,20.04
REC-00083,11/25/2024,NE_Monsoon,11,250,74.6,14.69,3.6,99.7,29,21,81.2,9.98,East_Block,50.46,20.18
REC-00084,11/24/2024,NE_Monsoon,11,598.67,82.6,17.07,3.25,102.3,28,22.3,79.9,9.99,Lower_Division,123.83,20.68
REC-00085,11/24/2024,NE_Monsoon,11,467.26,78,16.74,3.21,100,24.3,19,85.4,10.56,Lower_Division,100.48,21.5
REC-00086,11/23/2024,NE_Monsoon,11,627.46,82.7,19.24,2.85,99.1,25.7,23.7,82.1,8.58,Upper_Division,124.8,19.89
REC-00087,11/23/2024,NE_Monsoon,11,527.64,80.9,15.39,2.82,98.9,19.6,21.3,78.5,9.94,Lower_Division,110.26,20.9
REC-00088,11/23/2024,NE_Monsoon,11,737.86,71.4,15.9,2.72,107.4,20.7,18.1,87.5,8.93,Lower_Division,150.83,20.44
REC-00089,11/23/2024,NE_Monsoon,11,396.36,74.8,17.31,3.33,97.5,30.5,19.8,81.3,10.58,Lower_Division,83.28,21.01
REC-00090,11/23/2024,NE_Monsoon,11,399.82,79.4,18.17,2.96,103.6,26,22.4,88.1,9.31,Lower_Division,86.19,21.56
REC-00091,11/22/2024,NE_Monsoon,11,539.23,73.7,18.16,2.66,107,24.9,17.4,85,6.52,East_Block,108.6,20.14
REC-00092,11/22/2024,NE_Monsoon,11,529.24,74.7,14.97,4.24,95.5,28.1,23,87.4,5.22,Upper_Division,101.97,19.27
REC-00093,11/22/2024,NE_Monsoon,11,838.24,78.1,15.97,3.26,106.9,22.4,19.5,78.4,5.45,Middle_Division,174.85,20.86
REC-00094,11/22/2024,NE_Monsoon,11,668.67,75.6,16.93,2.75,95.8,25.8,21.9,78.4,10.31,Middle_Division,143.73,21.49
REC-00095,11/21/2024,NE_Monsoon,11,633.79,76.4,16.59,3.45,101.2,28.1,17.6,88.7,8.1,Lower_Division,134.89,21.28
REC-00096,11/21/2024,NE_Monsoon,11,598.16,76.4,19.27,2.82,99,21.9,22.5,85.9,7.82,East_Block,123.3,20.61
REC-00097,11/21/2024,NE_Monsoon,11,554.56,73,16.18,3.31,92.9,24.2,23.1,86.7,9.21,Lower_Division,114.01,20.56
REC-00098,11/21/2024,NE_Monsoon,11,576.93,77.9,17.57,3.84,95.7,28.2,23.3,83.1,6.57,Lower_Division,122.2,21.18
REC-00099,11/20/2024,NE_Monsoon,11,474.93,76,16.59,3.25,99.3,23.3,23.8,80.2,9.84,East_Block,97.06,20.44
REC-00100,11/20/2024,NE_Monsoon,11,531.19,79,17.59,2,99.2,21.5,19.7,89.6,6.46,West_Block,109.61,20.63
REC-00101,11/18/2024,NE_Monsoon,11,363.29,81.7,15.59,2,99.3,24.2,18.7,85.4,9.01,Upper_Division,72.41,19.93
REC-00102,11/18/2024,NE_Monsoon,11,511.4,78.7,19.12,3.19,100.2,28.1,18.4,79.3,6.53,Middle_Division,102.17,19.98
REC-00103,11/17/2024,NE_Monsoon,11,534.29,78,14.45,2.91,100.2,23.2,18,89.8,10.47,East_Block,112.64,21.08
REC-00104,11/17/2024,NE_Monsoon,11,533.97,79.2,17.63,2,112.7,22.4,17.2,81.7,8.99,Middle_Division,104.2,19.51
REC-00105,11/16/2024,NE_Monsoon,11,678.77,84,15.75,3.27,93.4,24.9,21.3,88.4,8.23,East_Block,137.17,20.21
REC-00106,11/16/2024,NE_Monsoon,11,420.8,78.9,17,2.46,106.2,22.7,21.6,90,5.27,East_Block,84.9,20.18
REC-00107,11/16/2024,NE_Monsoon,11,743.65,74.3,16.68,2.88,102.8,28.6,22.7,87.1,9.52,West_Block,158.44,21.31
REC-00108,11/16/2024,NE_Monsoon,11,564.46,82.7,14.46,2.36,89.8,22.3,20.1,80.9,7.12,Lower_Division,111.63,19.78
REC-00109,11/16/2024,NE_Monsoon,11,680.76,81.4,18.3,2,94.6,25.2,20.4,78.3,6.93,Upper_Division,135.55,19.91
REC-00110,11/16/2024,NE_Monsoon,11,716.11,78.8,16.85,3.3,102.3,27.3,18.7,89.1,5.34,West_Block,152.87,21.35
REC-00111,11/15/2024,NE_Monsoon,11,545.96,76.1,14.57,2.56,93.1,27.9,20.8,81.7,8.46,Middle_Division,109.84,20.12
REC-00112,11/15/2024,NE_Monsoon,11,616.01,79,14.55,3.05,91.3,23.2,21,81.1,10.46,Upper_Division,125.11,20.31
REC-00113,11/15/2024,NE_Monsoon,11,606.64,79.2,16.21,3.6,99.9,24.1,18.5,85.3,7.33,Lower_Division,125.38,20.67
REC-00114,11/15/2024,NE_Monsoon,11,463.79,78.8,17.34,2.85,104.2,23,21.4,83.4,8.32,West_Block,98.85,21.31
REC-00115,11/14/2024,NE_Monsoon,11,527.77,84.6,15.81,3.02,97.3,27.9,18.6,82.7,8.37,East_Block,109.38,20.73
REC-00116,11/13/2024,NE_Monsoon,11,599.75,81.3,14.84,2.28,88.4,27.9,23.9,79.5,5.59,Middle_Division,112.3,18.72
REC-00117,11/13/2024,NE_Monsoon,11,417.91,78.1,14.93,2.71,97,22.7,22.6,80.8,8.06,West_Block,89.9,21.51
REC-00118,11/13/2024,NE_Monsoon,11,409.29,83.2,14.15,3.35,107.7,24.2,17.4,84.7,10.43,West_Block,83.93,20.51
REC-00119,11/13/2024,NE_Monsoon,11,536.65,79.8,14.64,2.63,104.2,28.3,23.5,80.8,7.26,Upper_Division,110.14,20.52
REC-00120,11/12/2024,NE_Monsoon,11,828.32,77.5,16.59,3.1,96.5,25.4,22.5,86.5,5.2,Middle_Division,171.79,20.74
REC-00121,11/12/2024,NE_Monsoon,11,465.49,73.2,15.64,3.04,101.5,22.5,20.1,85.2,7.92,Middle_Division,97.99,21.05
REC-00122,11/11/2024,NE_Monsoon,11,559.82,79,15.85,3.46,96.5,25.8,22.5,81.7,5.46,Middle_Division,115.92,20.71
REC-00123,11/10/2024,NE_Monsoon,11,425.61,78.6,17.97,3.03,98.9,24.3,23,89.1,7.76,Upper_Division,86.39,20.3
REC-00124,11/10/2024,NE_Monsoon,11,250,78.2,16.1,2.81,93,26.5,20,81.7,7.87,Middle_Division,52.12,20.85
REC-00125,11/9/2024,NE_Monsoon,11,614.81,77.8,14.08,2.52,100.1,22.9,24,78.7,8.94,Upper_Division,125.12,20.35
REC-00126,11/9/2024,NE_Monsoon,11,505.93,75.8,14.94,3.15,94.9,25,24,87.8,8.49,East_Block,98.57,19.48
REC-00127,11/8/2024,NE_Monsoon,11,385.97,80.3,15.66,2.41,89,26.6,22.4,78.1,7.36,Upper_Division,73.5,19.04
REC-00128,11/8/2024,NE_Monsoon,11,653.57,77.9,14.81,3.05,92.4,22,20.8,83.5,9.78,Lower_Division,135.6,20.75
REC-00129,11/8/2024,NE_Monsoon,11,529.25,77.4,18.57,2.31,89.9,29.4,23.2,89.5,9.46,Middle_Division,100.16,18.92
REC-00130,11/7/2024,NE_Monsoon,11,631.35,78.9,15.27,4.08,95,27.2,21.5,85.4,5.38,Lower_Division,132.63,21.01
REC-00131,11/7/2024,NE_Monsoon,11,791.61,75.1,16.2,2.82,98.9,21,19.4,87.3,8.75,Lower_Division,167.05,21.1
REC-00132,11/7/2024,NE_Monsoon,11,583.91,81.9,14.94,2.61,102.4,26.8,19.7,80.5,5.69,East_Block,122.28,20.94
REC-00133,11/7/2024,NE_Monsoon,11,480,79.8,16.06,3.73,107,27.2,21.6,79.5,6.92,West_Block,97.73,20.36
REC-00134,11/7/2024,NE_Monsoon,11,341.47,77,13.08,3.29,98.7,23.5,18.4,88.6,8.66,East_Block,71.38,20.9
REC-00135,11/6/2024,NE_Monsoon,11,650.51,80.2,14.78,3.61,97.3,27.7,21.6,80.1,8.09,Upper_Division,129.16,19.86
REC-00136,11/6/2024,NE_Monsoon,11,647.52,80.2,16.87,3.02,90.5,26.5,20.8,85.1,7.88,Upper_Division,135.61,20.94
REC-00137,11/6/2024,NE_Monsoon,11,589.44,77.9,17.35,2.69,100.4,24.2,18.7,86.7,10.62,Middle_Division,127.4,21.61
REC-00138,11/4/2024,NE_Monsoon,11,581.28,74.7,13.9,3.36,105.2,23.5,22.5,84.7,5.03,Lower_Division,119.06,20.48
REC-00139,11/4/2024,NE_Monsoon,11,535.49,76.9,16.63,2.56,95.8,27.2,24,82.4,7.54,East_Block,114.35,21.35
REC-00140,11/4/2024,NE_Monsoon,11,346.14,76.3,18.19,3.84,94.2,28.5,17.7,85.1,7.73,West_Block,71.09,20.54
REC-00141,11/4/2024,NE_Monsoon,11,797.38,76.3,17.81,3.51,101,27.3,20.5,78.9,5.33,East_Block,164.11,20.58
REC-00142,11/4/2024,NE_Monsoon,11,560.61,72.4,18.22,2.43,97,22.8,17.6,80.6,8.39,Middle_Division,111.77,19.94
REC-00143,11/4/2024,NE_Monsoon,11,696.52,81.3,16.87,2.89,93.2,23.9,21,85.1,6.05,East_Block,142.71,20.49
REC-00144,11/4/2024,NE_Monsoon,11,588.78,76.4,15.78,2.77,90,26.5,20.2,83.8,5.76,West_Block,123.66,21
REC-00145,11/4/2024,NE_Monsoon,11,749.35,78.9,15.31,2.7,100.3,22,22.3,85.9,10.42,West_Block,159.41,21.27
REC-00146,11/3/2024,NE_Monsoon,11,592.6,82.7,15.67,2.58,93.4,24.1,22.4,78.8,7.76,Lower_Division,124.41,20.99
REC-00147,11/3/2024,NE_Monsoon,11,338.46,78.3,14.46,3.12,98.4,27.1,17.4,83,6.47,Lower_Division,71.25,21.05
REC-00148,11/2/2024,NE_Monsoon,11,390.02,77.1,19.62,3.04,99.7,22.6,18.1,80.7,6.42,Middle_Division,80.22,20.57
REC-00149,11/1/2024,NE_Monsoon,11,428.1,76.9,16.09,3.21,101.5,25.5,20.8,79,7.6,Lower_Division,90.71,21.19
REC-00150,11/1/2024,NE_Monsoon,11,496.19,78.2,19.02,3.88,92.8,22.9,20.6,87.7,7.6,Upper_Division,93.29,18.8
REC-00151,10/31/2024,NE_Monsoon,10,464.92,78.3,15.23,3.58,94.2,20.7,23.1,88.6,9.93,Lower_Division,95.29,20.5
REC-00152,10/31/2024,NE_Monsoon,10,542.67,78,14.9,3.04,102.4,22.1,21.6,87.9,7.16,Upper_Division,107.63,19.83
REC-00153,10/31/2024,NE_Monsoon,10,593.51,77.4,18.05,3.59,100.7,27.3,20.7,79.9,8.94,East_Block,122.68,20.67
REC-00154,10/31/2024,NE_Monsoon,10,518.13,80.3,16.73,2.73,95.4,25.9,18.1,83.3,8.49,Upper_Division,107.21,20.69
REC-00155,10/30/2024,NE_Monsoon,10,540.44,81,16.68,2.47,100.1,24.4,18.1,78.2,8.17,Middle_Division,114.73,21.23
REC-00156,10/30/2024,NE_Monsoon,10,453.36,79.1,16.89,3.14,99.5,30.4,19.2,83.7,9.66,West_Block,91.17,20.11
REC-00157,10/30/2024,NE_Monsoon,10,705.64,79.6,15.97,2.5,95.5,27.5,17.7,80.9,5.8,Middle_Division,147.12,20.85
REC-00158,10/29/2024,NE_Monsoon,10,641.63,81.7,17.89,2.24,104.2,24.7,23.9,85.6,5.72,Middle_Division,132.57,20.66
REC-00159,10/28/2024,NE_Monsoon,10,501.75,81,16.79,2.75,101.9,29.1,20.6,81.7,6.2,Middle_Division,104.45,20.82
REC-00160,10/28/2024,NE_Monsoon,10,592.08,77.3,16.73,3.32,103.5,26.2,21.7,84.7,5.63,Middle_Division,120.8,20.4
REC-00161,10/28/2024,NE_Monsoon,10,566.9,75.2,17.65,3.13,97.7,24.4,17.3,86.9,10.2,Lower_Division,122.01,21.52
REC-00162,10/28/2024,NE_Monsoon,10,573.52,76.8,16.48,3.44,95.4,27,17.8,86.4,8.06,East_Block,120.39,20.99
REC-00163,10/28/2024,NE_Monsoon,10,547.67,74.8,15.55,3.4,89.9,21.8,22.2,78.6,10.12,West_Block,111.84,20.42
REC-00164,10/27/2024,NE_Monsoon,10,658.3,76.6,16.32,3.37,94.8,25.2,24,88.3,7.95,Upper_Division,135.02,20.51
REC-00165,10/27/2024,NE_Monsoon,10,581.82,75.9,16.96,3.33,111.4,19.6,20,87.3,8.41,Upper_Division,113.42,19.49
REC-00166,10/27/2024,NE_Monsoon,10,743.47,73.2,17.97,3.82,101.7,25.2,17.7,82.6,7.76,East_Block,150.2,20.2
REC-00167,10/27/2024,NE_Monsoon,10,555.23,74,18.54,2.69,99,22.8,20.3,78.5,5.79,Middle_Division,111.54,20.09
REC-00168,10/27/2024,NE_Monsoon,10,369.43,75.7,17.14,3.04,90.7,24.1,22.6,84.9,7.91,Middle_Division,75.03,20.31
REC-00169,10/26/2024,NE_Monsoon,10,443.65,81.2,16.4,3.05,87.2,24.9,21.9,89.9,5.75,West_Block,88.35,19.91
REC-00170,10/26/2024,NE_Monsoon,10,333.62,80.7,13.62,3.13,100.5,20.3,22.8,89.5,9.65,Upper_Division,65.46,19.62
REC-00171,10/25/2024,NE_Monsoon,10,743.47,75.8,17.35,2.87,93.5,18.5,17.8,83,9.26,Middle_Division,149.71,20.14
REC-00172,10/25/2024,NE_Monsoon,10,697.17,80.3,17.74,3.59,89.3,25.6,23.1,86.7,5.68,Lower_Division,138.54,19.87
REC-00173,10/25/2024,NE_Monsoon,10,346.35,80.2,15.03,4.34,95.6,19.1,22.1,85.8,9.79,West_Block,69.95,20.2
REC-00174,10/24/2024,NE_Monsoon,10,406.76,77.2,17.38,3.5,94.6,29.2,22.8,88.3,10.19,Lower_Division,80.27,19.73
REC-00175,10/24/2024,NE_Monsoon,10,740.28,74.4,17.17,2.51,105.4,24.2,18,88.7,6.96,Lower_Division,157.08,21.22
REC-00176,10/23/2024,NE_Monsoon,10,482.54,82.8,15.69,2.16,94,27.9,19.6,80.6,10.6,East_Block,96.69,20.04
REC-00177,10/23/2024,NE_Monsoon,10,493.14,77.7,15.98,3.27,98,23.7,17.2,82.7,5.91,East_Block,100.39,20.36
REC-00178,10/23/2024,NE_Monsoon,10,538.79,73.5,16.34,3.12,102.5,20.4,19.4,84.5,5.87,Lower_Division,118.09,21.92
REC-00179,10/22/2024,NE_Monsoon,10,626.57,76.1,16.75,2.1,95.3,22.6,17.4,82.1,6.53,East_Block,129.37,20.65
REC-00180,10/22/2024,NE_Monsoon,10,665.37,85,13.26,2.91,92.5,24.4,19.8,89.9,9.99,Lower_Division,133.91,20.13
REC-00181,10/22/2024,NE_Monsoon,10,494.16,79.4,15.84,4.32,90.5,25.8,20.7,88.4,5.74,Middle_Division,101.42,20.52
REC-00182,10/22/2024,NE_Monsoon,10,624.59,77.8,15.45,3.19,97.9,28.4,21.1,82.5,6.62,East_Block,130.67,20.92
REC-00183,10/22/2024,NE_Monsoon,10,578.86,77,12.37,4.36,96.7,28.6,22.4,84.9,10.42,Lower_Division,117.01,20.21
REC-00184,10/20/2024,NE_Monsoon,10,526.61,78.6,17.7,3.3,85,27,17.1,83.7,8.9,West_Block,105.1,19.96
REC-00185,10/19/2024,NE_Monsoon,10,433.4,79.5,13.93,2.69,102.3,27.9,19.1,78.2,9.18,West_Block,90.75,20.94
REC-00186,10/19/2024,NE_Monsoon,10,646.05,81.2,17.13,3.59,101.5,26.1,17.6,83.9,5.44,East_Block,127.95,19.8
REC-00187,10/19/2024,NE_Monsoon,10,454.91,75.5,15.54,2.05,99.1,25,22.6,86.5,5.28,West_Block,94.57,20.79
REC-00188,10/17/2024,NE_Monsoon,10,430.24,80.1,14.85,3.44,94.9,24.5,23.3,81.9,7.7,Upper_Division,85.96,19.98
REC-00189,10/17/2024,NE_Monsoon,10,713.28,81.7,14.04,2,98.9,30.4,17.5,86.2,6.37,Upper_Division,140.19,19.65
REC-00190,10/16/2024,NE_Monsoon,10,677.23,72.7,20,3.2,95.5,24.9,19,79.6,8.57,West_Block,136.46,20.15
REC-00191,10/16/2024,NE_Monsoon,10,664.61,75.7,14.45,2.57,103.6,24.2,18.9,88.1,6.78,Lower_Division,142.47,21.44
REC-00192,10/15/2024,NE_Monsoon,10,522.85,74,17.13,2.97,107.9,29.7,21.9,78.1,5.95,West_Block,106.08,20.29
REC-00193,10/15/2024,NE_Monsoon,10,475.88,76.6,15.53,3.31,104,24.6,23.7,84,7.45,West_Block,99.03,20.81
REC-00194,10/13/2024,NE_Monsoon,10,381.45,79.4,13.88,3.62,96.4,23.8,21.6,83.7,9.99,West_Block,80.32,21.06
REC-00195,10/13/2024,NE_Monsoon,10,460.96,73.9,15.37,3.64,102.1,28.2,19.8,86.6,6.13,Lower_Division,94.53,20.51
REC-00196,10/12/2024,NE_Monsoon,10,484.71,76.5,15.76,3.02,93,27.2,17.1,82.5,6.91,Lower_Division,102.04,21.05
REC-00197,10/12/2024,NE_Monsoon,10,250,77.2,15.71,4.21,101.9,24.9,23.7,84.2,8.84,Upper_Division,51.59,20.63
REC-00198,10/11/2024,NE_Monsoon,10,564.49,75.8,18.32,2.88,99,27.9,20.6,82.2,7.11,East_Block,118.68,21.02
REC-00199,10/11/2024,NE_Monsoon,10,630.43,77.5,17.02,2,93.3,23.8,18.6,81,7.74,Upper_Division,124.26,19.71
REC-00200,10/11/2024,NE_Monsoon,10,398.78,79.7,15.08,2.81,96.4,28.8,21,79.8,9.6,Lower_Division,83.34,20.9
REC-00201,10/11/2024,NE_Monsoon,10,409.6,72.5,17.27,3.32,96.8,24.2,23.2,86.5,5.35,Lower_Division,84.71,20.68
REC-00202,10/10/2024,NE_Monsoon,10,554.54,78.7,16.88,3,89.9,23.4,18.9,87.7,7.6,Lower_Division,110.9,20
REC-00203,10/10/2024,NE_Monsoon,10,379.13,79.4,15.6,2.79,100.9,20.2,20.1,85.1,5.41,Lower_Division,81.01,21.37
REC-00204,10/9/2024,NE_Monsoon,10,615.84,74.3,15.13,3.01,100.9,24.7,22,81,8.63,Lower_Division,130.19,21.14
REC-00205,10/9/2024,NE_Monsoon,10,728.09,79.8,16.53,2.84,98,21.2,19.3,88.2,9.13,Lower_Division,154.37,21.2
REC-00206,10/9/2024,NE_Monsoon,10,547.63,73.3,15.27,2.6,99.7,22.7,23.4,89.9,5.25,Middle_Division,113.98,20.81
REC-00207,10/8/2024,NE_Monsoon,10,720.35,80.4,15.1,2.07,103,22.9,20.9,82.3,8.72,Middle_Division,145.45,20.19
REC-00208,10/8/2024,NE_Monsoon,10,366.85,84,16.05,3.11,97.1,20.4,21.1,84.2,9.3,West_Block,73.49,20.03
REC-00209,10/8/2024,NE_Monsoon,10,527.31,78,17.38,2.94,105.6,20.6,21.1,80.2,6.88,Middle_Division,106.4,20.18
REC-00210,10/7/2024,NE_Monsoon,10,701.88,80.2,15.45,2.76,102.8,28.1,21.6,79.8,9.96,Upper_Division,136.88,19.5
REC-00211,10/7/2024,NE_Monsoon,10,489.5,78.1,15.88,3.17,95.6,23,23.8,80.7,6.72,West_Block,102.51,20.94
REC-00212,10/7/2024,NE_Monsoon,10,696.08,74.4,17.23,2.87,103.7,21.8,22,87.8,6.03,East_Block,143.98,20.68
REC-00213,10/5/2024,NE_Monsoon,10,478.19,76.3,16.34,3.9,99.9,26.4,21.1,89.4,5.24,Lower_Division,102.17,21.37
REC-00214,10/5/2024,NE_Monsoon,10,676.23,85,14.5,2.81,99.3,31,19.6,89.2,9.69,Middle_Division,135.18,19.99
REC-00215,10/5/2024,NE_Monsoon,10,577.61,76.1,16.75,3.33,100.1,27.5,18.4,82.1,6.9,Upper_Division,122.87,21.27
REC-00216,10/5/2024,NE_Monsoon,10,626.03,76.4,16.13,2,97.6,26.4,22.1,82.6,5.14,East_Block,125.05,19.98
REC-00217,10/4/2024,NE_Monsoon,10,656.85,76,16.86,3.25,98.2,25,22,88.4,6.02,Lower_Division,143.59,21.86
REC-00218,10/4/2024,NE_Monsoon,10,430.43,80.4,15.58,2.44,92.9,26.1,22.6,81,8.54,Lower_Division,88.91,20.65
REC-00219,10/3/2024,NE_Monsoon,10,429.7,75.4,14.35,3.62,90.4,28.7,19.8,78.8,9.44,East_Block,82.19,19.13
REC-00220,10/3/2024,NE_Monsoon,10,531.29,82.3,15.18,3.08,100.5,28.4,18.4,83,9.26,East_Block,108.13,20.35
REC-00221,10/2/2024,NE_Monsoon,10,489.15,76.2,13.5,2.34,98.4,29.5,21.9,83.1,6.96,East_Block,95.42,19.51
REC-00222,10/2/2024,NE_Monsoon,10,340.31,79.2,15.81,3.47,91.6,25.3,17.5,78.9,10.39,Upper_Division,70.43,20.7
REC-00223,10/2/2024,NE_Monsoon,10,729.83,80.8,17.87,3.59,103.1,20.3,18.9,85.2,9.91,West_Block,146.07,20.01
REC-00224,10/2/2024,NE_Monsoon,10,749.72,77.2,17.09,2.57,106.5,25.1,18.8,83.4,10.43,West_Block,159.82,21.32
REC-00225,10/1/2024,NE_Monsoon,10,547.17,80.5,15.74,3.11,96.2,24.6,18.8,83.2,9.1,Middle_Division,114.92,21
REC-00226,10/1/2024,NE_Monsoon,10,738.19,79.7,17.94,3.4,93.1,26.1,17.1,81,6.21,Lower_Division,154.08,20.87
REC-00227,10/1/2024,NE_Monsoon,10,631.85,79.4,18.23,2.71,99.2,26.5,23.5,84.5,6.13,Middle_Division,134.67,21.31
REC-00228,10/1/2024,NE_Monsoon,10,458.41,85,16.06,3.34,97,28.2,18.9,82.4,10.07,West_Block,97.57,21.28
REC-00229,9/30/2024,Quality_Season,9,806.97,71.9,14.87,3.42,92.9,20.2,20.5,84.2,2.88,East_Block,148.45,18.4
REC-00230,9/30/2024,Quality_Season,9,553.05,82.3,13.12,2.99,94.6,23.5,20.6,75.4,3.2,Lower_Division,109.58,19.81
REC-00231,9/30/2024,Quality_Season,9,566.29,74.6,16.25,2.65,99.6,22,17.7,78.7,4.45,West_Block,108.67,19.19
REC-00232,9/30/2024,Quality_Season,9,607.82,79,16.82,3.27,96.7,24.6,18.5,78.6,5.8,Lower_Division,127.77,21.02
REC-00233,9/30/2024,Quality_Season,9,381.92,78.5,16.02,3.21,102.2,25.5,21.2,77.7,4.7,Middle_Division,77.59,20.32
REC-00234,9/29/2024,Quality_Season,9,616.66,80.8,14.62,2.79,96.5,27.9,19.6,74.1,2.95,West_Block,119.99,19.46
REC-00235,9/29/2024,Quality_Season,9,523.96,76.3,15.54,4.21,100.2,20.9,17.5,84.5,4.72,Middle_Division,97.16,18.54
REC-00236,9/29/2024,Quality_Season,9,711,74.1,12.5,3.54,103.3,25,18.9,83.3,4.77,Lower_Division,133.65,18.8
REC-00237,9/28/2024,Quality_Season,9,438.95,80,16.38,2.55,96,22,18.7,83.6,3.35,Upper_Division,82.28,18.74
REC-00238,9/28/2024,Quality_Season,9,544.52,80.5,14.85,4.01,102.8,21.7,16.1,81.4,4.45,East_Block,103.08,18.93
REC-00239,9/28/2024,Quality_Season,9,299.7,77.1,15.72,2.88,105.2,26,22.2,78.1,2.92,Middle_Division,59.34,19.8
REC-00240,9/28/2024,Quality_Season,9,609.54,76,16.07,3.1,95.2,24.4,21.6,77.6,5.99,Lower_Division,121.79,19.98
REC-00241,9/27/2024,Quality_Season,9,473.76,71.4,14.22,2.69,97.1,23.2,21.1,80.5,5.03,West_Block,93.28,19.69
REC-00242,9/27/2024,Quality_Season,9,525.82,78.2,15.99,3.3,101.3,22.8,21.4,79.6,5.27,Middle_Division,107.98,20.54
REC-00243,9/27/2024,Quality_Season,9,412.69,79.6,16.09,3.54,105.6,22.8,17.4,83.6,5.17,Lower_Division,83.75,20.29
REC-00244,9/27/2024,Quality_Season,9,644.1,74.3,16.47,3.93,103.5,24.7,21,75.5,3.34,Upper_Division,119.98,18.63
REC-00245,9/27/2024,Quality_Season,9,505.54,82.6,13.89,3.01,102.5,22.3,21.8,80.6,5.32,Middle_Division,97.42,19.27
REC-00246,9/27/2024,Quality_Season,9,570.62,75.2,16.83,2.41,93.5,26.8,17.5,79.7,3.55,Lower_Division,114.99,20.15
REC-00247,9/27/2024,Quality_Season,9,466.39,72.1,16.87,3.13,95.3,22,16.2,75.4,2.78,Middle_Division,90.94,19.5
REC-00248,9/27/2024,Quality_Season,9,485.44,77.1,16.1,2.38,103.8,27,23,82.7,5.48,Lower_Division,98.51,20.29
REC-00249,9/26/2024,Quality_Season,9,640.81,77.6,16.92,2.49,96.8,24.9,21.5,79.4,3.71,East_Block,122.73,19.15
REC-00250,9/26/2024,Quality_Season,9,710.19,79,16.94,3.54,108.1,27.9,20.1,79.6,5.97,Lower_Division,146.4,20.61
REC-00251,9/26/2024,Quality_Season,9,387.52,79.7,15.17,3.35,98.8,24.4,19.7,74.8,5.99,Lower_Division,81.45,21.02
REC-00252,9/25/2024,Quality_Season,9,478.92,82.4,16.19,3.98,95.5,21.8,22.6,74.2,4.33,Lower_Division,96.32,20.11
REC-00253,9/25/2024,Quality_Season,9,392.6,79.1,17.3,3.2,92.9,21.4,20.9,77.9,4.89,West_Block,78.54,20.01
REC-00254,9/25/2024,Quality_Season,9,599.78,77.1,16.69,3.02,100.8,18,17.1,79.4,3.59,Lower_Division,122.35,20.4
REC-00255,9/24/2024,Quality_Season,9,341.31,78.8,17.67,2.6,97.3,27.8,22.2,80.6,3.37,East_Block,67.66,19.82
REC-00256,9/24/2024,Quality_Season,9,442.53,77.6,17.49,3.14,98.4,28.6,16.4,76.4,2.89,Upper_Division,85.64,19.35
REC-00257,9/23/2024,Quality_Season,9,470.05,77.3,15.73,2.67,94.5,19.8,16.7,74.2,3.16,East_Block,88.28,18.78
REC-00258,9/22/2024,Quality_Season,9,476.48,76.3,17.58,2.49,94.2,23.9,18.5,80.8,2.88,Upper_Division,87.96,18.46
REC-00259,9/22/2024,Quality_Season,9,546.23,78.9,14.73,3.29,89.1,23.9,20.1,78.6,3.15,West_Block,104.27,19.09
REC-00260,9/21/2024,Quality_Season,9,540.33,76.1,14.75,3.46,95.3,24.6,19.2,81.4,4.58,West_Block,109.94,20.35
REC-00261,9/21/2024,Quality_Season,9,597.26,73.8,13.11,2.86,102.2,24.9,21.2,78.4,4.28,West_Block,121.42,20.33
REC-00262,9/21/2024,Quality_Season,9,345.54,77.1,14.61,3.78,96.6,24.3,22.7,74.3,4.56,Upper_Division,68.73,19.89
REC-00263,9/20/2024,Quality_Season,9,585.47,74.7,13.73,3.74,92.2,25.7,17.3,75.6,3.4,East_Block,110.81,18.93
REC-00264,9/19/2024,Quality_Season,9,558.1,81.6,16.67,2.82,93,23.4,16.6,79.2,5.48,Middle_Division,111.03,19.89
REC-00265,9/19/2024,Quality_Season,9,468.11,79.1,14.98,2.82,100.7,25.9,20.4,81.8,3.17,West_Block,92.64,19.79
REC-00266,9/18/2024,Quality_Season,9,649.5,80.7,15.96,2.67,94.3,24.8,19.3,81.9,3.18,Upper_Division,129.62,19.96
REC-00267,9/18/2024,Quality_Season,9,690.6,78.7,15.45,2.7,92.4,32.2,22.4,78.6,4.34,East_Block,132.7,19.22
REC-00268,9/17/2024,Quality_Season,9,693.96,75.3,15.67,2.22,96.5,25.7,18,74.3,3.93,West_Block,137.23,19.77
REC-00269,9/16/2024,Quality_Season,9,485.76,83.5,16.54,2.63,101.8,27.1,22.5,77,2.89,Lower_Division,101.15,20.82
REC-00270,9/16/2024,Quality_Season,9,465.67,73.6,14.19,3.25,99,27.1,20.7,76.1,5.49,East_Block,92.47,19.86
REC-00271,9/16/2024,Quality_Season,9,434.48,74.2,14.53,3.5,103.2,21.7,16.6,77.8,3.54,Upper_Division,80.82,18.6
REC-00272,9/15/2024,Quality_Season,9,418.55,78,16.45,2.97,100.4,20.1,19.3,80.6,5.17,Middle_Division,84.11,20.1
REC-00273,9/15/2024,Quality_Season,9,436.13,74.7,18.62,3.47,96.8,28.4,17.9,74.5,3.28,Middle_Division,86.09,19.74
REC-00274,9/14/2024,Quality_Season,9,592.3,77.8,15.14,2.09,99.4,19.3,20.2,77.6,3.21,Middle_Division,114.3,19.3
REC-00275,9/14/2024,Quality_Season,9,516.72,80.4,17.07,3.43,104.3,30.7,22.3,77.2,3.76,Lower_Division,102.92,19.92
REC-00276,9/14/2024,Quality_Season,9,571.27,76,14.63,2.49,97.5,25.4,21.2,72.4,4.86,East_Block,106.48,18.64
REC-00277,9/14/2024,Quality_Season,9,542.08,77.1,16.68,2.78,97.3,25.4,19.2,74.9,4.71,West_Block,111.17,20.51
REC-00278,9/13/2024,Quality_Season,9,679.92,73.8,15.29,2.95,104.6,21.1,21.6,76.3,3.36,East_Block,132.14,19.44
REC-00279,9/12/2024,Quality_Season,9,698.06,79.4,15.9,2.72,91.5,26.5,18.7,78,3.68,Middle_Division,141,20.2
REC-00280,9/12/2024,Quality_Season,9,546.78,78.2,15.23,2.43,96.4,25.5,19.9,81.3,2.89,Lower_Division,108.28,19.8
REC-00281,9/11/2024,Quality_Season,9,623.23,71.9,16.24,2.71,99.1,27.1,18.8,82.8,5.38,Middle_Division,119.3,19.14
REC-00282,9/11/2024,Quality_Season,9,494.17,81.9,15.57,2.47,89.1,28.5,16.5,77.1,3.27,Upper_Division,88.49,17.91
REC-00283,9/10/2024,Quality_Season,9,538.79,78.1,15.21,2.24,99.6,30.3,22.7,74.9,5.62,East_Block,106.83,19.83
REC-00284,9/10/2024,Quality_Season,9,725.73,76.5,15.16,3.99,99.8,29.9,21.8,73.9,5.44,Lower_Division,147.22,20.29
REC-00285,9/10/2024,Quality_Season,9,313.95,81.7,14.32,2.91,99.5,24.8,19.6,76,4.58,Middle_Division,61.75,19.67
REC-00286,9/9/2024,Quality_Season,9,446.33,79.7,17.92,3.52,100.9,24.6,21.5,75.5,5.97,Lower_Division,91.66,20.54
REC-00287,9/9/2024,Quality_Season,9,462.45,72.4,16.54,2.35,100.9,26.4,18.9,74.1,3.24,Upper_Division,90.95,19.67
REC-00288,9/9/2024,Quality_Season,9,449.14,76.5,15.66,2.43,99.7,23.9,22.1,84,4.07,Upper_Division,83.65,18.62
REC-00289,9/8/2024,Quality_Season,9,558.72,82.5,15.38,2.96,97.8,19.8,22.8,79.1,3.58,East_Block,106.95,19.14
REC-00290,9/8/2024,Quality_Season,9,520.99,77.2,17.17,2.68,98.3,28.6,21.6,74.9,3.42,Lower_Division,100.21,19.23
REC-00291,9/7/2024,Quality_Season,9,631.28,76,14.84,2.99,94.7,19.2,18.8,78.9,3.2,Middle_Division,120.17,19.04
REC-00292,9/7/2024,Quality_Season,9,494.91,78.5,14.96,2.42,89.2,23.8,16.2,77.1,4.99,Middle_Division,88.88,17.96
REC-00293,9/6/2024,Quality_Season,9,429.73,79.5,14.87,2.27,95.5,27.9,20.7,82.7,3.99,West_Block,82.99,19.31
REC-00294,9/6/2024,Quality_Season,9,406.39,80.1,17.34,3.45,107.1,23.8,19.3,80.1,4.04,Middle_Division,80.29,19.76
REC-00295,9/6/2024,Quality_Season,9,661.37,75.8,16.81,3.73,99.5,27,17.8,83.3,3.01,East_Block,132.14,19.98
REC-00296,9/5/2024,Quality_Season,9,692.02,83.3,14.23,3.83,105.6,27.2,19,75.6,5.23,Upper_Division,126.94,18.34
REC-00297,9/5/2024,Quality_Season,9,453.01,71.7,17.06,3.54,99.6,24.1,22.5,76.3,4.22,Middle_Division,84.75,18.71
REC-00298,9/5/2024,Quality_Season,9,559.11,75.4,15.59,3.72,87,23.4,20.6,84.5,2.83,West_Block,106.92,19.12
REC-00299,9/5/2024,Quality_Season,9,551.5,80.3,20,2.17,103.3,24.5,17,81.3,3.64,East_Block,106.85,19.37
REC-00300,9/4/2024,Quality_Season,9,563.35,78.8,16.23,3.59,103.8,24.7,16,75.5,3.39,East_Block,113.52,20.15
REC-00301,9/3/2024,Quality_Season,9,521.43,83.8,16.07,2.55,103.9,27,18.4,73.7,2.98,East_Block,100.7,19.31
REC-00302,9/2/2024,Quality_Season,9,734.22,75.7,15.01,2.81,99.4,21.1,16.1,79,5.5,East_Block,145.04,19.75
REC-00303,9/2/2024,Quality_Season,9,446.6,82.5,16.05,2,102.4,20.3,17.7,73.2,3.72,East_Block,84.88,19.01
REC-00304,9/1/2024,Quality_Season,9,678.28,73.1,16.14,2.72,103.1,22.5,20.7,80.9,3.72,East_Block,135.61,19.99
REC-00305,9/1/2024,Quality_Season,9,575.99,79.1,14.46,3.55,103.3,26.6,19.5,81.5,4.73,Upper_Division,113.58,19.72
REC-00306,9/1/2024,Quality_Season,9,506.62,85,16.62,2.97,93.1,28.4,16.6,72.7,3.02,Upper_Division,91.05,17.97
REC-00307,8/31/2024,Quality_Season,8,682.47,80.5,16.71,3,95.1,21.7,18.2,80,5.66,Lower_Division,138.5,20.29
REC-00308,8/30/2024,Quality_Season,8,453.74,75.2,18.05,2.74,108.8,26.8,19.9,76.7,5.7,Lower_Division,88.8,19.57
REC-00309,8/30/2024,Quality_Season,8,434.24,77.6,18.44,2.86,106,27,17.8,73.6,4.62,West_Block,85.55,19.7
REC-00310,8/30/2024,SW_Monsoon,8,399.92,77.3,16.03,2,94.6,22.2,23.2,83,8.6,Upper_Division,86.93,21.74
REC-00311,8/30/2024,Quality_Season,8,570.7,82.5,16.77,4.22,95.3,19.6,18.4,73.6,3.97,Middle_Division,109.94,19.26
REC-00312,8/30/2024,SW_Monsoon,8,809.81,76.3,17.79,3.11,103.1,28.3,20.8,79,9.5,Lower_Division,173.47,21.42
REC-00313,8/29/2024,SW_Monsoon,8,541.12,82.5,15.89,3.99,91.1,26.5,22.8,79,9.05,Upper_Division,113.73,21.02
REC-00314,8/29/2024,SW_Monsoon,8,573.46,78.4,15.85,3.22,85.3,27,21.7,83.8,10.72,West_Block,123.91,21.61
REC-00315,8/29/2024,SW_Monsoon,8,529.01,76.2,14.4,2.37,105.6,25.4,23.3,82.6,7.75,Upper_Division,109.49,20.7
REC-00316,8/29/2024,Quality_Season,8,336.88,81.3,17.6,3.13,104.9,26.3,21.5,79.8,4.05,Lower_Division,71.69,21.28
REC-00317,8/29/2024,Quality_Season,8,618.85,76.2,14.09,2.36,99.5,25.4,21.3,78.8,3.42,East_Block,119.13,19.25
REC-00318,8/28/2024,Quality_Season,8,503.48,76.3,15.38,2.76,91.7,24.6,19.6,78.3,3.94,West_Block,101.15,20.09
REC-00319,8/28/2024,Quality_Season,8,753.49,74,18.85,3.08,103.1,25.5,20.5,72.6,5.82,East_Block,146.76,19.48
REC-00320,8/27/2024,Quality_Season,8,539.03,74.1,15.88,3.03,92.7,22.8,22.9,80.9,5.83,Middle_Division,106.82,19.82
REC-00321,8/27/2024,SW_Monsoon,8,688.43,77.8,18.08,2.85,85,23.9,19.3,80.1,7.16,East_Block,148.92,21.63
REC-00322,8/27/2024,SW_Monsoon,8,439.05,76.4,13.6,2.84,96.9,26.5,21.7,84.6,9.04,Middle_Division,96.09,21.89
REC-00323,8/26/2024,SW_Monsoon,8,691.68,73.9,15.06,3.02,98.3,23.5,19.9,89.7,7.57,East_Block,150.15,21.71
REC-00324,8/26/2024,SW_Monsoon,8,483.51,78.8,18.4,3.6,99.4,26,17.4,86.3,7.37,Middle_Division,99.45,20.57
REC-00325,8/26/2024,Quality_Season,8,568.87,77.1,16.01,3.2,93.9,22,17.1,84.3,5.6,Middle_Division,114.1,20.06
REC-00326,8/26/2024,SW_Monsoon,8,250,78.8,15.22,3.57,89.3,21.5,20.3,84.6,9.52,Upper_Division,50.44,20.17
REC-00327,8/25/2024,Quality_Season,8,544.12,74.8,15.76,3.17,105.3,27.6,20,82.4,5.12,Middle_Division,104.67,19.24
REC-00328,8/25/2024,SW_Monsoon,8,486.23,77.9,13.65,3.17,110.6,19.5,22.1,78.3,9.59,Upper_Division,98.04,20.16
REC-00329,8/25/2024,SW_Monsoon,8,577.93,78.2,14.86,2,104,27.9,18.4,78.3,10.97,Lower_Division,129.18,22.35
REC-00330,8/25/2024,Quality_Season,8,514.3,78.9,17.97,3.16,99,21.2,17.9,74.6,3.49,West_Block,105.89,20.59
REC-00331,8/24/2024,SW_Monsoon,8,780.44,75.2,14.17,3.04,91.5,22.9,19.8,87.7,6.74,Upper_Division,165.66,21.23
REC-00332,8/24/2024,Quality_Season,8,778.4,76.9,17.13,3.24,99,26.9,16.3,75,5.66,Upper_Division,149.82,19.25
REC-00333,8/24/2024,SW_Monsoon,8,550.02,80.4,17.73,2.43,101.8,27.4,19.2,82.9,7.72,Upper_Division,116.22,21.13
REC-00334,8/24/2024,SW_Monsoon,8,670.53,79.3,14.95,3.38,103.3,24.7,17.9,86.1,10.31,East_Block,147.91,22.06
REC-00335,8/23/2024,SW_Monsoon,8,467.53,73.7,13.33,3.65,101.8,23.5,18.9,80.4,10.58,Lower_Division,105.54,22.57
REC-00336,8/23/2024,SW_Monsoon,8,369.02,76.6,14.26,2.99,94.4,24.1,19.2,87.7,11.04,Middle_Division,81.65,22.13
REC-00337,8/23/2024,SW_Monsoon,8,603.37,71.7,14.76,3.07,99.8,25,21.5,84.1,7.27,Upper_Division,127.48,21.13
REC-00338,8/22/2024,SW_Monsoon,8,693.13,79,14.11,3.37,101,24.6,23,79.6,10.19,Upper_Division,148.51,21.43
REC-00339,8/22/2024,Quality_Season,8,542.24,77.7,16.11,3.04,97.2,28.6,18.7,74.2,5.45,Lower_Division,107.22,19.77
REC-00340,8/22/2024,Quality_Season,8,560.93,79.1,18.71,2.57,109.5,26.1,21,73.4,5.46,Middle_Division,112.05,19.98
REC-00341,8/21/2024,SW_Monsoon,8,481.39,82.4,16.5,3.47,96.9,28.2,18.9,81,11.38,Upper_Division,105.2,21.85
REC-00342,8/20/2024,Quality_Season,8,427.29,78.7,15.55,3.01,96.7,24.8,18.5,76.5,4.4,West_Block,88.85,20.79
REC-00343,8/20/2024,SW_Monsoon,8,900,83.1,19.46,2.91,97.5,28,19.9,83.1,10.59,Upper_Division,188.89,20.99
REC-00344,8/19/2024,Quality_Season,8,430.55,83,18.74,2.17,96.6,25.3,18.2,79.7,5.99,East_Block,81.97,19.04
REC-00345,8/19/2024,SW_Monsoon,8,380.91,77.1,15.39,3.24,101.4,25.4,23.5,83.2,7.26,Middle_Division,81.3,21.34
REC-00346,8/18/2024,Quality_Season,8,721.46,76.7,13.79,2.71,99.6,28.8,18.4,77.8,4.92,West_Block,142.93,19.81
REC-00347,8/17/2024,Quality_Season,8,588.65,78.1,15.98,2.59,102.1,25.7,22,73.3,5.02,Lower_Division,118.35,20.11
REC-00348,8/17/2024,Quality_Season,8,486.95,74,17.54,2.47,94.1,25.7,18,77.4,3.92,Lower_Division,91.11,18.71
REC-00349,8/17/2024,SW_Monsoon,8,531.96,76.3,15.51,2.48,92.1,26.4,17.9,85.6,7.29,West_Block,114.73,21.57
REC-00350,8/17/2024,SW_Monsoon,8,620.34,77,15.38,3.13,96.8,25,22.4,89.2,11.21,Middle_Division,137.72,22.2
REC-00351,8/16/2024,Quality_Season,8,447.74,75.4,13.81,3.47,86.8,26.5,17.2,76,4.34,East_Block,86.69,19.36
REC-00352,8/16/2024,SW_Monsoon,8,569.61,77.7,14.21,2.89,94.3,23.5,18.9,89.5,11.43,Upper_Division,119.97,21.06
REC-00353,8/15/2024,SW_Monsoon,8,502.01,81.5,16.4,2.98,98.9,23,21.4,80.3,7.4,Upper_Division,109.25,21.76
REC-00354,8/15/2024,Quality_Season,8,400.07,74.7,14.34,2.3,104.6,25.9,21.7,77,3.11,West_Block,75.81,18.95
REC-00355,8/15/2024,Quality_Season,8,692,79.6,18.51,2.51,105,23.5,19.3,82.4,3.27,Middle_Division,138.8,20.06
REC-00356,8/14/2024,Quality_Season,8,506.14,77.4,15.77,2.3,101,22.8,17,75.9,2.97,West_Block,98.56,19.47
REC-00357,8/14/2024,SW_Monsoon,8,606.75,78.4,15.68,3.33,94,28,20.9,84.4,7.64,Upper_Division,126.69,20.88
REC-00358,8/14/2024,Quality_Season,8,709.12,82.5,15.02,3.19,97.3,26.9,22.2,72.6,3.52,Middle_Division,137.42,19.38
REC-00359,8/13/2024,SW_Monsoon,8,586.2,79.6,16.26,2.08,93.5,24.8,20.4,82.2,11.21,Lower_Division,131.76,22.48
REC-00360,8/13/2024,SW_Monsoon,8,454.01,80.1,13.14,2.8,103,29.2,22.6,88.1,8.64,Upper_Division,97.23,21.42
REC-00361,8/13/2024,SW_Monsoon,8,743.77,75.8,15.52,3.66,91,26.8,20.8,80.4,8.13,Middle_Division,154.86,20.82
REC-00362,8/13/2024,Quality_Season,8,539.51,78.7,16.82,3.47,97.7,30.6,17.8,77.8,3.08,Lower_Division,110.79,20.54
REC-00363,8/13/2024,SW_Monsoon,8,571.78,80,17.82,3.24,94.4,29.6,22.4,89.7,9.53,Lower_Division,122.83,21.48
REC-00364,8/11/2024,SW_Monsoon,8,595.5,80.7,17.85,2.7,86,23.8,23.1,79.1,10.55,Upper_Division,122.63,20.59
REC-00365,8/11/2024,SW_Monsoon,8,611.84,76.2,14.75,4.09,100.9,23.3,17.3,81.9,9.47,Upper_Division,127.7,20.87
REC-00366,8/11/2024,SW_Monsoon,8,555.92,72.3,17.15,2.7,99.8,25.9,21,85.2,7.5,Middle_Division,121.3,21.82
REC-00367,8/11/2024,Quality_Season,8,592.68,74.9,16.29,3.25,105.2,26.7,20.4,79.8,4.3,Middle_Division,116.46,19.65
REC-00368,8/11/2024,SW_Monsoon,8,616.38,76.6,15.18,3.96,94.1,19.9,20.9,82.2,11.33,East_Block,126.06,20.45
REC-00369,8/10/2024,Quality_Season,8,300.66,77.9,15.52,3.82,99.8,22.4,22.8,78.7,4.71,Lower_Division,60.13,20
REC-00370,8/9/2024,Quality_Season,8,458.75,78.1,15.81,2.64,95,29.7,16.4,79.5,3.06,Upper_Division,88.85,19.37
REC-00371,8/9/2024,SW_Monsoon,8,487.5,83.5,13.63,2.97,95.2,30.1,19.3,81.8,7.2,Lower_Division,105.01,21.54
REC-00372,8/9/2024,SW_Monsoon,8,583.66,84.4,17.52,2.47,103,22.8,20.4,87.1,8.08,East_Block,123.22,21.11
REC-00373,8/9/2024,SW_Monsoon,8,661.22,81.4,19.31,2.61,91.8,25.6,20.6,79.2,6.75,East_Block,141.26,21.36
REC-00374,8/9/2024,SW_Monsoon,8,578.24,75,15.19,3.06,101.5,25.7,22.4,82.9,11.07,East_Block,130.19,22.51
REC-00375,8/8/2024,Quality_Season,8,435.89,78.9,16.48,2.5,94.8,25.6,20.7,75.9,3.28,East_Block,83.7,19.2
REC-00376,8/8/2024,Quality_Season,8,496.49,77.1,16.17,2.82,88,23.8,17.4,82,4.09,Middle_Division,95.11,19.16
REC-00377,8/7/2024,SW_Monsoon,8,542.95,75.4,15.24,3.04,98.3,25.2,23.4,82.7,10.81,Upper_Division,118.03,21.74
REC-00378,8/7/2024,Quality_Season,8,536.38,76.2,16.33,3.62,92.8,26.8,21.2,72.8,3.96,Middle_Division,106.61,19.87
REC-00379,8/7/2024,SW_Monsoon,8,542.48,78.7,16.36,2.85,104.8,24.4,23.6,80.6,8.3,West_Block,120.67,22.24
REC-00380,8/6/2024,SW_Monsoon,8,419.89,77,19.18,2.58,101.7,24.6,20.3,80,8.44,West_Block,89.64,21.35
REC-00381,8/6/2024,Quality_Season,8,664.93,83.4,16.31,3.15,92.5,22.4,20.9,77.3,4.35,Middle_Division,130.91,19.69
REC-00382,8/4/2024,Quality_Season,8,536.7,78,15.42,2.97,99.7,27.7,21,79.6,5.33,Lower_Division,111.15,20.71
REC-00383,8/4/2024,Quality_Season,8,267.12,82,15.23,2.62,97.8,18.4,22.1,74.7,5.42,Middle_Division,51.69,19.35
REC-00384,8/4/2024,SW_Monsoon,8,551.54,80.4,16.72,2.87,88.8,23.7,18.3,79.5,8.16,East_Block,115.94,21.02
REC-00385,8/3/2024,SW_Monsoon,8,478.32,77.8,15.27,3.23,97.1,21,23.2,83.5,10.22,East_Block,105.61,22.08
REC-00386,8/3/2024,SW_Monsoon,8,448.44,75.9,15.12,2.76,99.8,32,20,78.3,10.58,Upper_Division,97.3,21.7
REC-00387,8/3/2024,SW_Monsoon,8,345.03,80.2,19.96,3.45,96.7,24.1,21.3,89.1,11.48,Lower_Division,71.93,20.85
REC-00388,8/2/2024,SW_Monsoon,8,579.24,76.1,14.36,2.51,93.2,25.3,17.6,79.9,8.86,West_Block,124.15,21.43
REC-00389,8/1/2024,Quality_Season,8,530.84,78.1,16.65,3.42,98.7,24,17.8,77.8,4.98,West_Block,108.44,20.43
REC-00390,7/31/2024,Quality_Season,7,262.97,79.6,17.27,3,103.9,20.9,19.8,81,4.38,Middle_Division,50.29,19.12
REC-00391,7/30/2024,Quality_Season,7,476.7,77,16.76,2.22,92.1,29.3,19.4,82.3,4.59,Lower_Division,91.58,19.21
REC-00392,7/30/2024,Quality_Season,7,553.03,77.8,13.69,3.08,109,26.5,20,83.2,3.13,West_Block,113.71,20.56
REC-00393,7/30/2024,SW_Monsoon,7,459.14,79.6,15.64,2,93.5,23.9,23.8,89.5,7.9,Middle_Division,94.17,20.51
REC-00394,7/30/2024,SW_Monsoon,7,784.1,74.3,16.41,3.47,93.5,20.3,19.2,83.9,8.27,East_Block,160.33,20.45
REC-00395,7/30/2024,SW_Monsoon,7,584.76,82.6,16.07,3.39,92.4,27.3,17.6,86.1,6.99,West_Block,126.22,21.58
REC-00396,7/29/2024,Quality_Season,7,533.31,74.6,17.81,2.78,96.3,23.3,20.3,79.1,3.09,West_Block,104.11,19.52
REC-00397,7/29/2024,SW_Monsoon,7,747.97,77.8,14.92,2.71,91.8,25.9,23.7,87.6,7.87,Middle_Division,159.74,21.36
REC-00398,7/28/2024,Quality_Season,7,609.36,81.4,16.58,2.8,103,21.6,16.4,81.1,2.7,East_Block,114.36,18.77
REC-00399,7/28/2024,Quality_Season,7,675.6,72.6,17.14,3.47,95.1,23.6,21.1,81,5.96,Middle_Division,136.13,20.15
REC-00400,7/28/2024,SW_Monsoon,7,600.65,72.6,18.34,2.9,89.2,27.6,23.2,84.8,9.83,East_Block,119.61,19.91
REC-00401,7/27/2024,SW_Monsoon,7,552.09,77.7,13.98,2.42,93.8,21.7,23.5,88.4,10.2,Lower_Division,119.96,21.73
REC-00402,7/27/2024,Quality_Season,7,586.89,84.3,14.76,3.14,104,23.2,19.7,72.4,4.8,Upper_Division,106.76,18.19
REC-00403,7/27/2024,Quality_Season,7,418.95,84.1,16.2,3.5,101.2,18,16.7,80.4,5.56,West_Block,82.74,19.75
REC-00404,7/27/2024,Quality_Season,7,501.25,79.1,15.07,3.29,97.3,28.4,21,73.5,5.12,East_Block,100.02,19.95
REC-00405,7/27/2024,Quality_Season,7,441.92,81.2,14.55,3.54,102.7,26.5,20.5,73.7,4.83,Upper_Division,83.54,18.9
REC-00406,7/26/2024,SW_Monsoon,7,536.17,77.8,15.42,3.27,102.4,23,20,83.6,11.31,West_Block,119.04,22.2
REC-00407,7/26/2024,SW_Monsoon,7,460.36,77,16.07,2.97,99.2,18.4,21.8,85.9,10.24,East_Block,99.28,21.57
REC-00408,7/25/2024,SW_Monsoon,7,592.04,71.3,14.73,3.05,95.6,19.7,17.5,86,10.77,Upper_Division,126.13,21.3
REC-00409,7/24/2024,Quality_Season,7,509.13,80,16.75,2.32,99.1,26.7,16.3,83,4.13,Upper_Division,97.85,19.22
REC-00410,7/24/2024,SW_Monsoon,7,574.05,76.5,15.52,2.36,99.7,23.5,17.4,85.1,10.87,East_Block,128.72,22.42
REC-00411,7/24/2024,SW_Monsoon,7,411.15,83.5,14,2.22,101.3,28.6,22.2,86.1,7.7,West_Block,86.51,21.04
REC-00412,7/24/2024,SW_Monsoon,7,562.89,79.6,16.58,3.16,104.4,28.9,21.9,88,6.95,Upper_Division,122.03,21.68
REC-00413,7/24/2024,Quality_Season,7,657.83,76.6,13.95,3.1,97.6,25.2,17.2,81.3,3.25,West_Block,134.15,20.39
REC-00414,7/23/2024,Quality_Season,7,494.7,80,15.44,3,106.1,21.3,17.1,80.9,4.65,West_Block,95.03,19.21
REC-00415,7/23/2024,Quality_Season,7,577.5,72.1,15.93,2.48,92.8,27.6,17.8,83.9,3.55,East_Block,111.15,19.25
REC-00416,7/23/2024,Quality_Season,7,544.1,76.2,16.73,3.08,99.9,22.2,18.1,73.2,3.15,Lower_Division,111.97,20.58
REC-00417,7/23/2024,Quality_Season,7,499.91,81.2,16.52,3.17,93.5,23.5,20.6,79,4.92,Middle_Division,95.96,19.2
REC-00418,7/23/2024,Quality_Season,7,543.63,75.4,15.17,3.08,102.7,26.5,20.7,84.7,5.95,Lower_Division,110.4,20.31
REC-00419,7/22/2024,Quality_Season,7,528.17,73.9,16.21,3.06,98.4,29.6,19,77.7,3.7,West_Block,105.54,19.98
REC-00420,7/21/2024,Quality_Season,7,537.94,80.5,15.91,3.21,96.8,29.2,17.8,81.4,2.76,Lower_Division,110.82,20.6
REC-00421,7/20/2024,Quality_Season,7,583.4,73.2,15.54,3.35,91.9,29.9,16.8,72.2,5.7,Upper_Division,107.71,18.46
REC-00422,7/20/2024,SW_Monsoon,7,576.67,79,16.12,3,102.3,23.8,23.8,89.6,7.49,Middle_Division,126.55,21.95
REC-00423,7/20/2024,SW_Monsoon,7,647.07,83.5,15.12,2.63,96.9,21.5,18.2,89.8,10.77,Lower_Division,142.07,21.96
REC-00424,7/19/2024,Quality_Season,7,637.06,76.6,16.21,3.61,97.9,30.3,21.1,74.3,3.87,Lower_Division,124.63,19.56
REC-00425,7/19/2024,Quality_Season,7,615.49,81.9,12.74,3,98.8,24.2,21.6,79.7,5.62,Lower_Division,125.07,20.32
REC-00426,7/19/2024,Quality_Season,7,410.34,81.4,18.75,2.63,94.7,22.4,19.5,74.1,5.87,Upper_Division,80.71,19.67
REC-00427,7/18/2024,Quality_Season,7,556.7,77.7,15.54,3.57,85,25,21,77.8,5.11,East_Block,105.43,18.94
REC-00428,7/18/2024,SW_Monsoon,7,387.28,81.6,16.62,3.32,91.4,24.1,18.8,88.4,10.01,East_Block,82.3,21.25
REC-00429,7/18/2024,SW_Monsoon,7,374.24,76.2,17.97,3,98.9,33.3,23.4,87.6,8.92,West_Block,81.81,21.86
REC-00430,7/17/2024,SW_Monsoon,7,530.67,77.6,13.94,3.14,97.1,26.1,20.7,85.6,9.38,Upper_Division,111.93,21.09
REC-00431,7/17/2024,Quality_Season,7,440.75,74.5,19.16,2.65,101.4,24,22.5,81.2,4.06,East_Block,82.68,18.76
REC-00432,7/17/2024,SW_Monsoon,7,628.28,75.1,13.55,3.24,92.7,27.5,22.4,86.1,9.74,Middle_Division,131.91,20.99
REC-00433,7/17/2024,Quality_Season,7,657.71,73.2,17.7,2.66,94.3,23,17.6,72.3,5.6,Upper_Division,127.6,19.4
REC-00434,7/16/2024,Quality_Season,7,527.1,76.6,15.7,3.26,104.4,25.4,18.2,76.8,5.23,Upper_Division,103.9,19.71
REC-00435,7/15/2024,Quality_Season,7,535.23,79.6,16.88,2.95,105.8,26.5,17.4,82.5,5.5,West_Block,106.89,19.97
REC-00436,7/15/2024,SW_Monsoon,7,774.77,79.6,17.47,3.02,96.6,25.6,22.8,78.2,9.38,East_Block,166.39,21.48
REC-00437,7/15/2024,SW_Monsoon,7,554.18,75.1,19,2.96,105.9,26.2,18.2,88.5,9.73,West_Block,119.18,21.51
REC-00438,7/14/2024,Quality_Season,7,386.2,79.2,17.05,3.26,100.5,25,19.2,81.8,3.11,Middle_Division,75.58,19.57
REC-00439,7/14/2024,Quality_Season,7,682.47,78.9,15.62,2.88,96,23.4,20.4,76.6,5.3,Upper_Division,136.55,20.01
REC-00440,7/14/2024,Quality_Season,7,643.74,74.9,14.55,3.13,103.1,24.4,17.1,81.1,5.2,Upper_Division,127.25,19.77
REC-00441,7/14/2024,Quality_Season,7,552.74,77,17.11,3.03,101.2,28.2,19.5,78.1,4.3,East_Block,107.22,19.4
REC-00442,7/14/2024,Quality_Season,7,537.84,82.4,12.86,2.25,100.1,24.8,18.3,73.4,3.46,East_Block,99.87,18.57
REC-00443,7/14/2024,Quality_Season,7,531.99,80.2,14.1,3.24,88.3,18.8,19.1,84.6,3.92,Middle_Division,96.59,18.16
REC-00444,7/14/2024,Quality_Season,7,461.32,72.3,16.98,3.71,95.9,27.3,17.4,81.6,2.84,Middle_Division,89.43,19.38
REC-00445,7/14/2024,Quality_Season,7,509.01,74,17.3,2.53,103.8,24.9,16.6,74.5,5.81,Middle_Division,102.09,20.06
REC-00446,7/13/2024,SW_Monsoon,7,345.06,78.4,16.5,3.5,104.4,23.9,17.8,78,11.66,West_Block,77.6,22.49
REC-00447,7/12/2024,Quality_Season,7,320.64,76,16.14,2.77,94.2,29.1,19.8,73,2.73,Lower_Division,64.42,20.09
REC-00448,7/12/2024,Quality_Season,7,689.96,79.4,16.8,2,95.4,23.3,19.6,78.3,4.75,East_Block,135.72,19.67
REC-00449,7/11/2024,SW_Monsoon,7,473.62,78.8,16.09,2.66,100.1,24.2,19.1,81,8.53,West_Block,105.44,22.26
REC-00450,7/11/2024,Quality_Season,7,572.91,82.1,15.95,3.07,95.4,34.2,19.9,74.2,3.33,Middle_Division,113.78,19.86
REC-00451,7/11/2024,SW_Monsoon,7,512.18,76.8,15.64,3.29,101.1,22.8,18,86.4,9.88,Lower_Division,114.66,22.39
REC-00452,7/10/2024,Quality_Season,7,625.89,79.9,15.29,2.61,106,25.7,16.6,84.3,3.53,East_Block,121.85,19.47
REC-00453,7/10/2024,Quality_Season,7,422.29,79.8,15.99,2.16,92.4,27,17.1,76.8,3.91,Middle_Division,82.64,19.57
REC-00454,7/9/2024,SW_Monsoon,7,490.42,82,14.27,3.13,93.9,23.4,21,88.9,9.44,West_Block,106.31,21.68
REC-00455,7/9/2024,SW_Monsoon,7,656.86,80.4,16.55,3.05,93.5,27.6,21.2,80,10.65,West_Block,145.47,22.15
REC-00456,7/9/2024,Quality_Season,7,489.75,80.7,14.49,2.97,96.8,31.4,20.6,82.9,3.38,West_Block,94.83,19.36
REC-00457,7/9/2024,Quality_Season,7,596.7,81.9,16,2.85,95,20.8,22.5,72.9,4.5,Middle_Division,121.44,20.35
REC-00458,7/9/2024,SW_Monsoon,7,461.23,81.8,14,2.81,100.2,25.7,22.3,86.6,7.7,Lower_Division,102.41,22.2
REC-00459,7/9/2024,Quality_Season,7,543.82,78.9,16.75,2.84,92.9,24.6,22.1,83.5,3.83,Middle_Division,105.56,19.41
REC-00460,7/8/2024,Quality_Season,7,514.67,71.7,18.18,3.76,97.6,22,18.6,76.8,4.42,Middle_Division,95.67,18.59
REC-00461,7/8/2024,Quality_Season,7,406.24,82.9,17.33,3.14,97.3,26.7,20.5,72.4,4.73,Lower_Division,78.86,19.41
REC-00462,7/7/2024,Quality_Season,7,536.22,85,16.85,2.67,97.8,27.1,17.7,81.7,3.23,Lower_Division,107.54,20.05
REC-00463,7/6/2024,Quality_Season,7,432.27,81.7,14.75,3.67,104.5,24.1,16.5,75.6,5.93,West_Block,82.99,19.2
REC-00464,7/6/2024,Quality_Season,7,644.48,77.8,16.19,3.02,100.5,27,20.7,72.8,4.22,East_Block,128.58,19.95
REC-00465,7/5/2024,Quality_Season,7,823.25,78,14.15,2.48,95.8,28.9,20.6,76.4,5.79,West_Block,161.31,19.59
REC-00466,7/5/2024,SW_Monsoon,7,635.89,79.1,19.59,4.09,94.6,29.9,19,84.8,7.11,East_Block,129.76,20.41
REC-00467,7/5/2024,Quality_Season,7,301.06,79.1,15.97,3.56,97.1,27.2,17.4,83.4,2.87,West_Block,59.74,19.84
REC-00468,7/5/2024,SW_Monsoon,7,565.54,76.7,13.02,3.47,96.1,21.2,20,82.6,11.24,East_Block,123.71,21.88
REC-00469,7/5/2024,SW_Monsoon,7,466.86,80.7,15.92,2.78,89.9,22.7,21.1,86.7,11.37,Upper_Division,98.43,21.08
REC-00470,7/5/2024,SW_Monsoon,7,590.13,74.8,18.22,2.5,98.7,25.3,18.9,78.3,10.28,Middle_Division,132.23,22.41
REC-00471,7/4/2024,Quality_Season,7,547.96,75.9,16.76,3.04,94.4,19.5,22.3,74.5,4.72,Lower_Division,108.81,19.86
REC-00472,7/4/2024,SW_Monsoon,7,656.7,79.5,14.32,2.62,98.3,28.1,21.5,89.6,10.24,Upper_Division,138.4,21.08
REC-00473,7/4/2024,Quality_Season,7,421.16,73.8,16.12,2.76,110.7,24.9,22.7,77,4.08,Lower_Division,84.27,20.01
REC-00474,7/4/2024,SW_Monsoon,7,461.82,79.8,13.51,2.84,93.3,23,17.6,83.7,6.72,West_Block,100.79,21.83
REC-00475,7/3/2024,SW_Monsoon,7,602.32,78.2,17.27,3.2,100.3,20.3,22.9,86.7,11.57,East_Block,128.42,21.32
REC-00476,7/3/2024,SW_Monsoon,7,481.11,78.4,16.8,3.52,96,27.7,23.5,78.1,7.04,West_Block,106.55,22.15
REC-00477,7/2/2024,Quality_Season,7,537.74,72.7,17.48,2.39,100.1,24.9,16.6,79.3,4.34,West_Block,99.58,18.52
REC-00478,7/2/2024,SW_Monsoon,7,856.14,76.3,16.98,2.56,105,22,21,79.9,8.45,West_Block,182.56,21.32
REC-00479,7/2/2024,Quality_Season,7,736.46,73.8,13.01,3.23,99.1,22.6,20,83.5,5.81,Lower_Division,149.68,20.32
REC-00480,7/1/2024,Quality_Season,7,453.77,73.4,12.32,2.89,105.2,22.3,22,81.7,3.57,Upper_Division,83.63,18.43
REC-00481,6/30/2024,SW_Monsoon,6,670.02,82.2,19.66,2.15,104.1,25.3,18.8,81.5,11.91,East_Block,143.03,21.35
REC-00482,6/30/2024,SW_Monsoon,6,593.25,74.4,16.76,3.15,95.5,23.5,21.5,88.7,9.09,East_Block,131.16,22.11
REC-00483,6/30/2024,SW_Monsoon,6,708.49,83.5,16.25,3.22,95.6,26.6,22.9,84.9,9.26,East_Block,158.07,22.31
REC-00484,6/29/2024,SW_Monsoon,6,382.26,75.5,17.8,3.09,102.2,24.7,23.3,89.5,11.63,Lower_Division,87.45,22.88
REC-00485,6/28/2024,SW_Monsoon,6,648.32,73.6,16.64,2.52,95.3,23.6,19.8,83.8,9.23,West_Block,148.24,22.86
REC-00486,6/28/2024,SW_Monsoon,6,313.04,81.5,14.88,3.23,99.4,22.7,23.2,81.8,9.2,Upper_Division,67.61,21.6
REC-00487,6/28/2024,SW_Monsoon,6,593.32,79.1,17.45,3.18,89.9,31.3,19.6,90.4,10.4,Upper_Division,128.02,21.58
REC-00488,6/28/2024,SW_Monsoon,6,631.27,81.7,14.38,3.14,104.8,27.5,20.5,89.7,10.3,Lower_Division,143.96,22.81
REC-00489,6/28/2024,SW_Monsoon,6,503.8,75.1,13.2,4.01,100.8,27.3,23.8,90.3,11.1,Middle_Division,110.32,21.9
REC-00490,6/27/2024,SW_Monsoon,6,666.86,76,14.88,3.95,90.8,24.2,18.6,91.5,13.72,West_Block,148.75,22.31
REC-00491,6/26/2024,SW_Monsoon,6,576.79,78,14.2,3.54,99.1,25.6,22.8,80.9,14.95,East_Block,127.94,22.18
REC-00492,6/25/2024,SW_Monsoon,6,485.35,76.5,15.62,3.13,104,22.7,19.1,83.4,13.62,Middle_Division,111.54,22.98
REC-00493,6/25/2024,SW_Monsoon,6,460.63,74.4,15.5,3.17,102.6,24.2,20,88.8,11.36,Lower_Division,105.28,22.86
REC-00494,6/25/2024,SW_Monsoon,6,310.13,81.5,16.05,3.31,99.9,25.5,23.8,83.6,10.99,West_Block,70.31,22.67
REC-00495,6/24/2024,SW_Monsoon,6,474.58,77,15.56,2.66,98.2,24.3,21.3,85.2,13.66,West_Block,109.63,23.1
REC-00496,6/24/2024,SW_Monsoon,6,400.93,80.2,14.31,2.45,97.7,26.3,21.4,86.2,14.83,West_Block,90.19,22.49
REC-00497,6/24/2024,SW_Monsoon,6,479.63,78.1,15.07,2.55,106.4,27.5,24.3,81.9,10.78,Middle_Division,106.56,22.22
REC-00498,6/23/2024,SW_Monsoon,6,466.07,80.4,16.24,3.05,98.7,20.8,24.4,87.6,8.81,Middle_Division,103.81,22.27
REC-00499,6/22/2024,SW_Monsoon,6,447.07,79.8,13.64,3.15,91.7,25,18.6,87.4,10.6,Lower_Division,101.29,22.66
REC-00500,6/22/2024,SW_Monsoon,6,458.3,72.1,17.31,2.65,101.2,23.9,24.6,91.2,9.71,East_Block,103.61,22.61
REC-00501,6/21/2024,SW_Monsoon,6,661.12,77.9,15.86,2.91,101.3,27.9,23.6,80,10.47,Middle_Division,148.08,22.4
REC-00502,6/21/2024,SW_Monsoon,6,392.3,76.4,17.19,3.21,99.8,18,24.8,82.4,9.77,Upper_Division,84.37,21.51
REC-00503,6/21/2024,SW_Monsoon,6,575.83,81.4,17.15,3.34,97.3,31,18.3,84.8,12.66,Middle_Division,124.56,21.63
REC-00504,6/20/2024,SW_Monsoon,6,531.48,82.8,14.71,2.01,96.7,25,20.2,89.7,14.11,Middle_Division,117.12,22.04
REC-00505,6/20/2024,SW_Monsoon,6,486.14,74.1,16.58,3.21,96.5,18,18,89.8,10.73,West_Block,111.95,23.03
REC-00506,6/19/2024,SW_Monsoon,6,559.93,79.3,16.06,2,101.7,25.4,20.1,81.5,13.95,Upper_Division,126.53,22.6
REC-00507,6/19/2024,SW_Monsoon,6,380.65,71.3,15.79,2.69,98.7,28.6,21.1,89,13.85,East_Block,83.58,21.96
REC-00508,6/18/2024,SW_Monsoon,6,491.97,77.6,17.26,2.47,85.3,24.3,24.5,87,12.78,Upper_Division,106.11,21.57
REC-00509,6/18/2024,SW_Monsoon,6,610.55,76,16.94,2.38,90.5,22.8,19.8,89.7,10.2,East_Block,136.8,22.41
REC-00510,6/18/2024,SW_Monsoon,6,528.49,78.6,15.83,3.65,94.3,28.9,24.7,89.5,12.36,Lower_Division,116.3,22.01
REC-00511,6/18/2024,SW_Monsoon,6,402.11,77.4,17.43,3.84,106.3,28.7,19.9,85.4,11.92,West_Block,89.81,22.34
REC-00512,6/18/2024,SW_Monsoon,6,724.15,78.1,14.89,3.53,97.8,27.3,21.4,85.9,9.13,Lower_Division,163.73,22.61
REC-00513,6/17/2024,SW_Monsoon,6,792.17,78.3,16.35,2.78,99.7,23.7,21.5,81.9,9.55,Middle_Division,176.13,22.23
REC-00514,6/17/2024,SW_Monsoon,6,469.82,81.1,16.29,2.33,98.1,30.7,21.9,88.9,10.57,Middle_Division,102.63,21.84
REC-00515,6/17/2024,SW_Monsoon,6,812.62,79.5,15.65,2.24,102.7,25.7,18.9,84.3,12.28,West_Block,185.71,22.85
REC-00516,6/17/2024,SW_Monsoon,6,563.61,80.9,16.69,2.91,97.5,24.4,23,91,11.05,Lower_Division,129.21,22.93
REC-00517,6/16/2024,SW_Monsoon,6,572.06,74.9,15.38,3.43,98.8,25.3,24.2,84.9,11.55,Upper_Division,128.8,22.52
REC-00518,6/16/2024,SW_Monsoon,6,596.84,79.4,15.77,2.84,89.1,22.2,21.4,88.9,14.11,Lower_Division,137.61,23.06
REC-00519,6/16/2024,SW_Monsoon,6,592.17,80.5,15.29,3.1,97.4,27.9,19.5,85.3,12.45,East_Block,133.69,22.58
REC-00520,6/16/2024,SW_Monsoon,6,644.37,72.8,15.16,2,104.8,27.3,23.1,84.9,12.53,Middle_Division,146.76,22.78
REC-00521,6/15/2024,SW_Monsoon,6,348.19,80.6,15.56,2.95,89.9,24.2,23.2,81.2,11.51,Upper_Division,74.43,21.38
REC-00522,6/15/2024,SW_Monsoon,6,491.48,82,13.85,3.35,101.6,19.8,21.5,87.3,12.07,Middle_Division,106.02,21.57
REC-00523,6/15/2024,SW_Monsoon,6,571.55,77,18.02,3.18,95.5,22.1,21.6,81.4,14.56,Lower_Division,130.5,22.83
REC-00524,6/14/2024,SW_Monsoon,6,700.62,72.8,15.25,2.37,97.2,25.2,19,87.3,12.1,West_Block,158.48,22.62
REC-00525,6/13/2024,SW_Monsoon,6,484.78,77.9,15.44,3.31,96.4,24.5,21.1,80.6,11.96,Upper_Division,108.27,22.33
REC-00526,6/13/2024,SW_Monsoon,6,666.85,74.9,16.45,2.61,107.5,25.3,20,80.6,12.79,West_Block,152.69,22.9
REC-00527,6/13/2024,SW_Monsoon,6,604.06,83.2,15.61,3.28,88.5,23.7,19.8,82.3,12.8,Lower_Division,132,21.85
REC-00528,6/13/2024,SW_Monsoon,6,385.83,76.9,14.34,3.05,99.7,24.8,24.1,83.6,8.96,East_Block,89.33,23.15
REC-00529,6/12/2024,SW_Monsoon,6,400.51,77.8,16.78,4.5,99.4,25.3,23.9,88.7,8.85,West_Block,89.39,22.32
REC-00530,6/12/2024,SW_Monsoon,6,544.57,74.9,14.15,3.7,91.2,24.4,19.9,90.7,8.6,West_Block,122.43,22.48
REC-00531,6/11/2024,SW_Monsoon,6,321.41,83.9,16.39,2.71,97.1,22.8,24.6,83,11.88,Lower_Division,73.87,22.98
REC-00532,6/11/2024,SW_Monsoon,6,633.71,76.9,14.75,3.15,91.5,26.4,24.6,86.2,10.68,Upper_Division,140.94,22.24
REC-00533,6/10/2024,SW_Monsoon,6,631.45,70.8,16.08,3.8,93.7,33.4,19.9,85.5,11.47,Lower_Division,137.43,21.76
REC-00534,6/10/2024,SW_Monsoon,6,549.42,80.1,15.11,2.37,98.8,26.1,21.2,86.5,14,West_Block,118.45,21.56
REC-00535,6/9/2024,SW_Monsoon,6,874.36,75.5,15.65,3.55,105.2,25.7,18.8,80.9,11.85,Middle_Division,190.62,21.8
REC-00536,6/9/2024,SW_Monsoon,6,400.02,81.6,15.6,3.02,99.3,21.7,18.7,91.7,10.24,Middle_Division,91.72,22.93
REC-00537,6/9/2024,SW_Monsoon,6,338.27,83.3,16.44,3.16,101.3,27,20.8,84.4,9.78,West_Block,75.9,22.44
REC-00538,6/9/2024,SW_Monsoon,6,370.78,75,12.81,3.36,95.3,33.8,20.1,82.2,8.91,Upper_Division,77.1,20.79
REC-00539,6/8/2024,SW_Monsoon,6,441.18,77.2,18.36,2.55,85.7,22.6,20.2,88,12.77,West_Block,94.39,21.39
REC-00540,6/8/2024,SW_Monsoon,6,530.96,75.3,16.33,2.63,93.4,26,18.5,81.6,12.63,Middle_Division,121.57,22.9
REC-00541,6/8/2024,SW_Monsoon,6,644.08,76.7,14.1,3.05,92.9,20,22.2,90.5,14.99,East_Block,141.11,21.91
REC-00542,6/8/2024,SW_Monsoon,6,278.07,73.4,15.47,2.89,101.6,20.8,23.9,87.8,12.43,West_Block,63.8,22.94
REC-00543,6/8/2024,SW_Monsoon,6,250.26,76,16.47,4.05,97.8,19,19,85.3,11.64,West_Block,57.21,22.86
REC-00544,6/8/2024,SW_Monsoon,6,610.69,75.3,15.87,3.63,100,24.3,20.4,86.8,14.07,East_Block,135.97,22.26
REC-00545,6/7/2024,SW_Monsoon,6,610.7,79.8,18.99,3.08,92.7,24.7,20.3,87.3,14.54,Upper_Division,138.37,22.66
REC-00546,6/7/2024,SW_Monsoon,6,434,79.3,14.81,3.05,86.4,30,20.5,87.4,12.24,Lower_Division,93.02,21.43
REC-00547,6/7/2024,SW_Monsoon,6,550.13,81.5,13.68,3.25,102.2,23.2,20.8,84.7,9.61,Middle_Division,121.95,22.17
REC-00548,6/7/2024,SW_Monsoon,6,464.01,79.8,17.21,3.27,102.3,24.6,22.6,85.6,12.54,Middle_Division,104.94,22.61
REC-00549,6/6/2024,SW_Monsoon,6,714.17,76.2,16.19,3.43,104.1,26,21.5,90.7,14.47,Lower_Division,164.15,22.98
REC-00550,6/6/2024,SW_Monsoon,6,410.22,78.7,16.21,3.15,92,26.4,22.9,88.1,10.96,Lower_Division,94.04,22.92
REC-00551,6/5/2024,SW_Monsoon,6,450.33,80.3,18.64,3.08,106.7,26.5,24.3,81.4,14.93,Lower_Division,100.34,22.28
REC-00552,6/5/2024,SW_Monsoon,6,653.62,74.5,16.26,3.58,91.9,26.4,20.4,82.5,10.42,Lower_Division,145.8,22.31
REC-00553,6/5/2024,SW_Monsoon,6,511.46,79.3,13.62,3.57,93.8,24.8,24,86.8,9.38,Middle_Division,113.17,22.13
REC-00554,6/4/2024,SW_Monsoon,6,658.61,80.9,15.8,2.96,106.3,20.1,24.9,88,8.63,West_Block,144.13,21.88
REC-00555,6/4/2024,SW_Monsoon,6,544.78,76.5,15.38,2.65,88.5,22.8,22.8,86.2,9.67,West_Block,121.22,22.25
REC-00556,6/4/2024,SW_Monsoon,6,648.43,76.9,17.23,3.48,104.1,31.6,18.3,87.5,13.52,East_Block,140.2,21.62
REC-00557,6/3/2024,SW_Monsoon,6,715.26,82.5,17.53,2.82,102.3,26,24.2,86.3,11.78,West_Block,164.26,22.97
REC-00558,6/3/2024,SW_Monsoon,6,506.17,81.3,19.58,3.09,96.6,22.5,20.1,90.1,8.82,Upper_Division,109.31,21.6
REC-00559,6/3/2024,SW_Monsoon,6,629.51,81.9,16.21,2.58,106.7,21.8,19.9,92,13.34,Upper_Division,137.92,21.91
REC-00560,6/2/2024,SW_Monsoon,6,556.61,76,15.29,3.11,105.9,21.1,21.1,80.9,14.69,Lower_Division,126.1,22.65
REC-00561,6/2/2024,SW_Monsoon,6,554.05,77.6,16.45,3.2,99.2,27.1,21.8,86.3,9.27,East_Block,125.52,22.65
REC-00562,6/2/2024,SW_Monsoon,6,479.46,81.2,16.35,2.43,99.7,22.3,21.2,87.2,9.48,Middle_Division,104.13,21.72
REC-00563,6/2/2024,SW_Monsoon,6,435.53,76.6,16.68,2.62,99.9,20.4,23.2,83.1,14.21,West_Block,99.15,22.76
REC-00564,6/2/2024,SW_Monsoon,6,458.58,82.5,16.32,3.77,94.1,28.5,20,84.5,9.02,West_Block,102.11,22.27
REC-00565,6/1/2024,SW_Monsoon,6,453.74,80.9,14.28,3.54,95.1,25.1,21.2,80.4,14.19,Middle_Division,99.55,21.94
REC-00566,6/1/2024,SW_Monsoon,6,620.89,78.8,15.67,3.03,96.1,20.6,21,87.8,13.18,Upper_Division,136.44,21.97
REC-00567,6/1/2024,SW_Monsoon,6,463.91,79.9,15.48,3.16,95.2,23.7,18.1,82.7,8.71,Lower_Division,106.42,22.94
REC-00568,5/31/2024,SW_Monsoon,5,561.09,73.4,13.65,3.07,102.4,21.2,20.9,88.7,11.34,East_Block,123.61,22.03
REC-00569,5/31/2024,SW_Monsoon,5,443.92,77.2,16.2,2.81,91.4,26,19.1,85.5,12.37,Upper_Division,100.65,22.67
REC-00570,5/30/2024,SW_Monsoon,5,342.5,81.5,18.93,2.97,94.3,26.3,23.8,85.9,9.12,East_Block,75.5,22.04
REC-00571,5/30/2024,SW_Monsoon,5,545.17,76.9,13.16,2.1,90.1,23.5,19.4,80.7,9.65,Lower_Division,118.35,21.71
REC-00572,5/30/2024,SW_Monsoon,5,825.03,78.4,18.8,2.42,105.9,23.8,18.4,85.5,12,West_Block,180.09,21.83
REC-00573,5/30/2024,SW_Monsoon,5,357.37,78.1,14.61,2.46,96.4,29.3,21.1,85.9,13.99,Lower_Division,77.39,21.66
REC-00574,5/29/2024,SW_Monsoon,5,573.16,81.9,17.45,2.64,93.6,23.6,21.4,90.6,11.09,Upper_Division,124.6,21.74
REC-00575,5/29/2024,SW_Monsoon,5,524.02,79.5,14.59,3.67,102.6,23.2,23.8,89.2,12.31,West_Block,115.91,22.12
REC-00576,5/28/2024,SW_Monsoon,5,866.55,74,16.45,2.81,87,29.2,24.3,82,10.88,Lower_Division,193.27,22.3
REC-00577,5/28/2024,SW_Monsoon,5,581.91,79.1,16.21,3.08,94.8,31.1,23.8,81.8,8.59,West_Block,127.64,21.93
REC-00578,5/28/2024,SW_Monsoon,5,837.03,79.3,14.85,2.96,95.7,21.9,24.3,86.2,9.36,West_Block,191.18,22.84
REC-00579,5/28/2024,SW_Monsoon,5,439.82,73.6,16.96,3.33,92.9,24,23.5,89.4,11.36,East_Block,99.77,22.69
REC-00580,5/26/2024,SW_Monsoon,5,459.53,76,14.64,2.64,96.3,22.4,21.2,90.9,9.03,East_Block,103.47,22.52
REC-00581,5/26/2024,SW_Monsoon,5,565.13,74.8,17.17,3.65,94.5,27.6,18.3,90.1,11.32,Upper_Division,124.74,22.07
REC-00582,5/25/2024,SW_Monsoon,5,828.96,78,15.21,3.48,97.5,28.7,23.6,84.9,9.87,Lower_Division,190.56,22.99
REC-00583,5/25/2024,SW_Monsoon,5,566.66,80.2,13.68,2.73,103.6,21.2,18.8,89.5,8.99,Middle_Division,122.64,21.64
REC-00584,5/25/2024,SW_Monsoon,5,498.15,79.9,18.71,3.15,95.1,27.9,20.8,84,9.9,Lower_Division,114.82,23.05
REC-00585,5/25/2024,SW_Monsoon,5,548.4,83.7,15.49,2.7,88.2,19.8,20.9,88.8,12.91,West_Block,116.44,21.23
REC-00586,5/25/2024,SW_Monsoon,5,716.83,76.7,18.68,2.88,86.5,22.5,19.5,81.3,12.89,Upper_Division,153.47,21.41
REC-00587,5/25/2024,SW_Monsoon,5,592.92,73.7,16.1,3.45,98.4,31.2,23.7,91.9,10.93,Upper_Division,129.94,21.92
REC-00588,5/24/2024,SW_Monsoon,5,754.19,83.2,15.95,3,105.8,22.1,20,88.8,9.95,Middle_Division,158.59,21.03
REC-00589,5/24/2024,SW_Monsoon,5,444.53,75.9,16.44,2.35,102.6,27.2,22.3,91.7,10.82,West_Block,101.96,22.94
REC-00590,5/24/2024,SW_Monsoon,5,602.74,76,15.85,2.1,99.7,26.1,22.5,84.5,14.67,West_Block,136.42,22.63
REC-00591,5/24/2024,SW_Monsoon,5,577.33,73,13.53,3.29,93.7,20.7,23.5,91.6,9.18,Upper_Division,119.89,20.77
REC-00592,5/23/2024,SW_Monsoon,5,566.22,79.6,15.51,2.33,96.6,26.5,21.4,83.6,12.59,Upper_Division,122.69,21.67
REC-00593,5/23/2024,SW_Monsoon,5,497.24,77,15.11,3.02,101.7,27.7,20.8,84,9.72,Middle_Division,109.57,22.04
REC-00594,5/22/2024,SW_Monsoon,5,408.16,74.2,17.49,2.65,98.6,23.9,24.6,84.5,12.76,Middle_Division,90.92,22.28
REC-00595,5/22/2024,SW_Monsoon,5,613.68,70.9,15,3.02,96.4,25.4,21.9,83.8,10.3,East_Block,139.09,22.66
REC-00596,5/22/2024,SW_Monsoon,5,515.89,75,17.13,2,101.8,25.7,21.7,82.4,11.35,Upper_Division,111.07,21.53
REC-00597,5/21/2024,SW_Monsoon,5,768.5,75.7,16.65,3.27,104.1,26.4,22.7,80.3,11.08,Middle_Division,176.39,22.95
REC-00598,5/20/2024,SW_Monsoon,5,602.63,79.5,13.94,3.53,96.7,28.8,18.6,82.2,13.39,West_Block,129.48,21.49
REC-00599,5/20/2024,SW_Monsoon,5,736.15,75.9,17.32,2.62,96.5,25.4,21.6,88.9,11.73,East_Block,165.21,22.44
REC-00600,5/19/2024,SW_Monsoon,5,505.77,77.9,17.21,3.56,99.4,24,18.5,86.1,14.8,Upper_Division,111.76,22.1
REC-00601,5/19/2024,SW_Monsoon,5,734.85,80.1,17.88,2.66,102.1,22.1,18.3,82.4,9.52,Middle_Division,162.92,22.17
REC-00602,5/19/2024,SW_Monsoon,5,339.88,75.5,15.73,3.04,96.2,20.3,24.1,89,14.05,Upper_Division,74.63,21.96
REC-00603,5/18/2024,SW_Monsoon,5,432.42,78.4,16.98,2.64,97.5,24.6,24.3,90.4,11.43,East_Block,99.88,23.1
REC-00604,5/18/2024,SW_Monsoon,5,513.65,80.1,18.02,2.9,105.4,24.9,21.2,89.4,13.81,Lower_Division,116.93,22.76
REC-00605,5/18/2024,SW_Monsoon,5,637.46,79.4,16.89,2.98,95.4,28.1,18.3,90.2,11.99,Upper_Division,142.21,22.31
REC-00606,5/18/2024,SW_Monsoon,5,580.45,73.4,13.31,2.86,99.2,24.2,21.6,89.2,11.32,Upper_Division,126.65,21.82
REC-00607,5/17/2024,SW_Monsoon,5,524.11,82,14.23,3.73,94.9,19.5,19.2,82.7,12.17,Upper_Division,109.95,20.98
REC-00608,5/16/2024,SW_Monsoon,5,496.29,72.9,16.98,3.22,98,27.9,18.6,87.3,8.93,Upper_Division,111.32,22.43
REC-00609,5/16/2024,SW_Monsoon,5,402.86,85,19.29,3.38,98,28.3,21.2,82.5,8.36,Middle_Division,84.21,20.9
REC-00610,5/14/2024,SW_Monsoon,5,440.34,79.2,12.81,2.45,97.3,29.5,19,86.9,10.02,Lower_Division,95.07,21.59
REC-00611,5/14/2024,SW_Monsoon,5,458.76,77.9,15.41,3.19,91.4,23.8,22.5,85,10.13,West_Block,103.17,22.49
REC-00612,5/14/2024,SW_Monsoon,5,616.35,77,14.6,3.55,99,25.8,22.7,81.4,12.97,Upper_Division,131.62,21.36
REC-00613,5/14/2024,SW_Monsoon,5,536.64,70,16.45,3.42,94.8,27.6,20.1,80.2,9.8,West_Block,115.22,21.47
REC-00614,5/14/2024,SW_Monsoon,5,596.29,78.4,17.05,3.12,94.7,26.1,18,83,14.52,Middle_Division,133.59,22.4
REC-00615,5/13/2024,SW_Monsoon,5,361.16,74.7,16.12,3.24,95.6,24.7,24.6,82.2,14.85,Lower_Division,83.11,23.01
REC-00616,5/13/2024,SW_Monsoon,5,488.09,75.9,14.61,2.12,94.5,26.4,18,87.2,14.44,East_Block,108.33,22.2
REC-00617,5/12/2024,SW_Monsoon,5,415.83,81.6,17.75,2.96,102,24.5,21,81.9,11.18,East_Block,92.98,22.36
REC-00618,5/12/2024,SW_Monsoon,5,632.16,77,17.6,3.37,99.2,25.1,23.5,86.5,10.49,East_Block,142.52,22.54
REC-00619,5/12/2024,SW_Monsoon,5,576.8,83,17.48,3.52,101,21.8,21.6,89.6,10.82,East_Block,124.26,21.54
REC-00620,5/10/2024,SW_Monsoon,5,343.94,79.5,13.63,2.77,99,29.2,23.8,82,14.32,East_Block,76.72,22.31
REC-00621,5/9/2024,SW_Monsoon,5,648.93,73.5,16.12,2.94,102.6,22.9,20.7,83.4,10.12,Lower_Division,148.88,22.94
REC-00622,5/8/2024,SW_Monsoon,5,489.26,79.1,15.73,3.45,94.2,24.2,21.2,85.6,14.16,Upper_Division,112.58,23.01
REC-00623,5/8/2024,SW_Monsoon,5,648.37,79.2,15.71,3.15,106.3,18.6,21.6,87.9,11.12,East_Block,143.96,22.2
REC-00624,5/8/2024,SW_Monsoon,5,283.89,79,14.25,2.45,102.1,27.6,20.9,90.9,14.95,Upper_Division,64.17,22.6
REC-00625,5/8/2024,SW_Monsoon,5,556.94,74.6,15.6,3.34,95.9,27.9,22.7,82.7,8.57,West_Block,122.61,22.01
REC-00626,5/8/2024,SW_Monsoon,5,614.51,79.1,16.83,4.12,93.5,28.5,21,83.3,10.1,Upper_Division,125.64,20.45
REC-00627,5/8/2024,SW_Monsoon,5,581.1,76.6,15.27,2.69,95.1,20.7,22.1,84.5,11.33,West_Block,129.23,22.24
REC-00628,5/7/2024,SW_Monsoon,5,314.26,83.5,13.78,3,95.3,31,22.9,82.1,10.01,Upper_Division,65.56,20.86
REC-00629,5/7/2024,SW_Monsoon,5,529.26,78.3,15.35,3.22,94.2,21.5,18.1,89.7,9.51,West_Block,118.83,22.45
REC-00630,5/7/2024,SW_Monsoon,5,480.63,75.4,15.61,2.68,95.2,30.6,19.8,80.1,11.79,Upper_Division,107.58,22.38
REC-00631,5/7/2024,SW_Monsoon,5,454.85,80.9,19.69,3.37,98.6,23.5,19.7,83.2,11.7,Upper_Division,98.8,21.72
REC-00632,5/7/2024,SW_Monsoon,5,568.17,83.5,15.56,2.69,102.5,22.5,24.2,90.1,11.84,Lower_Division,130.78,23.02
REC-00633,5/7/2024,SW_Monsoon,5,311.92,77.1,15.93,2.61,101.6,28,23.1,84.8,9.76,West_Block,69.48,22.27
REC-00634,5/6/2024,SW_Monsoon,5,616.12,77.9,14.9,2.85,89.9,25.6,20.7,81,8.93,Upper_Division,127.02,20.62
REC-00635,5/6/2024,SW_Monsoon,5,474.01,79.3,15.85,3.51,115,21.3,19.8,82.1,14.72,Lower_Division,102.24,21.57
REC-00636,5/6/2024,SW_Monsoon,5,420.65,84.1,15.04,2.8,98,25.8,24.3,82,13.69,Lower_Division,96.84,23.02
REC-00637,5/5/2024,SW_Monsoon,5,410.31,82,15.46,2.57,93.5,18.7,24.6,81.5,14.82,West_Block,91.01,22.18
REC-00638,5/5/2024,SW_Monsoon,5,678.26,77.9,14.07,2.46,110.8,30.3,18.6,88,14.31,Upper_Division,139.4,20.55
REC-00639,5/4/2024,SW_Monsoon,5,306.12,74.8,14.02,3.01,92.3,24.8,23.3,83.1,11.54,Lower_Division,69.8,22.8
REC-00640,5/4/2024,SW_Monsoon,5,519.97,74.1,15.52,3.55,96.4,28.9,23,87,10.71,East_Block,109.8,21.12
REC-00641,5/4/2024,SW_Monsoon,5,505.87,76,17.05,2.33,103.9,20.6,20.4,84.9,13.14,East_Block,115.21,22.77
REC-00642,5/4/2024,SW_Monsoon,5,684,79.6,16.35,3.25,96.3,25.6,21.1,80.5,14.47,East_Block,155.31,22.71
REC-00643,5/3/2024,SW_Monsoon,5,527.56,75.9,18.93,2.85,96.1,25.4,22.4,86.1,13.78,Upper_Division,117.02,22.18
REC-00644,5/3/2024,SW_Monsoon,5,782.68,75.5,17.28,3.33,96.8,26.2,18,91.1,9.08,East_Block,173.06,22.11
REC-00645,5/3/2024,SW_Monsoon,5,599.28,76.3,13.93,2.75,97.7,28,22.8,88.7,12.99,Middle_Division,134.98,22.52
REC-00646,5/2/2024,SW_Monsoon,5,516.48,78.4,15.99,2.79,93.8,22.7,24.6,84.4,14.42,West_Block,119.22,23.08
REC-00647,5/2/2024,SW_Monsoon,5,725.08,79,18.01,3.44,108.4,26.3,19.5,81,11.55,Middle_Division,166.28,22.93
REC-00648,5/1/2024,SW_Monsoon,5,483.19,74.6,16.05,3.57,100,25.9,22.2,82,9.16,Middle_Division,106.27,21.99
REC-00649,5/1/2024,SW_Monsoon,5,476.61,78.7,15.24,3.52,106,22.9,24.3,84.7,10.42,East_Block,107.81,22.62
REC-00650,5/1/2024,SW_Monsoon,5,526.07,79.7,16.65,3.18,100.3,20.1,23.8,80.1,12.1,West_Block,116.92,22.23
REC-00651,5/1/2024,SW_Monsoon,5,666.14,72.8,16.6,3.53,99.6,25.4,21.2,80.1,12.05,Lower_Division,153.73,23.08
REC-00652,5/1/2024,SW_Monsoon,5,608.29,75.6,18.41,2.22,101.3,24.6,21.9,83.9,13.14,Middle_Division,137.85,22.66
REC-00653,5/1/2024,SW_Monsoon,5,704.88,82.4,18.09,2.87,98.1,22.2,24.6,89.8,12.25,Lower_Division,161.17,22.86
REC-00654,5/1/2024,SW_Monsoon,5,325.03,78.6,15.68,2.37,98.3,30.3,21.1,87.6,10.6,Lower_Division,73.82,22.71
REC-00655,4/30/2024,SW_Monsoon,4,875.3,77.6,15.9,2.56,91,24.3,18.7,89.8,8.59,Upper_Division,194.65,22.24
REC-00656,4/30/2024,SW_Monsoon,4,317.8,78.5,15.78,2,99.8,22.1,25,85.1,10.65,West_Block,72.05,22.67
REC-00657,4/30/2024,SW_Monsoon,4,529.46,80.1,17.87,2.72,99.6,26.4,19.5,81.7,10.44,West_Block,119.56,22.58
REC-00658,4/29/2024,SW_Monsoon,4,539.93,78.2,15.42,3.29,98.5,29,21.8,80.5,10.43,Middle_Division,123.33,22.84
REC-00659,4/28/2024,SW_Monsoon,4,503.15,82.1,16.77,2.67,94.9,23.4,21.5,85.6,10.02,Upper_Division,111.72,22.2
REC-00660,4/28/2024,SW_Monsoon,4,620.76,80.2,12.02,3.68,94.3,27.1,23.1,82.5,10.59,Upper_Division,131.42,21.17
REC-00661,4/28/2024,SW_Monsoon,4,447.46,74,15.4,3.14,97.7,26.6,21,80.9,11.59,Upper_Division,101.02,22.58
REC-00662,4/28/2024,SW_Monsoon,4,503.24,81.2,17.03,3.59,88.5,23.1,23,81.6,10.28,West_Block,105.88,21.04
REC-00663,4/28/2024,SW_Monsoon,4,574.19,76.7,16.15,4.25,106.7,19.1,21.3,87.2,14.91,West_Block,131.46,22.89
REC-00664,4/27/2024,SW_Monsoon,4,521.92,80.3,17.3,2.95,100.5,29.7,24.7,82.9,13.31,East_Block,117.5,22.51
REC-00665,4/27/2024,SW_Monsoon,4,787.61,83.1,16.96,2.89,87.9,20.9,19.4,91.5,11.74,West_Block,170.3,21.62
REC-00666,4/27/2024,SW_Monsoon,4,416.26,85,13.39,3.55,86.6,24.4,18.9,86,9.46,West_Block,86.32,20.74
REC-00667,4/26/2024,SW_Monsoon,4,425.31,81.9,18.53,3.12,101.6,23.1,24.7,89.8,14.03,Upper_Division,92.68,21.79
REC-00668,4/26/2024,SW_Monsoon,4,632.58,76.1,15.33,2.57,94.8,27.1,21.9,80.1,11.2,Lower_Division,145.27,22.97
REC-00669,4/26/2024,SW_Monsoon,4,676.81,79.9,17.45,3.36,107.1,24.8,22.2,85.7,14.55,Middle_Division,153.65,22.7
REC-00670,4/25/2024,SW_Monsoon,4,650.04,72,16.25,2.84,97.7,26.3,24.4,90.2,9.18,Lower_Division,149.26,22.96
REC-00671,4/25/2024,SW_Monsoon,4,343.88,75.9,16.35,3.45,96.9,29.3,21.3,81.5,14.52,Middle_Division,78.99,22.97
REC-00672,4/24/2024,SW_Monsoon,4,540.28,81.7,15.97,3,93.3,21.7,22.9,88.4,13.03,East_Block,118.79,21.99
REC-00673,4/24/2024,SW_Monsoon,4,383.37,80.1,15.66,2.92,97.7,21,20.1,89.2,10.51,West_Block,85.47,22.3
REC-00674,4/23/2024,SW_Monsoon,4,495.2,82.3,16.51,3.23,85,28.1,23.7,80.5,10.31,Middle_Division,104.9,21.18
REC-00675,4/23/2024,SW_Monsoon,4,429.06,75.6,14.32,4.04,99.4,29.4,20.4,83.5,11.94,Middle_Division,92.64,21.59
REC-00676,4/23/2024,SW_Monsoon,4,560.53,81.6,16.26,3.35,105.4,23.9,19.6,86.1,11.99,Middle_Division,127.32,22.71
REC-00677,4/23/2024,SW_Monsoon,4,517.43,78.1,15.3,3.61,97.9,30,19,83,13.21,Middle_Division,113.11,21.86
REC-00678,4/23/2024,SW_Monsoon,4,451.34,78.4,14.07,2.55,105.1,22.3,23.6,84.4,12.66,West_Block,102.34,22.68
REC-00679,4/23/2024,SW_Monsoon,4,396.61,80.8,15.57,2.69,92.4,26.8,23.4,85.3,13.11,Lower_Division,90.85,22.91
REC-00680,4/21/2024,SW_Monsoon,4,787.78,80.7,15.33,3.6,98.7,26.1,24,81.3,10.65,Middle_Division,174.99,22.21
REC-00681,4/21/2024,SW_Monsoon,4,512.07,78.2,16.47,3.22,102.2,28.8,20.9,82.3,10.23,Upper_Division,117.94,23.03
REC-00682,4/21/2024,SW_Monsoon,4,618.1,74.8,16.89,3.7,100,27.4,20.9,90.5,10.32,Middle_Division,136.03,22.01
REC-00683,4/20/2024,SW_Monsoon,4,676.27,72.7,16.15,2.89,100,31.9,24.6,92,9.9,West_Block,153.21,22.66
REC-00684,4/20/2024,SW_Monsoon,4,442.4,76.4,12,3.26,89.2,22.4,20.9,82.8,11.9,Upper_Division,92.11,20.82
REC-00685,4/20/2024,SW_Monsoon,4,605.35,77.8,14.61,2.77,99.5,22.7,22.2,83.2,11.85,West_Block,139.1,22.98
REC-00686,4/20/2024,SW_Monsoon,4,336.32,77.2,18.25,3.39,95.6,28.7,23.8,82.3,13.01,East_Block,72.79,21.64
REC-00687,4/19/2024,SW_Monsoon,4,440.84,77.9,17.14,2.69,91.3,23.2,24.8,88.6,10.49,West_Block,98.39,22.32
REC-00688,4/19/2024,SW_Monsoon,4,590.8,80.5,15.56,2.66,91,26.1,20.4,88.2,8.46,Upper_Division,132.13,22.36
REC-00689,4/18/2024,SW_Monsoon,4,553.19,79,17.34,2.73,87.2,27.1,19.4,91,13.77,Lower_Division,125.49,22.69
REC-00690,4/18/2024,SW_Monsoon,4,649.23,76.9,13.73,3.01,86.6,24.6,19.3,87.8,11.43,Upper_Division,140.35,21.62
REC-00691,4/17/2024,SW_Monsoon,4,560.47,80,13.76,3.2,106.3,24.4,21.2,81.1,12.39,Lower_Division,129.63,23.13
REC-00692,4/17/2024,SW_Monsoon,4,576.06,77.3,15.3,2.41,100.3,30.3,21.7,84.7,10.48,Upper_Division,126.46,21.95
REC-00693,4/17/2024,SW_Monsoon,4,484.6,79.8,16.33,3.49,97.5,24.4,23.9,85,11.27,Middle_Division,111.64,23.04
REC-00694,4/17/2024,SW_Monsoon,4,560.56,71.6,15.34,2.74,92.6,23.7,20.3,81.3,9.3,West_Block,124.17,22.15
REC-00695,4/16/2024,SW_Monsoon,4,645.39,75.1,18.02,3.53,100.4,25,22.9,87,13.89,East_Block,143.54,22.24
REC-00696,4/16/2024,SW_Monsoon,4,366.93,78,14.27,3.43,99.3,28.9,20.8,81.2,8.74,Lower_Division,79.64,21.7
REC-00697,4/15/2024,SW_Monsoon,4,666.69,74.3,17.31,3.18,89.4,23.9,20.5,89.5,11.73,Lower_Division,145.58,21.84
REC-00698,4/14/2024,SW_Monsoon,4,461.82,73.7,13.9,2,97.8,23.3,18.1,89.3,9.47,Middle_Division,102.19,22.13
REC-00699,4/14/2024,SW_Monsoon,4,546.61,80.5,18.05,3.33,93.9,21.9,24.3,81.3,14.88,Middle_Division,121.01,22.14
REC-00700,4/14/2024,SW_Monsoon,4,520.02,82.3,13.99,2.91,94.6,23,20.3,87.1,14.15,Upper_Division,113.21,21.77
REC-00701,4/14/2024,SW_Monsoon,4,586.68,77.9,14.9,2.55,94.8,23.9,21.4,86,10.48,Lower_Division,135.14,23.03
REC-00702,4/14/2024,SW_Monsoon,4,842.66,76,17.25,2.68,93.5,23.5,19.6,86.2,12.08,West_Block,193.86,23.01
REC-00703,4/13/2024,SW_Monsoon,4,357.25,80.1,16.59,3.54,93.7,27.9,21.2,88.4,10.92,Upper_Division,78.13,21.87
REC-00704,4/13/2024,SW_Monsoon,4,301.79,76.3,16.13,2.78,98,27.8,21.9,85.4,10.24,Middle_Division,67.9,22.5
REC-00705,4/12/2024,SW_Monsoon,4,303.66,78.9,14.23,2.88,103.7,20.4,23.2,86.4,13.73,Lower_Division,69.56,22.91
REC-00706,4/12/2024,SW_Monsoon,4,481.26,78.7,17.68,2,94.6,21,24,83.1,9.84,East_Block,100.64,20.91
REC-00707,4/11/2024,SW_Monsoon,4,613.93,80.7,14.79,2.89,105.7,28,19,91.6,13.81,East_Block,136.89,22.3
REC-00708,4/11/2024,SW_Monsoon,4,634.48,80.7,17.21,3.8,102.5,21.6,22.8,89.5,10.38,Lower_Division,139.3,21.95
REC-00709,4/11/2024,SW_Monsoon,4,547.57,75.6,14.53,2.64,101.5,22.3,24.9,82.4,12.17,West_Block,125.57,22.93
REC-00710,4/11/2024,SW_Monsoon,4,615.93,76.9,15.01,2.49,95.5,29.1,21.3,86.5,14.97,Lower_Division,141.23,22.93
REC-00711,4/11/2024,SW_Monsoon,4,395.73,78.7,13.58,3.19,98.8,29.6,18.6,82.5,11.68,West_Block,88.34,22.32
REC-00712,4/11/2024,SW_Monsoon,4,875.24,77.6,16.78,3.11,101.1,27.1,23.5,82.4,9.21,Middle_Division,201.49,23.02
REC-00713,4/11/2024,SW_Monsoon,4,631.72,80.1,17.24,2.5,98.4,23.4,23.4,91.5,12.98,West_Block,137.25,21.73
REC-00714,4/11/2024,SW_Monsoon,4,706.03,73.7,13.9,3.4,103.7,24.9,23.5,85.7,11.91,West_Block,158.41,22.44
REC-00715,4/10/2024,SW_Monsoon,4,648.51,79,14.63,3.17,99.5,23.1,20.8,90.2,10.78,Lower_Division,149.17,23
REC-00716,4/10/2024,SW_Monsoon,4,678.76,80.1,16.33,2.59,97.8,19.3,19.1,90.2,11.81,Lower_Division,154.42,22.75
REC-00717,4/10/2024,SW_Monsoon,4,567.32,78.6,13.25,2.58,94.6,22.6,18.4,84.5,13.14,East_Block,121.97,21.5
REC-00718,4/9/2024,SW_Monsoon,4,636.53,75,16.48,2.74,100.5,28.1,18.6,89.7,13.13,Middle_Division,142.68,22.42
REC-00719,4/9/2024,SW_Monsoon,4,665.5,74.6,17.75,2.97,96.9,25.6,24.4,84.7,13.97,Upper_Division,149.37,22.44
REC-00720,4/8/2024,SW_Monsoon,4,576.13,76.9,14.76,3.35,97.6,24.2,18.2,85.2,10.19,Lower_Division,132.95,23.08
REC-00721,4/8/2024,SW_Monsoon,4,443.01,77.1,16.1,2.67,96.4,31,24.1,89,14.59,Middle_Division,99.06,22.36
REC-00722,4/8/2024,SW_Monsoon,4,452.62,70,14.23,3.04,89.2,26.8,22.7,84.6,10.01,Middle_Division,98.17,21.69
REC-00723,4/8/2024,SW_Monsoon,4,641.61,85,17.76,3.24,90.8,23.2,21.8,85.9,12.1,East_Block,137.7,21.46
REC-00724,4/8/2024,SW_Monsoon,4,391.59,79.4,15.64,3.64,97.7,25.4,20.5,87.2,10.41,Lower_Division,87.29,22.29
REC-00725,4/7/2024,SW_Monsoon,4,525.09,78.5,17.98,2.83,88,24.4,24,90.8,14.64,Lower_Division,118.57,22.58
REC-00726,4/6/2024,SW_Monsoon,4,430.04,80.1,15.23,2.74,110,28.8,23.3,90.6,13.19,Middle_Division,93.98,21.85
REC-00727,4/6/2024,SW_Monsoon,4,509.45,79.4,16,2.86,95.7,22.9,24.4,90.7,12.69,Lower_Division,117.4,23.04
REC-00728,4/6/2024,SW_Monsoon,4,641.21,76.5,15.55,3.26,89.3,23.8,21.9,89.2,12.46,East_Block,141.03,21.99
REC-00729,4/6/2024,SW_Monsoon,4,527.24,77.1,17.27,2,110.1,29.5,21.7,83.8,10.05,East_Block,106.27,20.16
REC-00730,4/5/2024,SW_Monsoon,4,599.39,78,14.59,3.56,102,27.9,24.6,89.7,12.57,East_Block,132.36,22.08
REC-00731,4/5/2024,SW_Monsoon,4,712.24,76.9,19.15,2.98,108.8,25.3,23,85,13.38,Lower_Division,156.87,22.03
REC-00732,4/5/2024,SW_Monsoon,4,673.63,79.9,15.43,2.8,103.7,29.8,19.7,82,14.81,Lower_Division,154.95,23
REC-00733,4/5/2024,SW_Monsoon,4,701.66,78.4,14.49,2.64,93.8,19,19.2,83.2,8.57,East_Block,151.89,21.65
REC-00734,4/5/2024,SW_Monsoon,4,576.48,77.9,15.47,3.16,100.9,28.6,22.2,88.2,14.96,West_Block,132.19,22.93
REC-00735,4/4/2024,SW_Monsoon,4,483.01,78.2,15.93,3.43,107.6,23.5,21.3,91.1,10.98,Upper_Division,111.09,23
REC-00736,4/4/2024,SW_Monsoon,4,688.24,75.2,16.09,3.45,96.8,22.6,18.4,89.5,11.11,Middle_Division,156.06,22.67
REC-00737,4/4/2024,SW_Monsoon,4,804.52,75.1,17.47,2,95.2,19.6,21.5,85.5,11.79,West_Block,171.21,21.28
REC-00738,4/3/2024,SW_Monsoon,4,500.21,84,18.25,3.71,101.9,24,20.7,84.5,12.6,Upper_Division,106.08,21.21
REC-00739,4/3/2024,SW_Monsoon,4,376.97,75.9,17.42,3.48,101.9,23.1,21.6,82.1,10.37,Lower_Division,86.54,22.96
REC-00740,4/3/2024,SW_Monsoon,4,485.44,75,16.7,3.04,96.6,25.5,24.3,89.4,12.48,Middle_Division,111.08,22.88
REC-00741,4/2/2024,SW_Monsoon,4,582.47,79.7,15.07,3.91,100,23.2,19.8,86.2,10.54,West_Block,132.37,22.73
REC-00742,4/1/2024,SW_Monsoon,4,593.09,80.3,18,2.65,103.7,23.4,21.8,82.6,11.5,Middle_Division,134.12,22.61
REC-00743,3/31/2024,Western,3,423.95,85,17.27,2.95,95.6,25.1,21.1,71.3,3.94,Lower_Division,87.43,20.62
REC-00744,3/31/2024,Western,3,262.47,72.1,14.98,2.76,88.6,21.5,21.9,71.3,4.74,Upper_Division,49.83,18.99
REC-00745,3/30/2024,Western,3,434.39,77.5,13.1,2.12,91.7,22.3,19.3,72.2,3.41,Upper_Division,82.81,19.06
REC-00746,3/29/2024,Western,3,499.01,78.8,15.8,2.9,98.9,26.4,16.6,83.6,2.7,Upper_Division,102.41,20.52
REC-00747,3/29/2024,Western,3,366.37,79,15.82,2.55,101,20.1,21.7,70.4,2.33,West_Block,73.94,20.18
REC-00748,3/29/2024,Western,3,543.86,78.5,13.63,3.19,101.4,22.5,19.9,72.5,4.29,Upper_Division,104.26,19.17
REC-00749,3/29/2024,Western,3,416.94,70,16.31,3.28,99.4,23.5,21.5,77.8,3.29,West_Block,88.18,21.15
REC-00750,3/29/2024,Western,3,459.62,75.6,15.83,2.73,104.3,25.8,21.2,83.3,4.86,West_Block,98.06,21.34
REC-00751,3/28/2024,Western,3,701.59,80.8,13.5,2.19,104.4,25,18.3,85,3.31,East_Block,140.9,20.08
REC-00752,3/28/2024,Western,3,631.85,77.2,16.98,2.49,102.3,24.1,21.8,83,4.64,West_Block,129.47,20.49
REC-00753,3/28/2024,Western,3,627.24,81.7,19.12,4.1,98.4,18,16.2,74.2,2.2,Middle_Division,116.52,18.58
REC-00754,3/27/2024,Western,3,757.62,80.2,18.13,3.2,95.6,23,17,84.1,4.42,Upper_Division,149.61,19.75
REC-00755,3/27/2024,Western,3,391.47,76,16.38,4.08,92.4,28.3,20.9,74.9,4.46,West_Block,76.13,19.45
REC-00756,3/26/2024,Western,3,577.49,75.3,14.99,3.45,97.7,20.8,18.5,76.8,2.81,Lower_Division,120.09,20.8
REC-00757,3/26/2024,Western,3,459.77,77.2,18.3,2.86,108.1,20.1,17.6,70.3,3.41,West_Block,90.24,19.63
REC-00758,3/26/2024,Western,3,324.37,78.7,14.46,3.06,105.1,28.4,20.6,72,4.05,West_Block,63.93,19.71
REC-00759,3/26/2024,Western,3,395.67,79.8,14.88,3.52,101.7,25.5,17.3,73.7,1.7,East_Block,78.32,19.8
REC-00760,3/25/2024,Western,3,563.01,76.1,14.11,2.18,101.7,28.1,18,76.8,3.38,Middle_Division,108.55,19.28
REC-00761,3/25/2024,Western,3,320.4,77.7,16.93,4,94.1,32.2,18.8,81.1,4.02,Lower_Division,65.07,20.31
REC-00762,3/25/2024,Western,3,317.04,76.2,13.74,3.23,105.3,25.4,18,75,1.97,East_Block,63.32,19.97
REC-00763,3/25/2024,Western,3,653.67,76.5,17.15,2.91,102.2,22.5,18,76,3.59,Middle_Division,134.13,20.52
REC-00764,3/24/2024,Western,3,530.79,81.4,15.63,3.03,97.4,24.4,21.5,78.9,3.77,West_Block,109.1,20.56
REC-00765,3/24/2024,Western,3,636.83,78.8,15.61,2.83,104.1,25,18.9,77.9,2.74,Lower_Division,134.14,21.06
REC-00766,3/24/2024,Western,3,620.07,80.3,17.93,2.25,95.2,26.3,18.8,79.1,1.97,Middle_Division,120.54,19.44
REC-00767,3/23/2024,Western,3,628.63,79.1,16.39,2.34,95.8,27.6,20.2,83,3.46,East_Block,125,19.88
REC-00768,3/23/2024,Western,3,410.18,74.8,13.6,3.39,98.1,23.6,17,79.2,4.68,West_Block,85.82,20.92
REC-00769,3/22/2024,Western,3,375.07,80.2,16.19,4.33,103.9,22.5,17.6,75.5,4.86,West_Block,78.02,20.8
REC-00770,3/22/2024,Western,3,449.51,77.9,17.34,3.46,98.8,27,16.5,71.1,4.64,Upper_Division,90.99,20.24
REC-00771,3/21/2024,Western,3,625.04,72.9,15.75,3.68,86.2,31.2,18.3,70.7,4.61,East_Block,121.16,19.38
REC-00772,3/21/2024,Western,3,648.04,79,14.47,2.68,94.9,26.3,19.3,72.8,2.62,Lower_Division,135.91,20.97
REC-00773,3/21/2024,Western,3,336.47,80.2,15.2,2.62,97.6,23.1,20.1,71,4.85,West_Block,69.89,20.77
REC-00774,3/20/2024,Western,3,761.4,77.4,15.74,2.43,95.7,21.3,21.9,71.4,3.63,Upper_Division,150.4,19.75
REC-00775,3/20/2024,Western,3,455.61,76.1,16.5,2.12,100.3,22.3,15.1,73.6,3.93,Middle_Division,91.66,20.12
REC-00776,3/20/2024,Western,3,590.51,77.5,17.01,2.19,91.3,21.1,19.4,75.5,4.51,West_Block,111.74,18.92
REC-00777,3/20/2024,Western,3,540.92,76.3,18.31,2.67,95,26.4,16.6,77.9,3.17,Middle_Division,109.73,20.29
REC-00778,3/19/2024,Western,3,779.52,75,14.01,3.99,101.8,26.3,16.3,81.3,2.8,West_Block,156.49,20.08
REC-00779,3/18/2024,Western,3,431.5,81.2,17.11,3.27,104,19.7,18.4,79,3.24,Middle_Division,83.15,19.27
REC-00780,3/17/2024,Western,3,675.78,79.8,14.74,2.7,101,25,21.4,80.6,4.07,East_Block,134.5,19.9
REC-00781,3/16/2024,Western,3,473.89,75,17.69,2.88,99,23.5,17.9,75.2,4.21,Middle_Division,97.12,20.5
REC-00782,3/16/2024,Western,3,444.16,80.1,13.84,3.24,104.9,28.8,15.8,82.5,4.02,Middle_Division,88.8,19.99
REC-00783,3/15/2024,Western,3,511.51,83.8,13.96,2.66,98,25.2,15.2,83.9,4.51,West_Block,101.85,19.91
REC-00784,3/15/2024,Western,3,390.52,78.5,14.89,3.26,98,27.8,19.6,77.1,4.52,West_Block,80.01,20.49
REC-00785,3/15/2024,Western,3,661.36,79.6,16.31,2,98.1,28.7,17,78.4,4.03,Middle_Division,131.52,19.89
REC-00786,3/13/2024,Western,3,615.77,78,16.19,2.62,96.5,22.4,21.8,70.6,4.18,East_Block,121.42,19.72
REC-00787,3/13/2024,Western,3,570.87,79.7,15.07,2.19,101.1,24.2,18.1,78.2,2,Lower_Division,117.94,20.66
REC-00788,3/13/2024,Western,3,526.58,78.4,14.91,3.17,110.5,24,17,82.3,1.93,Upper_Division,103.16,19.59
REC-00789,3/13/2024,Western,3,501.07,79.2,15.53,3.08,88.1,29.1,19.6,79.1,3.04,Middle_Division,91.95,18.35
REC-00790,3/13/2024,Western,3,494.92,75.1,16.87,3.11,97.2,25,19.3,74.1,4.06,East_Block,98.89,19.98
REC-00791,3/12/2024,Western,3,615.53,76.4,15.3,3.85,89.2,21.3,20.4,76.5,2.31,Middle_Division,120.41,19.56
REC-00792,3/12/2024,Western,3,416.52,76.2,14.25,3.64,92.3,26.5,16.6,71.2,4.58,Upper_Division,81.32,19.52
REC-00793,3/11/2024,Western,3,496.93,77.1,17.27,2.11,112.5,27.4,16.2,72.2,3.59,Lower_Division,95.81,19.28
REC-00794,3/11/2024,Western,3,693.53,83.1,17.26,3.35,97.6,24.1,19,80.4,3.64,Lower_Division,137.91,19.89
REC-00795,3/11/2024,Western,3,687.54,77.8,17.91,3.53,99.7,28.3,17.5,83.9,4,Middle_Division,137.99,20.07
REC-00796,3/10/2024,Western,3,581.68,79.4,14.43,2.84,97.3,25.4,21.1,80.1,2.86,Upper_Division,116.91,20.1
REC-00797,3/10/2024,Western,3,616.03,80,15.46,3.11,100.8,24.5,21.7,80.5,1.81,Middle_Division,126.47,20.53
REC-00798,3/10/2024,Western,3,831.47,76.2,13.9,2.95,92.1,29.8,20.6,84.2,3.7,West_Block,167.43,20.14
REC-00799,3/9/2024,Western,3,606.73,72.9,16.33,2.56,105.1,20.8,16.2,70.3,2.11,Lower_Division,125.28,20.65
REC-00800,3/9/2024,Western,3,665.42,78.7,17.23,3.06,87.5,19.8,21.4,75.5,1.82,East_Block,119.95,18.03
REC-00801,3/9/2024,Western,3,472.1,80.4,15.4,2.47,90.3,29.4,17.7,83.6,3.53,East_Block,91.18,19.31
REC-00802,3/9/2024,Western,3,506.9,80.3,12.93,3.57,92.7,26.6,21.9,74.1,4.58,East_Block,97.94,19.32
REC-00803,3/9/2024,Western,3,569.74,82.1,15.66,2.08,99.4,28.8,16.5,70.5,3.11,Upper_Division,111.76,19.62
REC-00804,3/8/2024,Western,3,556.29,80,17.17,2.81,105.8,22.6,17.6,79.5,1.73,Upper_Division,106.98,19.23
REC-00805,3/8/2024,Western,3,599.83,83.6,16.79,2.51,92.1,27,16.1,74.6,4.67,Lower_Division,122.14,20.36
REC-00806,3/8/2024,Western,3,658.2,77.1,15.43,2.2,104.6,28.6,17.2,84.1,2.27,Upper_Division,131.35,19.96
REC-00807,3/7/2024,Western,3,452.09,72,14.27,3.25,101.2,26.2,15.4,73.1,3.29,West_Block,91.61,20.26
REC-00808,3/7/2024,Western,3,567.31,78.2,16.5,3.04,101.4,25.9,19.5,70.5,4.08,Lower_Division,124.53,21.95
REC-00809,3/7/2024,Western,3,402.52,76.6,17.42,3.62,106.1,23.8,19.4,71.9,2.55,Lower_Division,81.9,20.35
REC-00810,3/7/2024,Western,3,484.48,80.2,13.98,3.71,101,22.9,15.2,75.8,2.14,West_Block,95.99,19.81
REC-00811,3/6/2024,Western,3,490.07,72,17,3.93,94.2,20,15.5,76,4.22,West_Block,95.82,19.55
REC-00812,3/6/2024,Western,3,717.05,79.4,15.58,2.56,99.2,21.5,18.6,77.9,4.59,West_Block,141.83,19.78
REC-00813,3/6/2024,Western,3,605.6,76.1,15.5,2.86,91.9,26.7,18.3,75.3,2.87,Middle_Division,128.22,21.17
REC-00814,3/5/2024,Western,3,590.65,79.6,15.81,2.97,96.7,24.1,16.9,74.5,3.71,East_Block,125.5,21.25
REC-00815,3/5/2024,Western,3,587.14,75.4,17.05,2.66,95.7,25.4,15.8,72.1,2.67,East_Block,121.89,20.76
REC-00816,3/5/2024,Western,3,454.82,82.9,17.31,2.63,88.2,27.1,17.2,78.3,4.1,Lower_Division,89.51,19.68
REC-00817,3/4/2024,Western,3,595.39,73.9,14.73,2.83,90.9,25.7,15.8,70.3,1.84,West_Block,118.46,19.9
REC-00818,3/2/2024,Western,3,552.68,84.7,14.52,3.31,97.8,22,17.5,84.2,3.68,Upper_Division,107.64,19.48
REC-00819,3/2/2024,Western,3,431.44,79.7,15.78,2.9,98.9,26,16.2,78.5,2.71,West_Block,90.58,21
REC-00820,3/1/2024,Western,3,353.78,80.7,13.67,2.8,92.4,24,21.7,84.2,2.15,Lower_Division,72.63,20.53
REC-00821,3/1/2024,Western,3,506.4,82.4,16.44,3.27,105.5,23.8,20.3,75.6,2.48,East_Block,102.49,20.24
REC-00822,2/29/2024,Off_Season,2,625.07,80.5,15.67,2.85,104.8,24.7,19.5,74.5,1.53,Middle_Division,117.53,18.8
REC-00823,2/29/2024,Off_Season,2,620.31,77.9,18.14,2.44,102.9,23.2,19.9,81.9,1.95,West_Block,115.64,18.64
REC-00824,2/29/2024,Off_Season,2,705.2,81.5,16.76,3.42,94.1,21.7,18.3,70.1,2.06,East_Block,132.02,18.72
REC-00825,2/28/2024,Off_Season,2,396.71,77.2,16.56,3.1,111.4,22.2,17.5,69,1.23,Lower_Division,71.66,18.06
REC-00826,2/28/2024,Off_Season,2,526.66,80.6,17,3.09,106,21.9,20.7,75.4,2.94,Lower_Division,98.95,18.79
REC-00827,2/27/2024,Off_Season,2,548.56,79.2,15.64,3.24,92.1,24.9,19.9,75.1,2.16,East_Block,104.13,18.98
REC-00828,2/27/2024,Off_Season,2,598.4,77.8,13.26,2.85,90.6,28.8,20.4,73.8,1.04,East_Block,107.23,17.92
REC-00829,2/27/2024,Off_Season,2,570.41,77.2,15.95,2.91,93.5,26.8,20.2,71.3,1.19,West_Block,111.38,19.53
REC-00830,2/27/2024,Off_Season,2,426.22,74.4,17,3.88,95.1,26.2,19.4,72.4,2.93,Upper_Division,77.18,18.11
REC-00831,2/26/2024,Off_Season,2,406.49,76.4,16.41,2.15,92.7,29.3,17.9,81.2,1.69,West_Block,74.49,18.33
REC-00832,2/26/2024,Off_Season,2,471.82,80.2,16.1,2.24,94.6,26,17,75.6,2.96,Middle_Division,85.02,18.02
REC-00833,2/26/2024,Off_Season,2,512.92,75.9,15.83,3.53,99.5,29.3,18.8,73.3,1.33,East_Block,95.04,18.53
REC-00834,2/25/2024,Off_Season,2,733.89,77,16.63,3.92,100.7,28.2,20.4,75.1,2.39,Middle_Division,136.91,18.66
REC-00835,2/25/2024,Off_Season,2,572.39,70,15.66,2,92.7,26,20.7,75.7,3.22,Middle_Division,103.71,18.12
REC-00836,2/25/2024,Off_Season,2,665.01,78.3,18.41,3.55,99,24.6,20.1,73.8,1.59,Upper_Division,123.63,18.59
REC-00837,2/25/2024,Off_Season,2,436.51,77.7,15.98,2.59,102.7,22.5,16.7,78.9,1.35,West_Block,85.9,19.68
REC-00838,2/24/2024,Off_Season,2,669.45,79.7,16.86,2.85,95.7,25.9,18.8,77.3,1.97,Lower_Division,131.67,19.67
REC-00839,2/24/2024,Off_Season,2,515.21,82.3,17.06,3.35,96.1,25.2,15.8,71,2.53,Middle_Division,95.59,18.55
REC-00840,2/23/2024,Off_Season,2,477.84,76,17.75,3.4,96.9,22.8,20.8,68.4,2.83,Middle_Division,90.11,18.86
REC-00841,2/23/2024,Off_Season,2,519.74,77.6,15.8,2,97,27.2,20.5,78,3.06,Middle_Division,94.64,18.21
REC-00842,2/23/2024,Off_Season,2,734.49,76.6,18.12,2,95.7,30,16.6,69.4,1.82,Middle_Division,134.6,18.33
REC-00843,2/23/2024,Off_Season,2,579.67,79.6,17.33,2.27,93.4,28.6,19.7,73,2.34,Lower_Division,104.81,18.08
REC-00844,2/23/2024,Off_Season,2,465.83,76.6,14.45,3.33,109.4,23.3,16.4,75,1.63,West_Block,87.8,18.85
REC-00845,2/22/2024,Off_Season,2,691.24,74.4,14.03,3.27,89.6,22.5,17.8,81,3.1,Upper_Division,119.34,17.26
REC-00846,2/22/2024,Off_Season,2,514.04,73,14.85,3.19,93,29,20.1,69.6,2.61,Middle_Division,90.18,17.54
REC-00847,2/22/2024,Off_Season,2,422.08,81.4,17.26,2.63,96.2,24.9,18.4,76,1.96,East_Block,77.41,18.34
REC-00848,2/21/2024,Off_Season,2,587.11,74.1,15.13,2.67,93,18,19.3,76.7,2.5,Lower_Division,107.73,18.35
REC-00849,2/21/2024,Off_Season,2,332.68,80,15.13,3.04,93,26.3,16.3,73.6,2.19,Upper_Division,64.3,19.33
REC-00850,2/21/2024,Off_Season,2,569.47,80.2,14.55,2.79,90.2,21,15.3,68.1,1.05,East_Block,98.48,17.29
REC-00851,2/21/2024,Off_Season,2,565.6,72.7,14.41,3.21,102.2,26.6,19.3,78.2,2.56,East_Block,106.43,18.82
REC-00852,2/20/2024,Off_Season,2,780.82,73.4,14.57,3.54,97.6,24.6,15.8,73.5,1.41,East_Block,139.59,17.88
REC-00853,2/20/2024,Off_Season,2,561.61,81.2,13.58,2.28,99.8,22.6,20.5,77.2,2.02,Middle_Division,101.51,18.07
REC-00854,2/19/2024,Off_Season,2,611.14,78.1,15.72,3.7,96.9,25.1,18.2,69.4,2.37,West_Block,115.06,18.83
REC-00855,2/19/2024,Off_Season,2,661.47,82.6,16.34,2.71,102.8,26.1,15.7,75.4,1.83,Middle_Division,127.65,19.3
REC-00856,2/19/2024,Off_Season,2,502.59,78.4,16.46,3.71,105.1,24.9,17,76.7,2.93,East_Block,92.13,18.33
REC-00857,2/18/2024,Off_Season,2,667.02,79,16.55,2.25,97.8,23.2,16.5,72.2,2.31,Upper_Division,126.16,18.91
REC-00858,2/17/2024,Off_Season,2,295.94,79.9,15.98,2.81,97.1,25.9,15.7,68.9,3.27,Middle_Division,56.4,19.06
REC-00859,2/16/2024,Off_Season,2,673.26,77.9,17.21,2.94,105.6,24.3,20.6,76.4,1.47,Upper_Division,124.62,18.51
REC-00860,2/16/2024,Off_Season,2,513.33,74.8,15.69,2.99,96,27.3,18.4,69.1,1.38,Middle_Division,94.94,18.5
REC-00861,2/15/2024,Off_Season,2,503.27,76.8,18.03,2.98,93.5,26.7,20.5,79.6,1.78,West_Block,96.14,19.1
REC-00862,2/15/2024,Off_Season,2,604.9,80.5,17.33,3.01,101.1,23.6,16.2,75.7,2.06,West_Block,114,18.85
REC-00863,2/15/2024,Off_Season,2,505.68,79.1,16.34,2.51,90.2,21.8,20.2,74.3,3.14,Middle_Division,91.72,18.14
REC-00864,2/14/2024,Off_Season,2,551.14,79.9,15.78,2.88,93.6,20.2,16.1,78.8,3.21,Middle_Division,101.81,18.47
REC-00865,2/14/2024,Off_Season,2,682.74,82.6,14.03,2.94,97,25.5,20.6,74,3.03,West_Block,130.92,19.18
REC-00866,2/14/2024,Off_Season,2,501.36,79.1,16.73,2.67,99,23.9,15.4,73.6,2.35,Upper_Division,92.85,18.52
REC-00867,2/13/2024,Off_Season,2,599.48,78.1,18.36,2.07,95.5,18.6,19.5,75.6,3.05,West_Block,110.43,18.42
REC-00868,2/12/2024,Off_Season,2,380.92,81.6,16.41,2.25,104.5,24.5,19.4,69.3,1.92,Middle_Division,69.48,18.24
REC-00869,2/12/2024,Off_Season,2,691.17,78.1,14,3.4,102.1,29.1,17.6,69.7,2.32,Upper_Division,127.15,18.4
REC-00870,2/12/2024,Off_Season,2,619.84,72.1,16.3,2.08,94.1,23.8,17.5,70.1,3.23,Middle_Division,111.89,18.05
REC-00871,2/10/2024,Off_Season,2,499.87,78.4,16.06,3.23,105.4,23.5,16.3,69,1.67,Lower_Division,101.26,20.26
REC-00872,2/10/2024,Off_Season,2,344.62,81.2,16.56,2.72,96,26.1,16.1,70.5,3.04,Middle_Division,66.96,19.43
REC-00873,2/9/2024,Off_Season,2,366.92,81.1,15.1,3.41,95.7,22.6,17.6,70.6,1.26,West_Block,69.32,18.89
REC-00874,2/9/2024,Off_Season,2,543.82,81.7,14.79,3.29,101.1,22.9,17.7,76.3,3.27,East_Block,100.66,18.51
REC-00875,2/9/2024,Off_Season,2,823.63,75.9,14.9,2.53,93.3,28.7,18.6,69.4,2.99,West_Block,149.35,18.13
REC-00876,2/9/2024,Off_Season,2,808.76,70,15.43,2.81,95.2,23.5,15.8,77.4,2.39,West_Block,152.05,18.8
REC-00877,2/9/2024,Off_Season,2,505.3,74.4,14.43,3.39,108.7,22.9,18.7,80.1,2.76,Upper_Division,92.22,18.25
REC-00878,2/8/2024,Off_Season,2,700.28,77.9,17.7,3.05,95.7,22.1,16.7,80.5,2.28,Lower_Division,136.15,19.44
REC-00879,2/8/2024,Off_Season,2,652.86,79.5,18.29,2,100.2,20.7,20.6,76.2,1.73,Upper_Division,113.78,17.43
REC-00880,2/8/2024,Off_Season,2,671.85,76.5,14.24,3.51,94.8,26.1,15.4,68.2,3.1,Middle_Division,122.26,18.2
REC-00881,2/7/2024,Off_Season,2,581.08,78.9,16.01,2.77,85,23,17,69.1,1.17,East_Block,105.18,18.1
REC-00882,2/6/2024,Off_Season,2,540.85,79.1,18.25,2.69,96.8,19.9,18.7,81.7,1.26,West_Block,101.9,18.84
REC-00883,2/5/2024,Off_Season,2,587.8,82.6,16.32,3.56,101.4,25.6,19.8,76.3,1.73,East_Block,112.07,19.07
REC-00884,2/5/2024,Off_Season,2,724.2,77.7,15.26,3.09,96.6,23.8,17.2,76.5,1.28,East_Block,138.98,19.19
REC-00885,2/5/2024,Off_Season,2,426.73,82.8,13.6,3.31,105.4,21.9,17.9,81.9,1.5,Middle_Division,77.79,18.23
REC-00886,2/4/2024,Off_Season,2,494.03,77.9,15.65,2.98,96.9,25.5,17.8,71.6,3.08,Middle_Division,99.78,20.2
REC-00887,2/4/2024,Off_Season,2,522.31,73.5,14.8,3.06,101.1,28.6,20.5,71.8,2.18,East_Block,96.43,18.46
REC-00888,2/3/2024,Off_Season,2,736.95,80,17.49,2.33,92.6,21.9,17.5,70.6,1.02,West_Block,126.84,17.21
REC-00889,2/3/2024,Off_Season,2,626.7,79.1,16.98,3.23,91.9,24.6,15.6,70.6,2.17,Middle_Division,119.47,19.06
REC-00890,2/3/2024,Off_Season,2,411.41,79.1,14.08,2.79,108.3,23.8,19.7,68.9,1.45,West_Block,76.02,18.48
REC-00891,2/3/2024,Off_Season,2,374.76,74.5,16.28,3.29,101.3,24.6,19.6,72.7,2.48,Middle_Division,71.24,19.01
REC-00892,2/2/2024,Off_Season,2,583.84,74.1,15.56,2.33,93.6,20.1,16.7,80.8,2.75,West_Block,105.12,18
REC-00893,2/2/2024,Off_Season,2,514.48,75.8,16.95,3.01,111.8,18,16.2,78.6,2.05,West_Block,93.99,18.27
REC-00894,2/1/2024,Off_Season,2,650.44,79,16.55,2.77,103.4,21.7,18.2,71.2,2.74,Lower_Division,119.34,18.35
REC-00895,1/31/2024,Western,1,517.8,77.9,16.53,3.71,99.9,25.5,18,72.3,3.22,Middle_Division,106.68,20.6
REC-00896,1/30/2024,Western,1,826.68,80.9,14.48,3.41,91.4,25.5,16.8,84.3,3.28,Lower_Division,169.2,20.47
REC-00897,1/29/2024,Western,1,640.66,77.3,16.31,2.78,96.4,25,22,80.4,2.69,East_Block,132.85,20.74
REC-00898,1/29/2024,Western,1,453.22,76.2,15.31,2.91,90.3,19.9,16.2,81.4,4.97,West_Block,89.61,19.77
REC-00899,1/29/2024,Western,1,495.36,81.5,15.47,4.08,103.3,28.1,17,75,3.94,West_Block,95.59,19.3
REC-00900,1/29/2024,Western,1,380.18,77.6,14.83,2.8,100.5,25.2,16.5,75.9,1.88,Upper_Division,76.9,20.23
REC-00901,1/29/2024,Western,1,475.98,79.3,14.35,3.78,99.2,26.2,15.1,72.8,3.85,Middle_Division,94.08,19.77
REC-00902,1/29/2024,Western,1,725.01,78.8,16.12,2.41,85.5,24.9,19.2,70.8,4.47,East_Block,136.5,18.83
REC-00903,1/29/2024,Western,1,555.52,74.7,15.64,2.4,100.2,26.6,15.4,74.7,2.16,East_Block,114.84,20.67
REC-00904,1/29/2024,Western,1,435.15,75.5,17.3,3.31,97.5,22.9,15.7,79.1,3.93,Middle_Division,89.16,20.49
REC-00905,1/28/2024,Western,1,500.61,79,14.93,3.55,105.9,30.9,19.5,83.2,3.62,Upper_Division,95.16,19.01
REC-00906,1/28/2024,Western,1,707.92,78.7,15.19,2.91,98.5,21.9,21.8,82.2,2.03,Upper_Division,141.27,19.96
REC-00907,1/28/2024,Western,1,518.1,78.8,15.87,2,102.2,25.5,20.8,73.2,2.55,Middle_Division,105.8,20.42
REC-00908,1/26/2024,Western,1,557.19,72.3,16.19,3.16,102.3,21.2,15.5,70.5,3.98,West_Block,116.38,20.89
REC-00909,1/26/2024,Western,1,345.25,76.8,16.66,2,87.8,28.5,18.2,79.1,4.65,West_Block,64.43,18.66
REC-00910,1/26/2024,Western,1,580.5,79.3,17.05,3.2,92.8,27,21.6,73,2.7,East_Block,115.85,19.96
REC-00911,1/25/2024,Western,1,541.44,75.3,18.58,3.89,99.5,27.1,20.7,76.2,4.15,Middle_Division,110.28,20.37
REC-00912,1/24/2024,Western,1,409.28,80.3,15.53,3.32,93.1,24.4,16.3,74.3,3.18,West_Block,84.03,20.53
REC-00913,1/24/2024,Western,1,552.14,81,15.66,2.67,102.2,29.9,19.6,76.7,2.82,Upper_Division,110.06,19.93
REC-00914,1/23/2024,Western,1,468.58,75.7,15.54,2.7,98.6,28.6,17.1,81.4,4.15,Middle_Division,96.39,20.57
REC-00915,1/23/2024,Western,1,477.56,80,18.19,3.05,90.6,25.7,16.2,80.2,3.09,East_Block,98.31,20.59
REC-00916,1/23/2024,Western,1,641.85,77.8,18.22,3.12,96.7,19.9,20.3,80.8,2.14,West_Block,131.27,20.45
REC-00917,1/23/2024,Western,1,312.78,84,15.26,2.85,96.4,26.9,15.9,71.7,1.91,West_Block,65.19,20.84
REC-00918,1/23/2024,Western,1,561.01,81.7,14.99,3.14,100.8,25.8,17.1,73.3,2.76,Upper_Division,109.79,19.57
REC-00919,1/23/2024,Western,1,362.3,81.6,15.72,3.37,98.8,27.4,19.1,77.3,2.29,West_Block,74.72,20.63
REC-00920,1/23/2024,Western,1,575.88,79.4,15.47,2.78,92.4,28,17.6,83.1,2.38,West_Block,118.56,20.59
REC-00921,1/22/2024,Western,1,771.84,78.5,14.04,3.14,105.8,26.8,17.1,75.4,4.06,Upper_Division,148.6,19.25
REC-00922,1/21/2024,Western,1,400.85,77.4,15.53,3.02,98.4,31,21.3,72,2.5,Upper_Division,82.08,20.48
REC-00923,1/21/2024,Western,1,297.69,77.7,14.99,2.57,95.3,26.7,20.8,77.2,3.91,East_Block,59.62,20.03
REC-00924,1/20/2024,Western,1,516.26,74.6,16.19,3.22,100.2,22.7,18.4,78.9,2.62,Middle_Division,102.68,19.89
REC-00925,1/20/2024,Western,1,564.97,78.1,15.74,2.96,100.6,21.5,18.9,72.2,3.7,West_Block,113.8,20.14
REC-00926,1/20/2024,Western,1,423.72,74.1,15.29,2.4,88.8,28.1,21.4,76,2.31,West_Block,81.12,19.15
REC-00927,1/20/2024,Western,1,379.87,77.7,19.39,2.92,92.2,25.5,21.2,71.3,3.39,Upper_Division,73.86,19.44
REC-00928,1/19/2024,Western,1,302.78,84.8,16.51,3.3,95.1,23.3,16.5,75,4.87,East_Block,58.01,19.16
REC-00929,1/19/2024,Western,1,732.32,80.7,16.17,2.48,95.4,30.3,20,83.2,2.9,West_Block,150.54,20.56
REC-00930,1/19/2024,Western,1,616.65,82.1,18.98,3.33,94.2,25.7,18.4,71.7,1.95,East_Block,122.45,19.86
REC-00931,1/19/2024,Western,1,449.66,79.7,15.6,3.54,97.9,24,15.3,82.7,4.55,Lower_Division,96.26,21.41
REC-00932,1/18/2024,Western,1,615.63,78,16.9,3.07,102.8,18,19.3,70.8,3.35,Upper_Division,121.86,19.8
REC-00933,1/18/2024,Western,1,630.33,70,15.83,2.04,93.2,27.7,19.4,82,3.17,West_Block,118.76,18.84
REC-00934,1/17/2024,Western,1,702.96,75.5,17.39,2.67,98.4,23.4,17,80.1,1.73,East_Block,140.22,19.95
REC-00935,1/17/2024,Western,1,371.17,80.5,16.22,3.58,97.1,20.5,17.9,80.6,4.91,Middle_Division,72.53,19.54
REC-00936,1/17/2024,Western,1,499.48,73.2,13.75,3.38,105.1,25.1,21.5,82.2,2.74,East_Block,100.27,20.07
REC-00937,1/17/2024,Western,1,555.89,77.9,13.97,3.34,96.7,23.7,21.4,77.8,1.92,East_Block,113.68,20.45
REC-00938,1/17/2024,Western,1,641.64,79.5,16.6,2.79,97.4,24.6,15.1,80.3,4.94,Lower_Division,136.32,21.25
REC-00939,1/16/2024,Western,1,710.49,81.3,17.15,3.5,100,18,21.8,78.7,4.56,West_Block,141.31,19.89
REC-00940,1/16/2024,Western,1,484.45,72.4,15.22,2.57,92.7,21.8,15.7,70.6,3.91,West_Block,100.42,20.73
REC-00941,1/16/2024,Western,1,517.34,81.5,17.85,3.22,98.7,24.2,19.5,72.7,3.54,Upper_Division,104.57,20.21
REC-00942,1/16/2024,Western,1,485.86,76,16.14,2.2,101.1,27.6,17,72.9,4.91,East_Block,99.53,20.49
REC-00943,1/16/2024,Western,1,685.95,77.2,19.09,3.13,101,28.1,16.3,78.2,4.84,Middle_Division,137.06,19.98
REC-00944,1/16/2024,Western,1,668.64,74.1,16.67,2.98,98.4,24.8,19.9,73.4,1.68,Lower_Division,140.93,21.08
REC-00945,1/16/2024,Western,1,451.4,72,18.44,2.74,92.4,23.6,16.4,74.5,2.34,East_Block,86.44,19.15
REC-00946,1/16/2024,Western,1,488.79,73.4,15.1,2.55,98.3,30.9,18.7,75,3.47,Middle_Division,97.58,19.96
REC-00947,1/16/2024,Western,1,560.48,79.9,14.9,3.12,91.8,22.2,19.7,72.7,3.71,Upper_Division,108.07,19.28
REC-00948,1/16/2024,Western,1,560.3,80.6,16.07,3.76,101.9,22.6,15.3,70,2.84,Lower_Division,114.43,20.42
REC-00949,1/15/2024,Western,1,831.89,77.6,17.42,2.54,98.5,24,17.8,72.8,3.54,West_Block,163.77,19.69
REC-00950,1/15/2024,Western,1,680.76,82.5,15.46,3.36,93.7,23.6,17.1,77.1,1.98,West_Block,137.41,20.18
REC-00951,1/15/2024,Western,1,693.8,75.7,16.02,2.79,103.2,25.4,18.9,82.7,4.99,East_Block,136.96,19.74
REC-00952,1/15/2024,Western,1,900,80.1,16.72,3.01,104.6,25.7,20.9,72.2,4.52,Lower_Division,185.72,20.64
REC-00953,1/14/2024,Western,1,545.18,81.1,15.25,3.55,91.7,23.7,18,84.7,4.28,Middle_Division,104.36,19.14
REC-00954,1/14/2024,Western,1,743.98,76.3,15.01,2.84,95.3,24.7,20.8,70.4,3.92,Upper_Division,154.45,20.76
REC-00955,1/13/2024,Western,1,408.8,77.6,17.88,3.15,92,30.3,18.1,75.1,2.64,Upper_Division,77.52,18.96
REC-00956,1/12/2024,Western,1,451.68,78.3,17.74,3.61,102.7,26.6,15.2,81.1,4.86,West_Block,89.93,19.91
REC-00957,1/12/2024,Western,1,593.56,79.2,14.24,2.5,103.8,30.7,17.9,82.8,4.24,West_Block,116.39,19.61
REC-00958,1/12/2024,Western,1,618.31,75.7,16.11,2.88,102.8,22,18.7,71.7,3.5,Upper_Division,123.78,20.02
REC-00959,1/11/2024,Western,1,554.48,81.3,14.64,3.09,90.7,26.1,19.4,78.1,4.76,West_Block,110.24,19.88
REC-00960,1/11/2024,Western,1,609.04,73.8,14.3,2.52,98,24.7,21.2,78.5,3.94,Upper_Division,117.23,19.25
REC-00961,1/11/2024,Western,1,500.65,77.7,16.22,2.05,97.7,25.7,16.3,74.7,3.37,East_Block,100.46,20.07
REC-00962,1/11/2024,Western,1,625.83,76.7,16.65,2.55,90.1,28.1,15.3,74.6,3.93,Middle_Division,127.94,20.44
REC-00963,1/11/2024,Western,1,512.98,76.8,13.98,3.47,98,26.8,19.5,70.3,4.08,Lower_Division,104.34,20.34
REC-00964,1/9/2024,Western,1,366.04,79.2,14.1,2.26,92.8,21.7,20.9,82.2,3.25,East_Block,69.72,19.05
REC-00965,1/9/2024,Western,1,826,82.9,13.84,3.64,101.3,23.6,18.1,74.6,3.69,Lower_Division,162.78,19.71
REC-00966,1/9/2024,Western,1,527.63,85,15.28,3.19,96.7,21.7,15.3,70.1,4.96,Upper_Division,100.23,19
REC-00967,1/8/2024,Western,1,343.3,78.4,15.67,3.64,91.4,24.7,20.9,71.8,2.38,Middle_Division,66.54,19.38
REC-00968,1/8/2024,Western,1,617.37,81.4,15.3,3.38,100,23.3,20.4,73.9,2.76,East_Block,125.84,20.38
REC-00969,1/8/2024,Western,1,605.46,81.4,15.84,3.57,94.6,24.4,17.6,81.2,4.71,West_Block,121.47,20.06
REC-00970,1/7/2024,Western,1,703.77,82.1,13.17,2.79,100.2,26.4,21.3,72.6,3.07,Lower_Division,149.59,21.26
REC-00971,1/6/2024,Western,1,661.71,73.4,18.72,3.61,98.5,24,16.1,78.9,2.5,Lower_Division,132.22,19.98
REC-00972,1/6/2024,Western,1,582.83,78.7,15.1,3.53,97,22.6,20.5,84.9,3.44,West_Block,116.57,20
REC-00973,1/4/2024,Western,1,684.62,76.6,15.71,2.74,94.3,30.3,17.6,83.9,1.98,East_Block,133.2,19.46
REC-00974,1/3/2024,Western,1,430.85,81.2,16.69,3.05,101.8,23.2,19.1,77.4,4.82,West_Block,90.93,21.1
REC-00975,1/2/2024,Western,1,557.89,75.2,15.1,3.39,97.7,22.4,17.9,73.7,2.1,Lower_Division,119.02,21.33
REC-00976,1/2/2024,Western,1,572.89,73.5,16.31,3.19,89.2,20,17.1,76.9,2.51,West_Block,113.76,19.86
REC-00977,1/2/2024,Western,1,488.72,74.8,17.31,3.53,97.6,27.1,19.1,78.3,4.53,Lower_Division,98.73,20.2
REC-00978,1/2/2024,Western,1,483.01,75.9,16.92,2.79,104.4,26.8,15.6,77.7,1.88,East_Block,101.27,20.97
REC-00979,1/1/2024,Western,1,295.97,77.8,17.87,2.27,96.1,26.8,21,72.2,1.77,Middle_Division,62.67,21.17
REC-00980,12/31/2023,NE_Monsoon,12,466.75,79.4,17.58,3.25,97.9,22.3,17.9,80.5,9.34,East_Block,95.23,20.4
REC-00981,12/31/2023,NE_Monsoon,12,643.35,71.6,15.78,2.94,103.2,28.9,18.7,78.6,10.32,West_Block,132.32,20.57
REC-00982,12/31/2023,NE_Monsoon,12,431.87,73.6,12,3.75,93,23.8,20.9,88.7,6.85,West_Block,86.83,20.11
REC-00983,12/31/2023,NE_Monsoon,12,528.19,81.3,14.59,2.05,97.2,26,20.2,82.9,7.82,East_Block,105.34,19.94
REC-00984,12/30/2023,NE_Monsoon,12,598.97,82.8,14.65,3.47,100.2,24,21.3,86.3,7.91,Middle_Division,126.46,21.11
REC-00985,12/30/2023,NE_Monsoon,12,698.5,78.6,18.37,3.44,104.7,31,20.1,80.9,5.01,Lower_Division,147.88,21.17
REC-00986,12/29/2023,NE_Monsoon,12,400.41,80.7,13.55,2.63,102,29.7,20.3,88.5,7.51,West_Block,81.35,20.32
REC-00987,12/29/2023,NE_Monsoon,12,556.56,76.6,16.66,3.43,96.6,19.3,23.6,88.2,9.78,West_Block,120.18,21.59
REC-00988,12/29/2023,NE_Monsoon,12,584.58,74.8,14.11,2.98,105.3,26.3,17.6,89.4,6.65,East_Block,117.69,20.13
REC-00989,12/29/2023,NE_Monsoon,12,549.5,79.1,18.56,2.5,97.7,20.3,23.8,87.6,7.34,Lower_Division,114.28,20.8
REC-00990,12/28/2023,NE_Monsoon,12,483.67,77.2,15.11,3.72,99.4,23.3,20.3,87,6.26,Lower_Division,101.69,21.02
REC-00991,12/28/2023,NE_Monsoon,12,474.78,80.7,14.31,3.12,97.5,27.1,18.3,88.9,9.69,West_Block,98.36,20.72
REC-00992,12/28/2023,NE_Monsoon,12,578.01,80.7,15.06,2.65,99.3,28.5,18.5,78.9,6.57,Lower_Division,119.85,20.73
REC-00993,12/27/2023,NE_Monsoon,12,588.41,74,14.03,3.5,95.3,24.6,17.1,83.8,5.32,East_Block,122.1,20.75
REC-00994,12/27/2023,NE_Monsoon,12,571.32,78.8,14.81,2.64,101,28.9,22.4,87.6,9.98,Middle_Division,120.28,21.05
REC-00995,12/27/2023,NE_Monsoon,12,630.07,75.8,17.48,2.33,93.6,22.4,22,79,9.2,Upper_Division,124.96,19.83
REC-00996,12/26/2023,NE_Monsoon,12,607.77,77.6,16.5,3.42,98.8,29.3,17.9,82.8,6.54,Middle_Division,124.66,20.51
REC-00997,12/26/2023,NE_Monsoon,12,438.82,72.9,15.2,2.24,100.7,24.8,21.6,79.5,5.99,East_Block,91.76,20.91
REC-00998,12/26/2023,NE_Monsoon,12,542.81,75.6,13.57,2,94.3,26.2,24,82.7,8.54,Middle_Division,113.47,20.9
REC-00999,12/25/2023,NE_Monsoon,12,554.24,77.4,14.37,2.61,95.5,21.9,21.9,83.5,8.01,Upper_Division,111.24,20.07
REC-01000,12/24/2023,NE_Monsoon,12,632.42,74.9,15.4,2,101.3,21.6,19.1,88.6,9.1,Middle_Division,129.99,20.55
REC-01001,12/24/2023,NE_Monsoon,12,632.34,73.9,13.88,3.74,97,28.1,23.2,82.8,5.38,West_Block,129.45,20.47
REC-01002,12/24/2023,NE_Monsoon,12,547.55,76.7,16.96,4.05,95.7,24.2,23.4,86,5.08,East_Block,113.88,20.8
REC-01003,12/24/2023,NE_Monsoon,12,623.23,79.5,16.71,3.19,97.1,30.5,21.2,79.5,10.46,Lower_Division,133.57,21.43
REC-01004,12/23/2023,NE_Monsoon,12,603.66,77.4,17.77,3.03,104.2,27.1,17.3,88.3,6.31,West_Block,128.05,21.21
REC-01005,12/23/2023,NE_Monsoon,12,541.82,78.5,17.5,3.38,101.1,25.9,20.1,80.1,5.27,West_Block,114.11,21.06
REC-01006,12/22/2023,NE_Monsoon,12,339.79,75.1,17.69,3.03,99,26.7,22.3,83.2,9.88,Upper_Division,68.68,20.21
REC-01007,12/22/2023,NE_Monsoon,12,469.66,78.7,14.89,3.55,85.6,23.6,19.8,85.8,6.99,Middle_Division,92.73,19.74
REC-01008,12/22/2023,NE_Monsoon,12,376.88,78.7,16.15,3.78,99.3,25.5,18.4,85.2,6.88,East_Block,76.02,20.17
REC-01009,12/21/2023,NE_Monsoon,12,536.34,74.6,16.65,3.08,94.3,23.5,23,83.1,10.19,Upper_Division,113.16,21.1
REC-01010,12/21/2023,NE_Monsoon,12,527.61,78,19.26,3.72,89.6,26.2,22.8,88.9,6.44,Upper_Division,96.82,18.35
REC-01011,12/20/2023,NE_Monsoon,12,587.05,73.8,15.49,2.56,91.5,26.3,19.4,85.9,5.09,Middle_Division,119.77,20.4
REC-01012,12/20/2023,NE_Monsoon,12,553.92,80.9,16.04,3.22,90.4,22.7,19.9,84.3,5.76,East_Block,113.57,20.5
REC-01013,12/20/2023,NE_Monsoon,12,478.98,79.4,15.66,3.78,92.8,20.8,22.9,83.9,9.66,West_Block,96.57,20.16
REC-01014,12/20/2023,NE_Monsoon,12,744.87,73.7,15.75,3.52,94.9,25.7,18.3,82.2,10.28,East_Block,154.95,20.8
REC-01015,12/19/2023,NE_Monsoon,12,507.44,76.4,14.84,2.34,99.3,23.2,20.2,87,6.6,Upper_Division,102.21,20.14
REC-01016,12/19/2023,NE_Monsoon,12,387.38,79.9,13.23,3.24,106.5,25.9,22.1,81.5,6.72,Upper_Division,75.72,19.55
REC-01017,12/18/2023,NE_Monsoon,12,593.51,74.5,17.74,3.09,91.3,22.1,19.5,78.8,10.59,Lower_Division,128.33,21.62
REC-01018,12/18/2023,NE_Monsoon,12,715.01,75.6,14.29,3.46,103.5,26,19,78.3,7.35,Middle_Division,154.55,21.62
REC-01019,12/16/2023,NE_Monsoon,12,417.44,80.6,14.29,3.08,96,19.2,21.9,84.4,7.66,Lower_Division,89.57,21.46
REC-01020,12/16/2023,NE_Monsoon,12,461.64,81,15.35,3.21,92.9,24.3,18.2,87.1,9.72,Upper_Division,95.99,20.79
REC-01021,12/15/2023,NE_Monsoon,12,582.24,77.2,15.23,3,94.1,19.2,23.1,80,7,West_Block,120.09,20.62
REC-01022,12/15/2023,NE_Monsoon,12,459.7,76.9,16.23,2.8,96.8,27.3,19.4,84.7,7.46,Upper_Division,96.49,20.99
REC-01023,12/15/2023,NE_Monsoon,12,658.82,77.9,13.82,2.67,97.4,29.1,17.7,78.8,5.87,East_Block,136.53,20.72
REC-01024,12/15/2023,NE_Monsoon,12,669.46,81.3,15.88,3.34,100.9,26.5,20.2,88.4,10.25,East_Block,141.45,21.13
REC-01025,12/14/2023,NE_Monsoon,12,493.01,78.9,15.02,3.95,97.5,24.9,20.6,84.3,8.06,West_Block,102.53,20.8
REC-01026,12/14/2023,NE_Monsoon,12,586.36,78.5,15.12,3.1,97.3,24.7,20.6,80.1,9.57,West_Block,128.96,21.99
REC-01027,12/14/2023,NE_Monsoon,12,495.77,79.3,18.3,2.97,103.8,26.3,23.4,81.6,10.38,Lower_Division,106.74,21.53
REC-01028,12/14/2023,NE_Monsoon,12,537.49,72.2,17.93,3.27,101.8,25,20,80.1,7.03,West_Block,110.64,20.58
REC-01029,12/14/2023,NE_Monsoon,12,722.46,81.1,15.92,3.47,98.8,29.2,21.7,83.4,8.91,Upper_Division,144.1,19.95
REC-01030,12/13/2023,NE_Monsoon,12,634.99,75.1,17.16,3.94,98.1,26.3,17.6,80.2,7.7,Middle_Division,128.85,20.29
REC-01031,12/13/2023,NE_Monsoon,12,472.61,83.8,14.91,2.74,91.2,22.6,22.4,86.6,5.72,East_Block,94.44,19.98
REC-01032,12/13/2023,NE_Monsoon,12,576.39,75.3,16.06,2.89,102.7,20.7,18.1,79.7,5.75,East_Block,118.48,20.56
REC-01033,12/12/2023,NE_Monsoon,12,576.32,76.4,16.05,2.64,87.1,22,18,89.3,10.59,Upper_Division,113.36,19.67
REC-01034,12/12/2023,NE_Monsoon,12,440.67,77.2,15.5,2.14,96.4,22.8,20,89.8,6.86,Middle_Division,92.94,21.09
REC-01035,12/12/2023,NE_Monsoon,12,541.62,82.8,14.8,3.19,101.5,25.4,23.5,87.9,9.78,West_Block,113.88,21.03
REC-01036,12/12/2023,NE_Monsoon,12,454.39,81.3,15.31,3.17,99.7,26.5,19.6,81.6,5.05,Lower_Division,98.52,21.68
REC-01037,12/12/2023,NE_Monsoon,12,644.77,82.4,16.07,2.65,97.4,25.4,17.2,78.5,8.47,Middle_Division,135.1,20.95
REC-01038,12/12/2023,NE_Monsoon,12,716.14,82.1,16.38,2.33,100.7,29.7,22.1,85.5,10.49,Upper_Division,149.07,20.82
REC-01039,12/12/2023,NE_Monsoon,12,520.97,76.3,14.78,3.38,102.9,25.2,17.6,90,10.08,West_Block,113.49,21.79
REC-01040,12/12/2023,NE_Monsoon,12,786.33,77.3,14.9,2.36,92.2,21.7,22.8,82.2,7.27,West_Block,158.56,20.16
REC-01041,12/11/2023,NE_Monsoon,12,607.46,77.5,15.96,2.29,90.9,24.4,22.2,87.2,10.49,West_Block,128.54,21.16
REC-01042,12/11/2023,NE_Monsoon,12,384.32,75.9,16.62,3.26,86.1,22.5,17.6,84.7,5.08,Middle_Division,76.85,20
REC-01043,12/11/2023,NE_Monsoon,12,491.26,76.9,15.85,2.77,100.6,27.5,22.2,80.6,5.41,West_Block,104.07,21.18
REC-01044,12/11/2023,NE_Monsoon,12,512.25,78.7,18.3,2.68,87.9,26.2,17.3,84.3,5.19,Middle_Division,102.05,19.92
REC-01045,12/10/2023,NE_Monsoon,12,572.11,76.9,16.91,2.88,96.3,21.5,20.5,83.7,10.42,Upper_Division,121.58,21.25
REC-01046,12/10/2023,NE_Monsoon,12,547.6,76.6,13.8,2.45,89.6,28.2,20.2,84.3,10.57,Lower_Division,111.86,20.43
REC-01047,12/10/2023,NE_Monsoon,12,590.78,74.4,14.41,3.26,96.1,21.4,21.2,80.2,6.61,Middle_Division,120.05,20.32
REC-01048,12/10/2023,NE_Monsoon,12,709.49,76.5,18.98,2.34,103.3,26,23,81.1,7.31,Upper_Division,147.91,20.85
REC-01049,12/10/2023,NE_Monsoon,12,543.76,79.1,14.92,2.91,104.3,25.8,19.9,80.2,10.33,Middle_Division,114.69,21.09
REC-01050,12/8/2023,NE_Monsoon,12,412.68,76.3,16.1,2.95,90.4,24.9,19.9,87.4,7.01,Upper_Division,85.2,20.65
REC-01051,12/8/2023,NE_Monsoon,12,578.39,77.4,15.38,2.61,112.2,23.9,18.9,87.2,9.83,Lower_Division,122.05,21.1
REC-01052,12/8/2023,NE_Monsoon,12,773.54,81.2,16.19,3.55,96.2,28.6,20.8,88.6,6.43,East_Block,158.58,20.5
REC-01053,12/8/2023,NE_Monsoon,12,670.05,81,15.97,2.38,90.7,24.7,20.6,82,6.57,Lower_Division,137.15,20.47
REC-01054,12/7/2023,NE_Monsoon,12,651.82,75.7,18.41,2.71,93.9,30,21.5,84.4,9.35,East_Block,129.92,19.93
REC-01055,12/7/2023,NE_Monsoon,12,583.05,73.5,17.37,3.09,104.5,25.7,19.6,86.4,7.7,East_Block,123.58,21.2
REC-01056,12/7/2023,NE_Monsoon,12,601.62,74.7,16.76,3.21,87.9,25.4,18,84.6,8.68,West_Block,121.31,20.16
REC-01057,12/7/2023,NE_Monsoon,12,485.72,81.2,16.71,2.74,105.1,25.2,17.2,86.6,5.62,Middle_Division,99.5,20.49
REC-01058,12/6/2023,NE_Monsoon,12,681.59,79.7,15.36,3.26,95.4,21.8,19.1,79.6,7.17,West_Block,144.33,21.17
REC-01059,12/6/2023,NE_Monsoon,12,829.96,85,17.94,3.01,102.3,20.1,18.9,78.7,7.32,Upper_Division,155.91,18.79
REC-01060,12/6/2023,NE_Monsoon,12,417.24,78.7,16.15,2.73,92.6,22.6,19.5,81,10.19,Upper_Division,88.91,21.31
REC-01061,12/5/2023,NE_Monsoon,12,607.31,80.7,14.62,2.82,98.2,24,23.2,85.1,9.57,Upper_Division,122.5,20.17
REC-01062,12/5/2023,NE_Monsoon,12,811.28,83.4,13.26,2.63,94.9,32.5,20.1,87.3,7.93,West_Block,161.83,19.95
REC-01063,12/5/2023,NE_Monsoon,12,636.23,81.3,15.76,2.71,87.5,24.8,20.6,88,9.19,Lower_Division,133.96,21.06
REC-01064,12/5/2023,NE_Monsoon,12,574.95,83,17.48,3.75,96.5,25.8,17.6,89.1,7.58,West_Block,119.11,20.72
REC-01065,12/5/2023,NE_Monsoon,12,612.69,76.1,15.33,2.56,95,29.6,23.8,87.7,10.33,West_Block,126.34,20.62
REC-01066,12/4/2023,NE_Monsoon,12,611.04,73.6,17.46,3.16,85,26.5,20.1,83.4,7.06,Lower_Division,118.45,19.39
REC-01067,12/3/2023,NE_Monsoon,12,462.26,82.4,13.72,3.01,92.5,27.9,22.6,83.4,7.94,Lower_Division,96.04,20.78
REC-01068,12/3/2023,NE_Monsoon,12,728.07,74.3,15.3,2.75,92.9,23.1,18.6,85,9.52,Lower_Division,150.24,20.64
REC-01069,12/2/2023,NE_Monsoon,12,611.63,77.7,17.12,2.62,101.1,28.4,20.5,86.2,8.33,Middle_Division,126.73,20.72
REC-01070,12/1/2023,NE_Monsoon,12,594.53,75,14.9,2.58,106.7,24.4,18.4,83,7.18,West_Block,122.28,20.57
REC-01071,12/1/2023,NE_Monsoon,12,573.87,74.9,16.69,3.18,91.3,18,23.2,83.2,5.43,Middle_Division,117.68,20.51
REC-01072,12/1/2023,NE_Monsoon,12,442.37,77.3,15.89,3.03,94.2,21.8,18.1,78.9,6.16,East_Block,90.35,20.42
REC-01073,11/30/2023,NE_Monsoon,11,487.68,78.9,16.01,2.95,97.1,30,21.2,82.7,5.67,East_Block,100.15,20.54
REC-01074,11/29/2023,NE_Monsoon,11,561.4,80.5,18.59,3.21,99.2,25.2,20.6,81.2,10.3,West_Block,118.24,21.06
REC-01075,11/29/2023,NE_Monsoon,11,550.88,79.4,14.38,2.04,101.6,26.7,19.6,87.1,7.75,Upper_Division,108.83,19.76
REC-01076,11/29/2023,NE_Monsoon,11,540.42,78.7,15.08,2.08,95.8,21.6,22.5,82,8.35,Lower_Division,113.8,21.06
REC-01077,11/29/2023,NE_Monsoon,11,593.5,79,17.69,3.04,85.8,26.3,17.7,82.6,9.4,Middle_Division,115.91,19.53
REC-01078,11/29/2023,NE_Monsoon,11,373.81,75.1,15.95,3.84,109,27,22.2,81.1,6.95,East_Block,78.04,20.88
REC-01079,11/28/2023,NE_Monsoon,11,720.93,79.4,15.66,3.36,103.7,20.6,19.8,87.1,8.69,West_Block,148.42,20.59
REC-01080,11/28/2023,NE_Monsoon,11,751.69,76.1,16,2.59,98.6,23.3,18.8,84.8,7.86,Upper_Division,159.63,21.24
REC-01081,11/28/2023,NE_Monsoon,11,554.75,80.8,17.8,2.55,101.1,21.6,22.8,79,9.38,West_Block,112.69,20.31
REC-01082,11/27/2023,NE_Monsoon,11,529.04,80.2,19.24,3.71,91.5,25.6,22.7,82.6,7.67,Upper_Division,102.19,19.32
REC-01083,11/27/2023,NE_Monsoon,11,712.91,75.7,17.33,2.46,99.3,18.9,20.5,88.4,9.4,West_Block,143.51,20.13
REC-01084,11/27/2023,NE_Monsoon,11,475.72,77.9,16.63,2.43,101.7,24,18.1,79.1,6.36,Lower_Division,101.24,21.28
REC-01085,11/27/2023,NE_Monsoon,11,560,80.3,15.5,2.83,98.4,25.1,17.3,82.1,5.44,Lower_Division,123.71,22.09
REC-01086,11/26/2023,NE_Monsoon,11,272.54,74.9,15.1,2.84,95.6,25.8,19.4,80.7,8.62,Upper_Division,53.38,19.58
REC-01087,11/26/2023,NE_Monsoon,11,520.88,77.8,19.87,3.27,89,22.9,18.3,84.7,9.91,West_Block,105.72,20.3
REC-01088,11/25/2023,NE_Monsoon,11,600.84,80.9,15.16,3.21,99.3,26.5,23.3,78.7,8.38,Lower_Division,128.01,21.3
REC-01089,11/25/2023,NE_Monsoon,11,842.78,84.5,16.45,2.69,93.8,23.5,23,82.1,6.51,West_Block,173.23,20.55
REC-01090,11/25/2023,NE_Monsoon,11,645.01,80.4,15.14,2.68,106.3,28,23.6,79.4,8.99,West_Block,140.38,21.76
REC-01091,11/25/2023,NE_Monsoon,11,619.27,70.3,13.82,2.59,92,28.8,20.1,83.9,6.69,Lower_Division,124,20.02
REC-01092,11/24/2023,NE_Monsoon,11,483.58,77.7,16.72,3.15,95.7,25.7,22,81.9,6.64,East_Block,100.45,20.77
REC-01093,11/24/2023,NE_Monsoon,11,559.35,73.6,18.32,3.19,85,25.8,23.9,78.9,6.61,East_Block,108.01,19.31
REC-01094,11/23/2023,NE_Monsoon,11,574.42,77.1,13.88,3.18,109.2,21,20.4,82.8,9.51,West_Block,119.23,20.76
REC-01095,11/22/2023,NE_Monsoon,11,555.02,77,14.95,3.56,98.6,24.3,19.8,88.4,10.32,East_Block,117.02,21.08
REC-01096,11/22/2023,NE_Monsoon,11,636.68,75.8,16.31,2.52,97.6,18.4,21,83.3,5.1,Middle_Division,132.52,20.81
REC-01097,11/22/2023,NE_Monsoon,11,623.25,80.4,15.95,2.82,96,23.2,22.6,81.3,5.19,Lower_Division,130.51,20.94
REC-01098,11/22/2023,NE_Monsoon,11,634.01,81.5,17.92,3.25,95.4,29.2,22.8,84.9,7.64,East_Block,125.79,19.84
REC-01099,11/21/2023,NE_Monsoon,11,388.04,82.1,16.89,2.2,104.3,23,20.4,82.9,8.69,East_Block,79.64,20.52
REC-01100,11/21/2023,NE_Monsoon,11,538.24,79,17.21,3.84,99.3,27,22,90,6.97,West_Block,113.88,21.16
REC-01101,11/21/2023,NE_Monsoon,11,679.9,82.8,15.01,2.92,99.2,20.9,23.9,83.7,6.29,Upper_Division,141.18,20.77
REC-01102,11/21/2023,NE_Monsoon,11,571.02,75.6,14.92,2.57,100.5,27.3,21.1,87.4,9.23,East_Block,117.81,20.63
REC-01103,11/21/2023,NE_Monsoon,11,794.36,80,17.13,2.65,97.9,25.4,21.9,84.3,9.73,Upper_Division,160.86,20.25
REC-01104,11/21/2023,NE_Monsoon,11,575.74,81.4,15.34,2.25,94.5,23.9,20.9,80.7,8.53,Lower_Division,123.11,21.38
REC-01105,11/20/2023,NE_Monsoon,11,525.49,80.1,17.08,3.26,105.1,24.5,19.2,88.6,5.28,Upper_Division,103.81,19.76
REC-01106,11/20/2023,NE_Monsoon,11,605.65,77,14.25,2.93,108.1,25.3,22.9,86.6,9.7,East_Block,121.51,20.06
REC-01107,11/19/2023,NE_Monsoon,11,523.39,74.9,13.53,2.73,102.3,19.3,22.6,84.4,8.88,Middle_Division,106.75,20.4
REC-01108,11/19/2023,NE_Monsoon,11,651.2,75.5,14.65,2.51,92.2,28.3,20.9,88.6,6.74,Middle_Division,130.82,20.09
REC-01109,11/19/2023,NE_Monsoon,11,285.09,75.1,15.61,3.59,92.4,27.1,23.5,84.8,8.46,Lower_Division,58.81,20.63
REC-01110,11/19/2023,NE_Monsoon,11,578.24,77.7,16.08,3.78,101.3,22.9,22.6,78.4,8.97,East_Block,118.87,20.56
REC-01111,11/19/2023,NE_Monsoon,11,430.31,72.5,19.42,2.79,87.6,23.2,19.5,84.8,6.35,Lower_Division,85.29,19.82
REC-01112,11/18/2023,NE_Monsoon,11,537.45,76.7,13.91,3.26,107.6,26.2,19.6,81.5,9.69,West_Block,115.47,21.49
REC-01113,11/18/2023,NE_Monsoon,11,615.64,76.9,17.99,3.01,94.1,25.6,20.8,89.4,6.04,West_Block,131.22,21.31
REC-01114,11/17/2023,NE_Monsoon,11,649.95,78,16.88,3.65,92.6,20.8,20.9,82.9,7.21,Upper_Division,126.68,19.49
REC-01115,11/15/2023,NE_Monsoon,11,556.24,79.3,16.19,3.28,97.1,27.8,22.4,82.5,7.71,Lower_Division,119.13,21.42
REC-01116,11/15/2023,NE_Monsoon,11,587.27,71.3,16.33,2.86,106.8,23.1,21.3,78.1,10.61,Middle_Division,121.67,20.72
REC-01117,11/15/2023,NE_Monsoon,11,584.46,78.1,15.47,3.12,107.2,22.4,21.6,88.9,5.53,Lower_Division,123.86,21.19
REC-01118,11/15/2023,NE_Monsoon,11,606.85,77.7,19.14,2.23,106.8,24.4,22.2,87,8.8,Upper_Division,116.79,19.25
REC-01119,11/14/2023,NE_Monsoon,11,474.5,80.7,15.54,2.91,95.4,25.2,18.5,87.6,6.21,East_Block,97.26,20.5
REC-01120,11/14/2023,NE_Monsoon,11,307.48,81.1,16.25,2.92,92.1,25.6,23.1,80.4,5.95,Lower_Division,67.49,21.95
REC-01121,11/14/2023,NE_Monsoon,11,628.73,73.7,17.15,2.93,101,25.7,17.8,81.5,6.18,Upper_Division,130.82,20.81
REC-01122,11/14/2023,NE_Monsoon,11,667.36,79.9,17.91,2.83,94.8,22.7,19.4,89.6,8.37,West_Block,139.92,20.97
REC-01123,11/14/2023,NE_Monsoon,11,685.62,80.8,17.74,4.03,106.6,22.3,19.5,88.5,6.75,Middle_Division,139.71,20.38
REC-01124,11/13/2023,NE_Monsoon,11,624.73,78.8,17.24,2.01,95.9,27.8,23.2,79.3,7.43,East_Block,125.84,20.14
REC-01125,11/13/2023,NE_Monsoon,11,443.93,74.1,16.21,3.25,101.4,18,23.3,81.5,6.41,Lower_Division,92.97,20.94
REC-01126,11/12/2023,NE_Monsoon,11,640.78,73.7,14.91,3.4,93.5,23.2,23.9,80.9,7.13,Lower_Division,126.47,19.74
REC-01127,11/12/2023,NE_Monsoon,11,660.92,78.4,16.85,2.75,98.2,23.3,21.3,86.2,6.12,Middle_Division,138.86,21.01
REC-01128,11/12/2023,NE_Monsoon,11,645.55,80.3,16.25,3.49,95.3,27.4,22.5,89.2,5.67,West_Block,137.56,21.31
REC-01129,11/12/2023,NE_Monsoon,11,614.56,72.5,14.57,2.58,98.3,25.5,23,86.5,8.52,Lower_Division,128.49,20.91
REC-01130,11/11/2023,NE_Monsoon,11,502.59,77.7,15.89,2.84,91,23.4,21.1,84.6,5.44,Middle_Division,107.91,21.47
REC-01131,11/11/2023,NE_Monsoon,11,466.5,76.5,15.76,3.89,97.2,21,22.3,87.4,10.23,Middle_Division,95.61,20.5
REC-01132,11/11/2023,NE_Monsoon,11,390.21,73.7,14.87,2.61,104.1,19.3,22,89,8.78,East_Block,80.13,20.54
REC-01133,11/11/2023,NE_Monsoon,11,543.9,77.3,15.18,2.73,102.6,27.3,22.9,86,6.51,Middle_Division,114.43,21.04
REC-01134,11/10/2023,NE_Monsoon,11,464.08,82.6,16.13,2.88,96.6,29,20.9,81,7.1,Middle_Division,95.19,20.51
REC-01135,11/9/2023,NE_Monsoon,11,629.29,80.5,16.35,2.85,98.5,21.6,19.7,85.8,7.47,Middle_Division,127.28,20.23
REC-01136,11/9/2023,NE_Monsoon,11,588.39,76.4,15.83,2.9,105,26.6,18.1,80.5,7.07,Lower_Division,122.06,20.74
REC-01137,11/8/2023,NE_Monsoon,11,365.56,77.1,19.28,2.52,97.2,25.8,23.2,80.8,5.64,Middle_Division,74.6,20.41
REC-01138,11/8/2023,NE_Monsoon,11,448.42,79.2,18.15,3.58,102.9,25.9,21,79,6.55,Middle_Division,88.52,19.74
REC-01139,11/7/2023,NE_Monsoon,11,569.64,77.1,15.55,2.78,88.8,25.8,21,88.8,7.81,Middle_Division,117.27,20.59
REC-01140,11/7/2023,NE_Monsoon,11,419.26,80.2,13.85,3.05,95.3,27.8,18,83.3,6,Middle_Division,85.36,20.36
REC-01141,11/6/2023,NE_Monsoon,11,533.38,79.7,17.76,3,95.8,20.4,20.9,78.9,9.53,West_Block,110.36,20.69
REC-01142,11/6/2023,NE_Monsoon,11,531.13,77.7,15.91,3.24,108.5,27.7,18.2,78.1,5.42,Lower_Division,112.81,21.24
REC-01143,11/6/2023,NE_Monsoon,11,436,82,15.17,2.61,101.3,21.8,20.6,89.2,5.21,Middle_Division,91.86,21.07
REC-01144,11/6/2023,NE_Monsoon,11,358.63,76.5,16.94,3.82,93.4,24.4,18.6,81.2,6.25,Upper_Division,70.58,19.68
REC-01145,11/6/2023,NE_Monsoon,11,641.34,78.9,17.01,2.23,95,28.8,22.5,88.7,10.26,Upper_Division,126.61,19.74
REC-01146,11/6/2023,NE_Monsoon,11,501.53,77,17.28,2.8,97.4,27.2,17.2,82.9,5.18,Upper_Division,101.4,20.22
REC-01147,11/5/2023,NE_Monsoon,11,529.31,76.1,17.53,3.31,90.1,23.7,20.8,80.9,8.85,East_Block,105.68,19.97
REC-01148,11/5/2023,NE_Monsoon,11,591.77,78.2,15.41,2.95,106.1,22.9,20.9,87.5,8.25,West_Block,121.82,20.59
REC-01149,11/4/2023,NE_Monsoon,11,451.26,80.3,20,3.73,94,25.1,21.9,88.3,7.65,Upper_Division,85.2,18.88
REC-01150,11/4/2023,NE_Monsoon,11,653,78.9,16.55,3.15,102,18.8,23.9,81.8,9.22,West_Block,143.45,21.97
REC-01151,11/3/2023,NE_Monsoon,11,600.91,77.6,15.85,3.34,98.6,25.1,22,86.9,10.13,Upper_Division,125.62,20.91
REC-01152,11/3/2023,NE_Monsoon,11,464.14,77,15.93,2,100.1,24.6,19.7,89.9,6.18,East_Block,96.16,20.72
REC-01153,11/3/2023,NE_Monsoon,11,548.63,77.2,16.77,2.67,99.7,29,20.5,86.4,9.23,Lower_Division,117.95,21.5
REC-01154,11/3/2023,NE_Monsoon,11,375.98,82.8,15.7,2.88,103.2,25.9,19.7,87.7,8.31,West_Block,78.31,20.83
REC-01155,11/2/2023,NE_Monsoon,11,506.79,74.5,17.4,3.33,99.1,25.7,22.4,87.1,7.98,Lower_Division,108.99,21.51
REC-01156,11/2/2023,NE_Monsoon,11,466.4,77.8,17.87,2.97,97,24.6,21.8,78.9,6.15,East_Block,96.4,20.67
REC-01157,11/2/2023,NE_Monsoon,11,608.78,75.8,16.11,2.72,94.2,25.3,18.7,80.9,10.61,West_Block,131.42,21.59
REC-01158,11/1/2023,NE_Monsoon,11,591.73,80.5,17.33,2.97,98.7,30,19.8,88.6,10.55,Lower_Division,122.7,20.74
REC-01159,10/31/2023,NE_Monsoon,10,597.58,71.9,17.44,3.03,95,24,22.6,78.6,5.9,East_Block,119.16,19.94
REC-01160,10/31/2023,NE_Monsoon,10,396.28,80.3,14.49,3.32,95.5,21.7,19.6,84.1,7.99,Middle_Division,81.91,20.67
REC-01161,10/30/2023,NE_Monsoon,10,742.56,78.5,15.43,2,93.6,26.5,17.8,83.4,6.09,West_Block,153.56,20.68
REC-01162,10/30/2023,NE_Monsoon,10,571.81,83.2,15.62,2.5,104.8,30.9,19.1,85,7.49,Lower_Division,115.1,20.13
REC-01163,10/30/2023,NE_Monsoon,10,457.64,82.5,15.06,4.14,102.7,20.4,19.9,88,7.7,East_Block,91.55,20
REC-01164,10/29/2023,NE_Monsoon,10,497.23,73,16.22,3.47,100.1,26.7,20.2,84.8,5.89,Middle_Division,100.84,20.28
REC-01165,10/28/2023,NE_Monsoon,10,600.64,82.1,14.76,3.29,96.7,28.5,20.9,78.5,10.28,West_Block,125.18,20.84
REC-01166,10/28/2023,NE_Monsoon,10,520.79,80.2,16.17,3.65,101.2,27.1,18.6,89.7,10.64,Middle_Division,110.09,21.14
REC-01167,10/28/2023,NE_Monsoon,10,572.79,75.7,15.9,3,93.2,19.5,21.5,79.6,9.06,Upper_Division,116.61,20.36
REC-01168,10/27/2023,NE_Monsoon,10,382.39,78.9,14.32,2.69,98.1,24,17.3,86.6,6.59,West_Block,79.42,20.77
REC-01169,10/26/2023,NE_Monsoon,10,540.16,80.5,17.12,3,106.7,20.2,18.4,84.5,7.49,East_Block,106.92,19.79
REC-01170,10/26/2023,NE_Monsoon,10,434.76,78.7,13.37,2.89,96.4,23.8,17.1,86.6,7.49,East_Block,91.19,20.98
REC-01171,10/26/2023,NE_Monsoon,10,616.5,81.8,15.08,3.05,100.7,21.6,19.7,86.8,10.26,West_Block,133.28,21.62
REC-01172,10/26/2023,NE_Monsoon,10,491.82,80.7,15.17,2.35,98.6,20.8,22.5,87.7,7.63,Upper_Division,97.54,19.83
REC-01173,10/26/2023,NE_Monsoon,10,428.21,74.5,15.1,3.2,99.8,22.5,18.7,88.9,7.85,West_Block,89.66,20.94
REC-01174,10/26/2023,NE_Monsoon,10,387.92,80.2,18.33,3.6,90.8,20.1,18,82.4,7.35,Lower_Division,77.57,20
REC-01175,10/25/2023,NE_Monsoon,10,746.79,78.9,15.24,3.27,90.7,24.4,18.4,78.1,9.01,East_Block,157.08,21.03
REC-01176,10/25/2023,NE_Monsoon,10,573.68,74,16.17,3.12,98.4,21.2,20.8,82.6,5.01,Middle_Division,120.51,21.01
REC-01177,10/25/2023,NE_Monsoon,10,456.32,77.1,17.87,2,99.8,25.1,17.9,79,9.28,East_Block,92.39,20.25
REC-01178,10/24/2023,NE_Monsoon,10,333.33,76.7,17.5,2.79,103.1,26.9,19.6,78.2,7.21,Upper_Division,67.38,20.21
REC-01179,10/24/2023,NE_Monsoon,10,564.87,77.5,15.06,2.75,105.4,22.5,18.4,79.9,7.73,West_Block,121.14,21.45
REC-01180,10/24/2023,NE_Monsoon,10,679.49,73.4,16.07,2.41,104.5,27.8,18.2,83,7.73,East_Block,139.81,20.58
REC-01181,10/23/2023,NE_Monsoon,10,711.6,76.1,16.56,2.26,86.9,22.8,20.5,88.8,6.83,Lower_Division,148.49,20.87
REC-01182,10/23/2023,NE_Monsoon,10,590.12,80.2,18.19,3.21,97.6,29.4,19.4,86,6.46,Upper_Division,118.11,20.01
REC-01183,10/23/2023,NE_Monsoon,10,413.33,80.2,17.36,2.4,108.6,20.2,22,87.7,6.47,Upper_Division,80.89,19.57
REC-01184,10/22/2023,NE_Monsoon,10,437.45,75.4,18.4,2.27,94.9,26.4,17.7,89.3,9.68,Middle_Division,90.42,20.67
REC-01185,10/22/2023,NE_Monsoon,10,452.16,79,17.22,2.86,98.5,24,21.9,80.7,5.39,East_Block,94.76,20.96
REC-01186,10/22/2023,NE_Monsoon,10,463.47,76.6,14.2,2.15,100.7,28.5,18.3,79,6.86,West_Block,89.74,19.36
REC-01187,10/22/2023,NE_Monsoon,10,313.12,78,14.28,3.14,98.4,26,19.1,78.4,5.94,Upper_Division,63.24,20.2
REC-01188,10/21/2023,NE_Monsoon,10,323.16,80,14.82,2.81,94.6,24,22,85.3,7.42,Lower_Division,65.15,20.16
REC-01189,10/21/2023,NE_Monsoon,10,509.04,85,15.62,2.92,103.1,24.5,23.1,84.6,7.72,Lower_Division,108.43,21.3
REC-01190,10/21/2023,NE_Monsoon,10,614.14,84.1,16.69,4.08,106.9,22.2,21.8,79.3,10.45,West_Block,122.18,19.9
REC-01191,10/20/2023,NE_Monsoon,10,513.12,73.4,14.28,3.59,105.2,29.4,22.7,78.3,7.55,Lower_Division,103.84,20.24
REC-01192,10/20/2023,NE_Monsoon,10,442.25,79.3,15.97,2.81,92.6,24.5,21.5,84.4,9.62,Middle_Division,93,21.03
REC-01193,10/20/2023,NE_Monsoon,10,837.81,79.4,16.8,2.5,95.3,25.8,17.7,89.8,9.14,West_Block,185.74,22.17
REC-01194,10/20/2023,NE_Monsoon,10,790.02,78.8,16.77,2.77,103.7,24.3,18.9,78.5,7.07,Lower_Division,175.11,22.17
REC-01195,10/19/2023,NE_Monsoon,10,453.67,74.6,18.91,2.77,98.8,26.4,21.5,87.3,7.28,Middle_Division,94.3,20.79
REC-01196,10/19/2023,NE_Monsoon,10,581.67,71.6,13.82,3.06,90.9,26.1,18.6,78.6,8.24,Lower_Division,117.96,20.28
REC-01197,10/18/2023,NE_Monsoon,10,562.65,80.8,16.88,2.84,104.4,24.9,21,83.9,9.16,East_Block,114.02,20.26
REC-01198,10/18/2023,NE_Monsoon,10,587.77,70.6,14.42,2.54,97.9,26,22.8,78.9,6.97,West_Block,118.61,20.18
REC-01199,10/18/2023,NE_Monsoon,10,547.17,79.4,17.82,3.22,98,24.5,18,81.9,5.17,Lower_Division,117.86,21.54
REC-01200,10/18/2023,NE_Monsoon,10,554.03,79.3,17.63,2.94,98.1,23.2,23.1,85.7,6.3,Lower_Division,120.01,21.66
REC-01201,10/17/2023,NE_Monsoon,10,441.25,83.7,17.96,2.15,101.9,21.2,21.3,82.1,5.16,Middle_Division,86.47,19.6
REC-01202,10/17/2023,NE_Monsoon,10,441.47,85,14.78,3.32,89.5,23.2,22,81.8,9.43,East_Block,86.85,19.67
REC-01203,10/17/2023,NE_Monsoon,10,525.97,74.6,18.98,2.71,99.2,25.7,22.2,78.9,10.22,East_Block,110.25,20.96
REC-01204,10/17/2023,NE_Monsoon,10,449.37,75.7,17.77,3.43,97.9,22.4,19.1,83.3,6.78,Middle_Division,96.41,21.45
REC-01205,10/16/2023,NE_Monsoon,10,644.32,78.3,16.88,3.08,105.3,23.2,18.8,85.7,9.87,East_Block,142.49,22.12
REC-01206,10/16/2023,NE_Monsoon,10,567.04,73.5,17.89,3.46,98.2,25.4,22.9,79.3,9.5,Lower_Division,121.23,21.38
REC-01207,10/14/2023,NE_Monsoon,10,535.54,77.5,13.92,3.53,105.2,27.7,20.6,84.1,5.35,Lower_Division,113.03,21.11
REC-01208,10/14/2023,NE_Monsoon,10,567.18,78.6,13.77,3.39,94.1,28.4,23.3,85.8,9.11,East_Block,115.26,20.32
REC-01209,10/14/2023,NE_Monsoon,10,342.37,75.6,14.83,2.42,87.9,25,20.5,85.1,7.06,Lower_Division,67.86,19.82
REC-01210,10/13/2023,NE_Monsoon,10,441.02,79.1,15.37,2.89,96.8,30.6,22.8,87.5,10,East_Block,92.65,21.01
REC-01211,10/13/2023,NE_Monsoon,10,574.75,72.6,15.27,3.3,99.4,28.6,17.1,82,5.35,Middle_Division,121.51,21.14
REC-01212,10/13/2023,NE_Monsoon,10,566.23,78.1,13.83,2.85,96.8,22.5,21.1,78.4,5.6,West_Block,118.65,20.95
REC-01213,10/12/2023,NE_Monsoon,10,692.12,80.8,16.39,2.67,100,30.1,17.3,88.3,10.14,Middle_Division,145.55,21.03
REC-01214,10/12/2023,NE_Monsoon,10,637.7,81.6,18.01,3.51,101,21.2,19.6,88.8,5.1,West_Block,127.89,20.05
REC-01215,10/12/2023,NE_Monsoon,10,497.46,74.7,13.38,2.44,93.5,19.1,21.4,87.8,6.68,Middle_Division,98.17,19.73
REC-01216,10/12/2023,NE_Monsoon,10,829.96,75.5,16.61,2.93,93.7,22.8,20.5,87.7,9.21,Upper_Division,162.51,19.58
REC-01217,10/12/2023,NE_Monsoon,10,556.65,85,16.65,2.59,94.2,26.5,17.1,88,8.99,Lower_Division,115.72,20.79
REC-01218,10/11/2023,NE_Monsoon,10,456.3,77.5,15.27,2,94.4,23.3,23.3,78.5,10.4,Middle_Division,94.25,20.66
REC-01219,10/11/2023,NE_Monsoon,10,314.4,80.8,15.14,2.51,100.3,27.7,20,89.1,5.95,West_Block,66.4,21.12
REC-01220,10/11/2023,NE_Monsoon,10,611.19,77.1,17.86,2.55,95.5,20.2,18.8,88.5,7.92,East_Block,124.61,20.39
REC-01221,10/11/2023,NE_Monsoon,10,386.82,76,15.86,3.18,97.4,25.7,23.8,89.7,7.67,East_Block,80.81,20.89
REC-01222,10/10/2023,NE_Monsoon,10,715.61,80.8,16.84,3.41,104.1,26.6,20.7,80.8,9.22,Middle_Division,144.87,20.24
REC-01223,10/10/2023,NE_Monsoon,10,624.97,79.8,17.44,2.37,101.6,28.4,19.5,89.4,9.82,Middle_Division,126.1,20.18
REC-01224,10/9/2023,NE_Monsoon,10,855.05,72.2,13.74,2.88,94.1,26.2,21.6,86.4,5.77,Middle_Division,174.85,20.45
REC-01225,10/9/2023,NE_Monsoon,10,305.39,78.8,14.42,3.08,99.6,22.3,19,89.6,6.81,East_Block,64.8,21.22
REC-01226,10/9/2023,NE_Monsoon,10,430.35,81.1,14.41,2.79,97.9,23,23,87.6,8.75,Upper_Division,82.61,19.2
REC-01227,10/9/2023,NE_Monsoon,10,662.12,79,15.35,3.64,97.7,25.2,20.6,84.3,6.22,Middle_Division,135.95,20.53
REC-01228,10/9/2023,NE_Monsoon,10,760.2,74.8,18.72,3.03,102.3,25.6,17.6,80.4,5.18,East_Block,156.18,20.54
REC-01229,10/8/2023,NE_Monsoon,10,568.62,84.6,16.46,3.35,99.5,29.9,23.7,87,9.82,East_Block,115.97,20.39
REC-01230,10/8/2023,NE_Monsoon,10,363.59,75,17.51,2.25,100,23.9,22.2,89,7.59,Middle_Division,76.48,21.03
REC-01231,10/8/2023,NE_Monsoon,10,470.68,76.2,17.2,3.28,98.2,25.8,23.7,81.6,9.88,West_Block,98.39,20.9
REC-01232,10/8/2023,NE_Monsoon,10,523.13,81.9,15.88,3.14,99.3,20.7,17.5,87,9.12,West_Block,109.42,20.92
REC-01233,10/7/2023,NE_Monsoon,10,613.85,80.2,17.07,2.46,107.6,25.8,19.8,79,6.65,Lower_Division,124.47,20.28
REC-01234,10/7/2023,NE_Monsoon,10,604.39,75.4,15.25,4.35,95.2,23.7,19.9,87.7,9.36,East_Block,125.44,20.76
REC-01235,10/6/2023,NE_Monsoon,10,560.03,81.2,16.9,3.48,101.1,27.9,23.7,85.2,8.61,Lower_Division,121.66,21.72
REC-01236,10/6/2023,NE_Monsoon,10,443.69,79.2,17.16,2.5,96.2,18,24,85.3,9.46,Lower_Division,91.84,20.7
REC-01237,10/5/2023,NE_Monsoon,10,419.97,78.5,17.56,4.05,101.8,27.4,23.3,89.7,8.78,West_Block,86.26,20.54
REC-01238,10/5/2023,NE_Monsoon,10,369.27,79.5,15.37,2.11,94.5,26.9,23.8,85.7,7.62,West_Block,74.47,20.17
REC-01239,10/5/2023,NE_Monsoon,10,621.95,74.7,14.71,2.7,87.6,24.1,17.7,84.4,5.55,Upper_Division,125.33,20.15
REC-01240,10/4/2023,NE_Monsoon,10,329.24,82,14.1,3.03,93.4,18,22.2,88,9.25,East_Block,65.4,19.86
REC-01241,10/4/2023,NE_Monsoon,10,433.79,77.8,15.53,3.16,103,24.2,20.8,89.1,8.38,Upper_Division,92.69,21.37
REC-01242,10/4/2023,NE_Monsoon,10,443.12,80.4,16.08,3.91,104.7,27.7,22.4,86,6.22,Middle_Division,93.15,21.02
REC-01243,10/4/2023,NE_Monsoon,10,318.57,79.6,16.55,3.02,90.3,26.8,23.8,80.2,8.37,Upper_Division,65.47,20.55
REC-01244,10/4/2023,NE_Monsoon,10,648.26,77.3,17.18,3.71,94.9,27.5,18.2,81.5,8.12,Middle_Division,132.6,20.46
REC-01245,10/3/2023,NE_Monsoon,10,282.6,78.3,16.56,2.73,90.6,30,17.8,80.7,7.15,Lower_Division,60.4,21.37
REC-01246,10/2/2023,NE_Monsoon,10,552.65,83.3,12.93,2.34,101,26.1,20.1,87.7,6.38,East_Block,107.31,19.42
REC-01247,10/1/2023,NE_Monsoon,10,664.49,82.7,16.42,3.19,104.1,23.8,20.8,78.7,5.51,Upper_Division,137.96,20.76
REC-01248,9/30/2023,Quality_Season,9,760.77,78.2,18.32,3.02,105.7,30.3,19.5,79.9,5.66,East_Block,144.38,18.98
REC-01249,9/30/2023,Quality_Season,9,577.02,75.3,18.06,3.43,94.5,27.8,20.3,74.2,5.68,Lower_Division,118.62,20.56
REC-01250,9/30/2023,Quality_Season,9,469.71,76.4,17.21,3.98,94.6,30.4,20.4,73.5,5.27,Lower_Division,89.26,19
REC-01251,9/30/2023,Quality_Season,9,367.45,83.9,14.89,3.33,95,27.8,17.6,83.9,3.3,Lower_Division,72.2,19.65
REC-01252,9/29/2023,Quality_Season,9,412.53,77.9,17.35,2.75,103.6,26.6,17.7,81.4,5.18,Lower_Division,80.31,19.47
REC-01253,9/29/2023,Quality_Season,9,620.86,75.6,17.97,3.76,97.3,27.3,22.1,83.4,5.28,West_Block,121.52,19.57
REC-01254,9/29/2023,Quality_Season,9,426.02,81,16.63,3.38,101.6,21.4,19.4,73.4,4.24,West_Block,82.73,19.42
REC-01255,9/28/2023,Quality_Season,9,492.72,79.8,15.11,2,101.5,31.7,22.5,74.3,3.65,Lower_Division,97.5,19.79
REC-01256,9/28/2023,Quality_Season,9,595.35,84.2,15.7,2,95.5,21.4,22.5,79,4.98,Lower_Division,113.97,19.14
REC-01257,9/27/2023,Quality_Season,9,554.79,78.3,14.29,2.62,89.1,22.2,18.2,78.9,5.82,Upper_Division,102.52,18.48
REC-01258,9/27/2023,Quality_Season,9,500.54,75.8,15.19,2.68,98.9,31.9,19,72.2,5.95,East_Block,100.94,20.17
REC-01259,9/27/2023,Quality_Season,9,515.23,77.7,12.97,2.2,92.4,24.9,22.2,81,3.15,Upper_Division,94.51,18.34
REC-01260,9/26/2023,Quality_Season,9,498.73,84.2,13.23,3.59,98.4,18,20.2,78.2,5.78,Lower_Division,95.19,19.09
REC-01261,9/25/2023,Quality_Season,9,572.03,79.6,14.94,3.03,108.1,22.3,22,73.8,4,West_Block,113.63,19.86
REC-01262,9/25/2023,Quality_Season,9,584.52,81.9,18.51,2.98,101.8,31.2,18.9,82.9,3.28,Middle_Division,114.13,19.52
REC-01263,9/24/2023,Quality_Season,9,552.81,77.8,17.54,2.4,106.2,27.7,22.5,83.6,3.13,West_Block,107.54,19.45
REC-01264,9/24/2023,Quality_Season,9,588.96,80,18.19,2.99,99,27.7,19.5,83.1,4.49,West_Block,116.27,19.74
REC-01265,9/23/2023,Quality_Season,9,590.31,75.5,16.28,2.63,91.6,26.4,22.7,80.3,4.72,West_Block,118.88,20.14
REC-01266,9/22/2023,Quality_Season,9,749.01,78.5,17.57,3.08,99.2,25.1,16.8,78,5.29,Middle_Division,148.9,19.88
REC-01267,9/22/2023,Quality_Season,9,452.07,74.2,15.59,2.55,103.8,27.5,19.9,76.7,4.8,Lower_Division,94.02,20.8
REC-01268,9/22/2023,Quality_Season,9,480.13,77.8,15.31,3.35,102.8,24.7,21.9,82.1,3.76,Lower_Division,97.89,20.39
REC-01269,9/22/2023,Quality_Season,9,503.18,75.6,16.01,2.65,97.1,18,19.1,72.6,3.87,Lower_Division,101.18,20.11
REC-01270,9/22/2023,Quality_Season,9,446.87,76.8,18.13,3.81,88.2,25.3,22.6,84.9,4.28,West_Block,85.53,19.14
REC-01271,9/21/2023,Quality_Season,9,658.32,76.2,16.49,2.99,106.4,31.4,19.2,78,2.72,East_Block,130.21,19.78
REC-01272,9/21/2023,Quality_Season,9,571.99,76.8,13.31,2.62,96.5,25.6,18.4,84.9,3.67,East_Block,115.79,20.24
REC-01273,9/20/2023,Quality_Season,9,623.46,79,14.65,2,95.4,22.4,19.5,78.9,4.38,Upper_Division,117.08,18.78
REC-01274,9/19/2023,Quality_Season,9,763.68,80.5,18.74,2.71,99.3,20.7,19.5,82.1,5.02,East_Block,147.34,19.29
REC-01275,9/18/2023,Quality_Season,9,571.45,75,15.74,3.5,101.7,22.1,22.3,76.7,2.88,West_Block,113.29,19.83
REC-01276,9/18/2023,Quality_Season,9,617.02,75.4,17.75,3.15,100,24.2,21.4,77.4,5.91,Lower_Division,127.85,20.72
REC-01277,9/18/2023,Quality_Season,9,332.16,75.7,16.47,2.34,91.7,21.6,20.3,83.7,3.69,East_Block,63.17,19.02
REC-01278,9/18/2023,Quality_Season,9,566.04,79.1,14.28,2.79,109.9,21.4,19.4,80.6,4.11,Middle_Division,105.38,18.62
REC-01279,9/18/2023,Quality_Season,9,509.05,77.6,15.9,3.46,100.3,23.8,22.9,75.4,3.09,Middle_Division,105.39,20.7
REC-01280,9/18/2023,Quality_Season,9,624.27,75.3,13.44,2.52,96.9,28.6,20.3,73.6,3.21,Lower_Division,124.05,19.87
REC-01281,9/17/2023,Quality_Season,9,408.4,80.6,16.51,2.74,105,26.7,21.8,75.7,3.28,East_Block,81.88,20.05
REC-01282,9/17/2023,Quality_Season,9,516.09,77,16.24,2.07,106.8,23.2,20.4,75.2,3.59,West_Block,96.48,18.69
REC-01283,9/17/2023,Quality_Season,9,605.2,80.9,16.38,2.98,95.9,20.3,21.4,84.6,5.81,West_Block,117.5,19.41
REC-01284,9/17/2023,Quality_Season,9,543.71,75.3,16.87,3.33,93.3,22,22.2,74.1,2.88,East_Block,105.02,19.32
REC-01285,9/16/2023,Quality_Season,9,821.51,80,15.24,2.78,100.8,23.3,20.7,77.6,3.05,Upper_Division,158.16,19.25
REC-01286,9/15/2023,Quality_Season,9,493.19,75,14.38,2.39,101.5,18,17.6,72.7,4.1,Upper_Division,92.57,18.77
REC-01287,9/15/2023,Quality_Season,9,527.1,80,13.51,2.34,91.3,26.4,22.9,80,4.21,Middle_Division,103.69,19.67
REC-01288,9/15/2023,Quality_Season,9,686.67,76.5,12.66,2.61,95.7,24.3,19.6,77.3,2.82,Lower_Division,139.03,20.25
REC-01289,9/15/2023,Quality_Season,9,371.7,76.1,16.67,2.97,89.4,20,21.7,78.3,4.85,Middle_Division,70.06,18.85
REC-01290,9/15/2023,Quality_Season,9,584.47,74.9,13.03,3.35,101.6,29.1,22.6,80.1,3.16,Lower_Division,110.45,18.9
REC-01291,9/14/2023,Quality_Season,9,531.7,72.2,15.15,3.38,97.8,21,20,78,3.23,Lower_Division,106.91,20.11
REC-01292,9/14/2023,Quality_Season,9,483.61,80,14.15,2.69,102.1,25.3,20.6,76.8,5.27,Lower_Division,96.96,20.05
REC-01293,9/14/2023,Quality_Season,9,601.94,81.4,16.9,4.34,101.2,26.9,19.3,84.5,5.6,Lower_Division,117.71,19.55
REC-01294,9/14/2023,Quality_Season,9,695.81,72.4,18.85,2.21,93.7,29.5,19,75.4,5.2,West_Block,131.21,18.86
REC-01295,9/13/2023,Quality_Season,9,455.68,71.6,17.7,2.99,97,26.8,21.6,83,4,East_Block,86.91,19.07
REC-01296,9/13/2023,Quality_Season,9,584.18,74.1,18.56,3.09,91,24.2,21.6,78,3.16,Lower_Division,115.84,19.83
REC-01297,9/12/2023,Quality_Season,9,689.56,76.9,15.77,3.36,96,25.1,21.1,80.1,5.2,East_Block,141.52,20.52
REC-01298,9/12/2023,Quality_Season,9,608.44,79.1,17.61,2.65,85.9,27,17.9,76.4,5.77,Lower_Division,119.7,19.67
REC-01299,9/11/2023,Quality_Season,9,454.55,80.2,17,3.04,103.3,24,16.4,78.2,3.57,West_Block,90.84,19.98
REC-01300,9/11/2023,Quality_Season,9,535.57,83.6,17.49,3.29,100.3,25.2,20.4,81.1,3.51,West_Block,105.39,19.68
REC-01301,9/10/2023,Quality_Season,9,676.19,81,17.34,3.29,108,24.6,16.4,83,4.91,East_Block,130.69,19.33
REC-01302,9/10/2023,Quality_Season,9,616.65,80.8,17.29,3.19,93.8,24.5,18.9,77.8,2.94,East_Block,118.18,19.16
REC-01303,9/10/2023,Quality_Season,9,693.04,77.5,18,3.17,103.4,23.3,20.7,76.3,4.23,Middle_Division,131.86,19.03
REC-01304,9/10/2023,Quality_Season,9,471.98,71.8,14.01,2.48,99,27,19.7,72.5,5.84,Middle_Division,87.05,18.44
REC-01305,9/9/2023,Quality_Season,9,535.86,72.8,15.33,2.57,99.4,22.7,17.1,78.6,2.95,Upper_Division,104.9,19.58
REC-01306,9/9/2023,Quality_Season,9,505.54,79.8,15.65,3.4,97.3,27.5,22.1,84.6,5.21,Middle_Division,99.26,19.63
REC-01307,9/9/2023,Quality_Season,9,616.9,83.4,14.57,2.99,98.9,24.9,19,77.3,4.35,Middle_Division,120.96,19.61
REC-01308,9/8/2023,Quality_Season,9,515.31,75.2,16.61,2.85,101.7,28.3,18.1,72.7,3.91,Lower_Division,103.04,20
REC-01309,9/8/2023,Quality_Season,9,725.7,77.3,17.78,3.25,99.4,21.4,18.2,77.6,5.05,Upper_Division,140.76,19.4
REC-01310,9/8/2023,Quality_Season,9,693.51,83.6,17.32,3.28,101.1,23.2,22.9,79.4,3.34,Middle_Division,135.64,19.56
REC-01311,9/8/2023,Quality_Season,9,455.28,77,13.84,2.37,104,23.2,16.5,81.8,3.21,Middle_Division,91.01,19.99
REC-01312,9/8/2023,Quality_Season,9,462.76,80.4,14.85,3.81,108,27.3,20.7,77.8,5.64,East_Block,88.36,19.09
REC-01313,9/7/2023,Quality_Season,9,597.25,80.1,18.6,2.65,102.6,30.3,18.3,80,2.84,Upper_Division,110.6,18.52
REC-01314,9/7/2023,Quality_Season,9,665.24,77.7,16.74,2.87,99.4,30.2,21.4,82.2,3.43,Upper_Division,129.67,19.49
REC-01315,9/7/2023,Quality_Season,9,447.53,76.5,17.71,3.15,95.2,22.4,17,76.1,4.64,Upper_Division,88.5,19.77
REC-01316,9/6/2023,Quality_Season,9,566.36,84,14.65,2.87,96.3,23.7,21.8,73.3,3.15,East_Block,107.67,19.01
REC-01317,9/6/2023,Quality_Season,9,351.75,84.4,14.86,3.72,99.2,25.6,16.6,80.4,3.18,West_Block,69.06,19.63
REC-01318,9/5/2023,Quality_Season,9,684.93,75.4,17.82,2.79,93.3,24.8,22,79.2,2.82,Upper_Division,126.43,18.46
REC-01319,9/5/2023,Quality_Season,9,699.83,82,15.78,2.76,98.9,27.2,17.3,74.2,5.57,Upper_Division,141.98,20.29
REC-01320,9/5/2023,Quality_Season,9,763,76.9,16.05,2.08,97.1,27.9,19.3,74.8,5.78,East_Block,147.91,19.38
REC-01321,9/4/2023,Quality_Season,9,673,73.1,17.06,2.6,93.7,27.5,17.2,73.4,4.93,West_Block,128.74,19.13
REC-01322,9/4/2023,Quality_Season,9,604.61,71.4,15.83,2.64,101.3,27.5,20.3,78.1,5.37,Upper_Division,117.24,19.39
REC-01323,9/4/2023,Quality_Season,9,602.05,79.1,16.92,2.54,93.4,25.8,22.5,72.8,4.76,Upper_Division,113.52,18.86
REC-01324,9/4/2023,Quality_Season,9,377.5,74.3,17.99,2.84,94.5,21.6,21.9,80.4,5.03,Lower_Division,74.87,19.83
REC-01325,9/4/2023,Quality_Season,9,696.83,76.1,18,3.02,100.8,29,19.7,72.2,5.12,West_Block,136.5,19.59
REC-01326,9/3/2023,Quality_Season,9,579.54,82.1,14.62,2.26,91.7,26,22.9,79.7,2.85,Middle_Division,108.66,18.75
REC-01327,9/3/2023,Quality_Season,9,524.7,80.5,19.59,2.96,98.6,26.6,22.7,79.4,2.95,Upper_Division,102.36,19.51
REC-01328,9/2/2023,Quality_Season,9,489.08,77,13.99,2.16,104.6,22.1,22.6,81.8,2.67,East_Block,96.75,19.78
REC-01329,9/2/2023,Quality_Season,9,729.07,79.3,15.62,2.43,96.8,22.8,18.3,77.7,3.31,Lower_Division,143.72,19.71
REC-01330,9/2/2023,Quality_Season,9,781.95,84.2,17.05,2.72,94.8,23.8,19.5,73.7,5.35,Middle_Division,151.82,19.41
REC-01331,9/2/2023,Quality_Season,9,436.62,78.2,16.25,2.33,94.7,28.7,19.1,77.6,5.68,Middle_Division,80.15,18.36
REC-01332,9/1/2023,Quality_Season,9,709.64,84.3,18.83,3.17,100.5,18.6,17.3,76,5.25,Lower_Division,144.62,20.38
REC-01333,8/31/2023,SW_Monsoon,8,669.77,82.6,16.06,2.48,105.4,23.1,21.4,87.2,9.41,Middle_Division,141.02,21.06
REC-01334,8/31/2023,SW_Monsoon,8,326.29,82.6,19.37,2.78,103.7,22.8,18.6,82.1,7.02,Middle_Division,67.96,20.83
REC-01335,8/31/2023,SW_Monsoon,8,538.61,73.9,16.35,2.9,99.4,25.3,21.7,78.5,7.77,Lower_Division,116.76,21.68
REC-01336,8/31/2023,Quality_Season,8,561.62,77.9,18.77,3.51,93.4,32.3,18.3,80.8,4.21,Lower_Division,108.48,19.32
REC-01337,8/31/2023,Quality_Season,8,278.79,78.9,15.76,3.85,102.2,22.5,18.6,73.8,5.6,East_Block,55.81,20.02
REC-01338,8/31/2023,Quality_Season,8,562.09,76,19.27,2.78,93.5,26.3,17.1,81.1,4.97,West_Block,106.98,19.03
REC-01339,8/30/2023,Quality_Season,8,690.48,81.7,14.42,2.65,100.9,27.8,21.2,74.5,3.19,West_Block,140.2,20.3
REC-01340,8/30/2023,SW_Monsoon,8,583.38,72,16.23,2.46,102.8,26.7,17.7,85.7,8.29,West_Block,129.21,22.15
REC-01341,8/28/2023,SW_Monsoon,8,647.17,76.5,16.09,3.23,91.5,29.2,21.2,83.9,11.23,West_Block,142.75,22.06
REC-01342,8/28/2023,SW_Monsoon,8,430.03,79,19.05,3.29,97.9,23.4,18.5,89.7,10.3,West_Block,93.91,21.84
REC-01343,8/28/2023,SW_Monsoon,8,655.15,84.9,17.49,3.22,89,24,22.8,88,10.92,West_Block,131.66,20.1
REC-01344,8/27/2023,SW_Monsoon,8,545.45,75.6,17.92,3.02,89.8,26.3,19.4,81.1,11.45,Lower_Division,120.77,22.14
REC-01345,8/27/2023,SW_Monsoon,8,607.95,70.7,16.95,3.24,98.5,27.1,17.9,84.5,9.72,Middle_Division,131.8,21.68
REC-01346,8/26/2023,Quality_Season,8,547.48,78,16.35,2.8,100.5,26.6,22.6,80.9,5.33,East_Block,111.02,20.28
REC-01347,8/26/2023,SW_Monsoon,8,457.16,76.5,16.34,2.65,100.2,18.5,20.9,86.5,10.09,East_Block,95.6,20.91
REC-01348,8/26/2023,SW_Monsoon,8,673.27,81.9,15.56,2.4,93.8,22.7,22.9,81.9,10.18,Lower_Division,142.29,21.13
REC-01349,8/26/2023,SW_Monsoon,8,705.17,77.4,15.77,3.15,107,24.6,20.5,88.2,10.98,West_Block,158.09,22.42
REC-01350,8/25/2023,Quality_Season,8,536.1,70.7,17.47,3.21,96.9,25.2,18.3,80.6,5.98,Middle_Division,101.07,18.85
REC-01351,8/24/2023,SW_Monsoon,8,334.85,75.9,16.7,3.18,95.6,23,18.9,85,9.96,East_Block,71.28,21.29
REC-01352,8/24/2023,Quality_Season,8,579.1,79.4,16.49,2.25,103.8,27.5,20.2,82.2,5.16,East_Block,109.58,18.92
REC-01353,8/24/2023,Quality_Season,8,454.85,81.9,17,3.32,100.9,24.7,17.3,73.3,5.14,East_Block,91.33,20.08
REC-01354,8/24/2023,SW_Monsoon,8,546.33,75.1,16.34,3.69,100.4,25.6,21.8,88.7,11.04,East_Block,119.8,21.93
REC-01355,8/23/2023,Quality_Season,8,517.83,81.5,17.83,2.23,95.6,26.3,22.7,75.3,2.9,West_Block,99.9,19.29
REC-01356,8/23/2023,SW_Monsoon,8,511.48,80,15.35,2.78,89.4,25.9,21.3,86.5,10.81,Upper_Division,108.34,21.18
REC-01357,8/23/2023,Quality_Season,8,560.72,78.3,17.48,3.31,96.2,27.7,16.3,77.2,5.83,Middle_Division,111.97,19.97
REC-01358,8/23/2023,SW_Monsoon,8,656.67,74.7,16.53,3.3,104.4,24.6,19.7,87.4,7.47,West_Block,141.29,21.52
REC-01359,8/22/2023,SW_Monsoon,8,472.08,76,16.18,3.23,94.8,23.3,22.6,79.1,8.85,Middle_Division,104.65,22.17
REC-01360,8/22/2023,SW_Monsoon,8,760.1,82,14.15,3.48,95.6,22.3,22.1,89.3,7.13,East_Block,162.38,21.36
REC-01361,8/21/2023,Quality_Season,8,327.56,78.6,16.59,3.59,104.8,22.1,19.3,76.6,4.3,Middle_Division,64.73,19.76
REC-01362,8/21/2023,SW_Monsoon,8,545.71,78.3,15.57,3.26,101,20,20.3,84.8,11.67,East_Block,123.35,22.6
REC-01363,8/21/2023,Quality_Season,8,284,78.5,15.8,2.99,104.8,25,16.5,80.9,2.82,West_Block,56.7,19.97
REC-01364,8/20/2023,Quality_Season,8,545.05,77.5,18.57,3.04,96.3,27.3,19.5,81.2,3.4,West_Block,111.02,20.37
REC-01365,8/20/2023,Quality_Season,8,543.22,77.6,15.25,2.68,99.4,26.9,19.1,84.8,2.86,Lower_Division,114.26,21.03
REC-01366,8/19/2023,SW_Monsoon,8,608.82,80.7,16,2.45,102.3,24.5,22.7,82.7,10.92,West_Block,131.71,21.63
REC-01367,8/19/2023,Quality_Season,8,417.44,85,16.8,2.4,96.4,20.7,19.5,75.2,4.95,East_Block,76.88,18.42
REC-01368,8/19/2023,SW_Monsoon,8,588.37,78.4,17.27,2.5,102.8,24.6,19.6,85.9,9.93,Upper_Division,123.15,20.93
REC-01369,8/18/2023,SW_Monsoon,8,523.08,73.7,14.77,3.59,98.5,23,22.6,82.6,7.69,Lower_Division,113.23,21.65
REC-01370,8/18/2023,SW_Monsoon,8,753.84,76.2,15.38,2.6,100,26.3,22,82.5,7.05,East_Block,163.55,21.7
REC-01371,8/18/2023,Quality_Season,8,632.09,74.3,16.2,3.66,92.3,26.5,16.9,72,5.77,Lower_Division,123.93,19.61
REC-01372,8/17/2023,Quality_Season,8,434.83,81.7,13.5,3.28,106.7,22,17.3,78.6,4.35,East_Block,79.66,18.32
REC-01373,8/17/2023,SW_Monsoon,8,447.13,80.1,15.33,2.99,101.5,25.7,22.9,88.8,8.91,Upper_Division,94.8,21.2
REC-01374,8/17/2023,SW_Monsoon,8,525.87,75.2,14.14,2.79,87.6,30.7,23.6,79.3,7.16,West_Block,113.1,21.51
REC-01375,8/17/2023,SW_Monsoon,8,617.78,80.3,15.27,3.1,101.3,27,17.3,87.6,7.36,Upper_Division,133.99,21.69
REC-01376,8/16/2023,SW_Monsoon,8,651.82,78.7,14.15,2.56,99.2,26.8,18.1,85.2,8.38,Middle_Division,139.9,21.46
REC-01377,8/16/2023,Quality_Season,8,551.6,74.1,19.53,3.38,86.8,20.4,19.2,75.6,3.27,Upper_Division,99.22,17.99
REC-01378,8/16/2023,SW_Monsoon,8,591.33,74.1,17.77,2.95,101.8,27.1,19.6,85.5,8.19,Middle_Division,130.44,22.06
REC-01379,8/16/2023,SW_Monsoon,8,524.44,78.6,15.62,3.31,96.4,30.5,17.8,81.2,11.46,Middle_Division,113.68,21.68
REC-01380,8/15/2023,SW_Monsoon,8,511.07,72.6,15.6,3.33,91.7,31.5,17.9,87.6,10.59,Lower_Division,110.58,21.64
REC-01381,8/15/2023,Quality_Season,8,630.66,77.4,17.24,2.89,99.7,21,18.6,78.8,2.84,East_Block,125.87,19.96
REC-01382,8/15/2023,Quality_Season,8,607.58,78.9,15.59,3.32,100.8,21.1,20.7,81.3,5.95,East_Block,115.6,19.03
REC-01383,8/14/2023,Quality_Season,8,486.59,76.8,14.53,2.37,98.8,29.5,22.7,84.8,4.07,Upper_Division,88.65,18.22
REC-01384,8/14/2023,SW_Monsoon,8,418.64,79.2,16.03,2.83,102.5,21.8,18.4,89.9,10.43,Middle_Division,92.16,22.01
REC-01385,8/14/2023,SW_Monsoon,8,392.55,74.9,15.97,2.6,104.7,23.3,20.9,86.7,9.08,East_Block,84.21,21.45
REC-01386,8/14/2023,SW_Monsoon,8,814.4,81.9,16.95,3.06,100.5,23.8,19.2,83.6,7.4,East_Block,181.33,22.27
REC-01387,8/13/2023,SW_Monsoon,8,519.63,82.7,14.53,3.38,104.2,24.9,23.9,78.5,7.84,Lower_Division,116.89,22.5
REC-01388,8/13/2023,Quality_Season,8,480.25,79.3,16.12,2.21,89.3,25.3,20.4,81.3,5.23,Upper_Division,86.09,17.93
REC-01389,8/13/2023,SW_Monsoon,8,595.16,77.8,16.91,3.25,100.3,33.1,19.3,88.1,10.48,Middle_Division,133.35,22.41
REC-01390,8/13/2023,SW_Monsoon,8,324.8,78.7,16.77,3.6,99.8,20.5,19.4,82.6,11.53,East_Block,70.53,21.71
REC-01391,8/13/2023,SW_Monsoon,8,509.2,76.8,15.89,3.01,96.5,24.4,17.6,88.3,9.62,Upper_Division,111.79,21.95
REC-01392,8/13/2023,SW_Monsoon,8,551.23,77.8,16.73,3.52,107.4,28.6,21.5,87.6,10.6,Upper_Division,112.1,20.34
REC-01393,8/10/2023,Quality_Season,8,760.22,80.1,17.23,3.6,96.1,26.4,22.3,76.2,2.96,Middle_Division,146.88,19.32
REC-01394,8/10/2023,SW_Monsoon,8,426.39,77.9,17.91,3.23,97.4,24.7,22.2,82,10.28,Lower_Division,98.13,23.01
REC-01395,8/10/2023,Quality_Season,8,351.31,78.4,16.94,3.3,105.8,28.2,22.2,77.8,4.36,Middle_Division,69.53,19.79
REC-01396,8/10/2023,Quality_Season,8,504.14,81.7,16.44,3.67,100.3,23,18.6,81.4,4.33,Upper_Division,99.89,19.81
REC-01397,8/10/2023,Quality_Season,8,462.4,78.3,17.33,2.77,94.2,18.6,20,72.7,4.37,West_Block,86.15,18.63
REC-01398,8/10/2023,Quality_Season,8,612.26,74.8,16.33,3.53,98.5,24.9,19.2,72.1,4.14,Lower_Division,125.68,20.53
REC-01399,8/9/2023,SW_Monsoon,8,475.46,77.8,13.13,3.76,96.8,23.7,22,88.6,9.24,Lower_Division,103.15,21.69
REC-01400,8/9/2023,SW_Monsoon,8,502.87,75.6,13.75,3.02,101.9,23.2,19.7,85.5,8.87,Upper_Division,105.03,20.89
REC-01401,8/9/2023,Quality_Season,8,506.72,82.5,15.67,3.58,94.5,27.3,22,75.7,5.62,Middle_Division,93.2,18.39
REC-01402,8/9/2023,Quality_Season,8,503.05,76.8,14.67,2.74,96.9,27.2,18.4,73.6,4.82,Middle_Division,98.78,19.64
REC-01403,8/8/2023,Quality_Season,8,356.44,76.4,16.1,2.72,102.8,20.7,22.2,83.9,4.06,Lower_Division,71.08,19.94
REC-01404,8/8/2023,SW_Monsoon,8,788.19,83.2,14.53,2.22,91.7,26.2,18.9,90,9.62,Lower_Division,168.4,21.37
REC-01405,8/7/2023,Quality_Season,8,587.57,80.6,17,2.1,92.4,27.7,20.2,75.8,5.75,East_Block,108.92,18.54
REC-01406,8/7/2023,Quality_Season,8,250,78.5,18.96,2.58,102.8,22.2,17.4,85,3.32,Upper_Division,49.7,19.88
REC-01407,8/7/2023,Quality_Season,8,616.32,77.9,18.18,3.37,97.5,30.8,16.5,81.7,3.79,West_Block,119.56,19.4
REC-01408,8/7/2023,Quality_Season,8,516.68,85,17.24,2.8,99.1,23.5,22.8,83,4.18,East_Block,100.16,19.39
REC-01409,8/7/2023,Quality_Season,8,524.27,77.8,15.1,3.37,93.3,30,19.6,73.1,5.12,Middle_Division,103.09,19.66
REC-01410,8/6/2023,SW_Monsoon,8,647.98,76.5,17.23,2.86,96.6,24.4,20.3,90,8.82,Upper_Division,137.24,21.18
REC-01411,8/6/2023,SW_Monsoon,8,558.58,75.1,14.97,3.39,96.6,29.6,21.2,78.6,7.06,East_Block,121.82,21.81
REC-01412,8/6/2023,SW_Monsoon,8,595.18,80,14.25,3.46,94.7,26.9,20.7,81.4,10.71,West_Block,130.31,21.89
REC-01413,8/6/2023,SW_Monsoon,8,680.01,80.7,17.98,2.56,97.1,25,19.8,85.1,7.63,Upper_Division,140.39,20.64
REC-01414,8/6/2023,SW_Monsoon,8,601.33,78.3,15.58,2.23,112.4,25.8,17.8,88,9.59,Middle_Division,123.76,20.58
REC-01415,8/6/2023,Quality_Season,8,783.81,83.7,15.73,3.11,90,23.4,22,83.3,4.24,Upper_Division,149.82,19.11
REC-01416,8/5/2023,SW_Monsoon,8,422.04,80.5,15.9,3.14,96.7,26.2,21.6,85.2,7.68,Middle_Division,95.62,22.66
REC-01417,8/4/2023,SW_Monsoon,8,505.31,78.6,16.04,3.35,90.9,18,19.9,88,8.57,West_Block,111.77,22.12
REC-01418,8/4/2023,Quality_Season,8,618.43,80.7,14.27,2.45,102.2,29.9,19.3,76.4,4.73,Lower_Division,114.81,18.56
REC-01419,8/4/2023,Quality_Season,8,453.79,74.9,15.9,2.03,101,24.7,16,77.2,3.02,East_Block,84.94,18.72
REC-01420,8/3/2023,Quality_Season,8,250,81.5,15.57,3.46,92.7,27.1,19.5,78.1,4.32,Upper_Division,47.33,18.93
REC-01421,8/2/2023,Quality_Season,8,780.98,74.3,16.43,2.58,105.3,19.6,19.8,77.9,5.63,Lower_Division,155.82,19.95
REC-01422,8/2/2023,Quality_Season,8,559.37,78.8,16.41,3.05,95,24.9,17.5,78.8,4.83,Lower_Division,113.01,20.2
REC-01423,8/2/2023,Quality_Season,8,418.95,81.9,13.79,2.58,96.9,23,22.2,84.1,2.75,East_Block,83.38,19.9
REC-01424,8/2/2023,Quality_Season,8,598.53,75.7,12.38,3.53,90.5,25.7,17.9,72.2,4.51,West_Block,110.55,18.47
REC-01425,8/2/2023,SW_Monsoon,8,579.35,78,17.3,3.01,92.9,22.8,21.2,87.7,10.41,East_Block,127.27,21.97
REC-01426,8/1/2023,SW_Monsoon,8,546.96,81.9,14.82,2.27,100.8,26.8,17.1,85.3,9.12,Middle_Division,115.87,21.18
REC-01427,8/1/2023,Quality_Season,8,678.28,82.2,14.93,2.9,101,25,18.8,84.2,4.37,Lower_Division,134.02,19.76
REC-01428,8/1/2023,Quality_Season,8,608.82,72.9,15.7,3.48,100.6,26,22.8,76.1,3.2,Lower_Division,118.96,19.54
REC-01429,8/1/2023,Quality_Season,8,553.16,78.1,16.28,3.25,99.9,24.7,17.1,72.9,2.7,West_Block,110.44,19.96
REC-01430,8/1/2023,Quality_Season,8,339.52,82.1,16.35,3.49,102.6,22.5,19.8,80.5,4.73,West_Block,68,20.03
REC-01431,8/1/2023,SW_Monsoon,8,443.1,75.1,13.08,2.63,95.3,23.9,20.5,78.8,11.4,West_Block,98.29,22.18
REC-01432,8/1/2023,SW_Monsoon,8,631.8,78.9,19.57,3.56,99.2,23.1,17.8,86.9,8.02,Lower_Division,137.05,21.69
REC-01433,7/31/2023,Quality_Season,7,423.62,79.2,14.98,2.08,94.5,27.1,21.5,78.9,3.01,West_Block,79.43,18.75
REC-01434,7/31/2023,SW_Monsoon,7,403.09,76,13.96,3.8,100.7,25.4,23.7,81.1,11.21,Upper_Division,87.44,21.69
REC-01435,7/30/2023,Quality_Season,7,645.24,79.8,14.69,2.68,101.8,27.6,18.5,74.2,2.97,West_Block,132.61,20.55
REC-01436,7/30/2023,SW_Monsoon,7,456.55,78.1,15.24,2,91,26.9,21.2,85.3,7.31,Middle_Division,99.04,21.69
REC-01437,7/30/2023,Quality_Season,7,557.91,78.9,12.02,2.3,98.5,26.8,17.1,73.1,5.13,West_Block,107.87,19.33
REC-01438,7/30/2023,Quality_Season,7,421.18,79.5,17.77,3.1,104.6,26.1,22.1,72.3,3.48,West_Block,85.89,20.39
REC-01439,7/30/2023,SW_Monsoon,7,692.02,80.7,15.84,2.41,91.6,24.5,22.5,80.8,11.41,Upper_Division,145.08,20.96
REC-01440,7/30/2023,Quality_Season,7,662.65,75.7,15.97,2.74,88.9,26.6,17.3,76.5,4.88,West_Block,133.72,20.18
REC-01441,7/30/2023,Quality_Season,7,433,75.5,17.14,2.78,97.6,23.8,18.4,83.7,5.14,Middle_Division,84.25,19.46
REC-01442,7/30/2023,Quality_Season,7,405.33,79.9,14.27,3.6,92,18.1,17,72.3,3.4,East_Block,75.58,18.65
REC-01443,7/29/2023,Quality_Season,7,468.36,77.2,15.73,3.16,104.4,26.1,16.3,74.6,5.17,Middle_Division,93,19.86
REC-01444,7/29/2023,Quality_Season,7,431.1,83.2,15.09,3.44,98.2,19.6,21.2,84.6,3.43,Lower_Division,84.73,19.65
REC-01445,7/28/2023,SW_Monsoon,7,738,83.4,16.7,2.14,95,21.7,21.2,83,7.43,Lower_Division,157.65,21.36
REC-01446,7/27/2023,SW_Monsoon,7,398.05,75.8,15.96,3.69,96,30,20.6,80.9,10.65,West_Block,86.6,21.76
REC-01447,7/26/2023,Quality_Season,7,469.79,82.7,20,3.51,102.3,23.1,20.4,79.5,4.07,Upper_Division,87.1,18.54
REC-01448,7/26/2023,Quality_Season,7,534,81.1,15.53,3.43,90.8,26.4,19.2,84.1,5.44,Middle_Division,106.7,19.98
REC-01449,7/26/2023,SW_Monsoon,7,340.88,75,17.36,2.59,97.6,29.1,23.7,89.6,9.45,Upper_Division,71.83,21.07
REC-01450,7/25/2023,SW_Monsoon,7,528.43,77.5,15.46,2.38,103.5,23.8,17.5,81,7.56,East_Block,112.97,21.38
REC-01451,7/25/2023,SW_Monsoon,7,490.91,83,16.69,3.99,97.6,28.3,23.5,80.7,9.14,Upper_Division,97.71,19.9
REC-01452,7/25/2023,Quality_Season,7,528.31,73.4,13.96,2.3,101.2,27.6,22.6,80.8,5.28,East_Block,99.52,18.84
REC-01453,7/25/2023,Quality_Season,7,526.64,78.8,18.05,2.83,92.8,26.9,22.8,78.5,3.45,West_Block,103.37,19.63
REC-01454,7/24/2023,Quality_Season,7,715.86,78.2,17.78,3.59,95.5,22.1,21.6,84.4,2.87,West_Block,136.77,19.11
REC-01455,7/24/2023,SW_Monsoon,7,501.51,79.2,17.03,3.33,103.5,21.2,18.5,78.6,7.87,Lower_Division,109.64,21.86
REC-01456,7/24/2023,SW_Monsoon,7,505.32,79.3,18.35,3.27,96,28.5,21.6,83.1,7.81,Upper_Division,106.72,21.12
REC-01457,7/23/2023,SW_Monsoon,7,447.34,80.5,17.77,3.26,101.1,23.5,19,87.5,11.36,Middle_Division,96.3,21.53
REC-01458,7/22/2023,Quality_Season,7,361.2,81.3,16.23,2.78,104.1,23.8,21.8,76.3,4.13,Upper_Division,69.9,19.35
REC-01459,7/22/2023,SW_Monsoon,7,562.05,81.3,16.92,3.62,98.1,25.2,23.5,78.8,7.23,Upper_Division,115.09,20.48
REC-01460,7/22/2023,SW_Monsoon,7,309.65,80.6,15.37,3.6,96.2,22.9,18.9,82,10.88,East_Block,67.73,21.87
REC-01461,7/21/2023,Quality_Season,7,465.03,79.8,14.97,2.75,90.2,26.5,21.7,78.7,5.71,Upper_Division,89.6,19.27
REC-01462,7/21/2023,Quality_Season,7,491.92,80.3,17.21,2.84,98.6,29.5,18.6,74.8,4.46,Lower_Division,95.22,19.36
REC-01463,7/21/2023,Quality_Season,7,634.42,77.3,17.49,3.01,110.4,27.5,17.7,75.7,3.07,Upper_Division,123.02,19.39
REC-01464,7/20/2023,Quality_Season,7,625.97,81.4,14.23,2.66,104.3,23.3,21.3,72.4,4.5,Upper_Division,119.61,19.11
REC-01465,7/20/2023,Quality_Season,7,572.76,80,17.55,2.56,96.7,25.1,18,76.6,3.57,West_Block,118.14,20.63
REC-01466,7/20/2023,SW_Monsoon,7,364.3,80.2,15.28,3.19,95.3,25.1,17,82.5,7.22,Middle_Division,82.02,22.51
REC-01467,7/20/2023,Quality_Season,7,317.64,80.4,13.39,4.04,105.3,23.7,21.8,79.4,3.67,Middle_Division,58.12,18.3
REC-01468,7/19/2023,SW_Monsoon,7,566.73,76.5,17.17,3.33,95.9,24.8,17.8,83,10.86,Middle_Division,124.49,21.97
REC-01469,7/19/2023,Quality_Season,7,563.62,80.4,16.36,2.15,89,25.4,20.9,77.4,3.41,Middle_Division,106.93,18.97
REC-01470,7/18/2023,Quality_Season,7,833.36,72.9,16.04,3.31,94.9,22.3,21.7,79.7,4.49,West_Block,171.45,20.57
REC-01471,7/18/2023,SW_Monsoon,7,450.2,80.5,12.36,3.17,103.4,20.4,22.8,80,6.93,Upper_Division,90.49,20.1
REC-01472,7/17/2023,Quality_Season,7,663.9,78.1,14.18,3.34,92.6,27.5,22,84.6,4.83,West_Block,129,19.43
REC-01473,7/17/2023,SW_Monsoon,7,283.92,75.3,17.28,3.55,85,24,17.4,89.8,7.26,East_Block,58.03,20.44
REC-01474,7/16/2023,Quality_Season,7,512.35,76.1,14.52,2.9,96.7,24.7,21.6,79.6,4.69,East_Block,102.98,20.1
REC-01475,7/16/2023,Quality_Season,7,700.26,80.1,15.91,2.44,91.6,27.4,17.6,84.6,2.95,Middle_Division,137.78,19.68
REC-01476,7/16/2023,Quality_Season,7,538.06,72.8,16.72,3.04,96.3,23.4,19.4,72.8,4.29,West_Block,112.15,20.84
REC-01477,7/15/2023,SW_Monsoon,7,418.28,74.9,16.76,2.67,94.1,26.5,24,85.8,9.7,Lower_Division,93.43,22.34
REC-01478,7/15/2023,Quality_Season,7,549.58,76.5,16.76,3.49,94.2,26.1,21.7,73.6,5.92,West_Block,111.2,20.23
REC-01479,7/14/2023,Quality_Season,7,608.45,75.4,13.74,2.32,96.2,30.5,16.5,76.3,2.73,East_Block,114.01,18.74
REC-01480,7/14/2023,Quality_Season,7,718.09,76.3,16.68,2.6,111.8,25.2,18.9,82,4.01,Lower_Division,140.39,19.55
REC-01481,7/14/2023,Quality_Season,7,556.57,80.2,15.1,3.24,104.4,30.4,18.4,76.7,3.71,Lower_Division,110.23,19.81
REC-01482,7/13/2023,Quality_Season,7,553.96,81.3,15.75,3.07,101,27,19.5,81.3,5.41,East_Block,108.38,19.56
REC-01483,7/13/2023,Quality_Season,7,518.86,77,13.75,2.84,102,27.9,19.6,79,5.54,East_Block,101.6,19.58
REC-01484,7/12/2023,Quality_Season,7,506.73,77.9,14.18,3.27,98,25.2,20.8,77.1,5.01,Lower_Division,103.31,20.39
REC-01485,7/12/2023,Quality_Season,7,392.89,83,18.11,3.46,98,21.1,16.8,75.8,5.93,West_Block,75.28,19.16
REC-01486,7/12/2023,Quality_Season,7,579.96,79.4,17.38,2.55,105.8,27.6,20.2,73.7,3.97,East_Block,109.9,18.95
REC-01487,7/11/2023,Quality_Season,7,603.69,81.8,15.39,2.92,96.2,29.6,18.6,74.7,5.07,Lower_Division,120.63,19.98
REC-01488,7/10/2023,SW_Monsoon,7,351.4,78.6,15.87,3.26,94.3,20.6,19.2,89.6,10.91,East_Block,79.37,22.59
REC-01489,7/10/2023,SW_Monsoon,7,467.55,76.6,15.7,3.78,89.7,27.3,18.1,82.4,7.29,East_Block,95.84,20.5
REC-01490,7/10/2023,SW_Monsoon,7,469.65,72.7,13.7,4.36,91.2,25.5,20.6,81.8,10.82,Upper_Division,94.29,20.08
REC-01491,7/10/2023,Quality_Season,7,656.32,79,16.44,2.54,89.5,25.6,22.9,82.1,4.16,West_Block,130.45,19.88
REC-01492,7/9/2023,SW_Monsoon,7,354.49,76.7,16.52,3.35,85,25.8,17.8,82.9,10.69,Middle_Division,78.27,22.08
REC-01493,7/9/2023,Quality_Season,7,590.67,78,15.82,3.18,100.7,26.9,19.5,78.1,4.16,Lower_Division,122.64,20.76
REC-01494,7/9/2023,SW_Monsoon,7,486.33,81,15.92,2.59,94.5,25.8,22.3,89.5,9.89,Middle_Division,103.96,21.38
REC-01495,7/8/2023,SW_Monsoon,7,462.25,75.4,12.37,3.07,102.7,28,20.5,79.9,9.55,Lower_Division,96.45,20.87
REC-01496,7/8/2023,SW_Monsoon,7,542.37,81.3,14.7,2.64,104.5,26.4,18,79.7,7.18,Lower_Division,124.29,22.92
REC-01497,7/8/2023,Quality_Season,7,646.53,80,17.63,3,92.4,23,22.1,72.7,5.27,West_Block,128.75,19.91
REC-01498,7/7/2023,Quality_Season,7,528.17,78.2,16.9,3.45,106.1,28,16,75.7,4.46,West_Block,106.14,20.1
REC-01499,7/6/2023,SW_Monsoon,7,712.47,75.6,15.86,4.05,89.2,26.3,20.4,81.6,9.01,Upper_Division,152.2,21.36
REC-01500,7/6/2023,SW_Monsoon,7,628.56,80,13.59,3.13,98.1,22.1,19.8,82,8.39,Middle_Division,135.51,21.56
REC-01501,7/5/2023,SW_Monsoon,7,505.37,75.5,17.04,3.09,90.5,22.8,21.3,78.5,11.51,Lower_Division,107.66,21.3
REC-01502,7/5/2023,Quality_Season,7,592.44,77.8,17.08,2.79,89.4,26.6,17.2,73.2,5.6,Middle_Division,113.44,19.15
REC-01503,7/5/2023,SW_Monsoon,7,641.45,79.2,18.88,3.08,94.5,24.4,23.6,81,8.24,Lower_Division,144.77,22.57
REC-01504,7/4/2023,SW_Monsoon,7,577.08,79.6,15.73,3.58,96.3,22,23.4,80.9,7.89,East_Block,124.24,21.53
REC-01505,7/4/2023,Quality_Season,7,517.63,81.5,16.38,3.89,100,26.9,19,73.5,5.03,Middle_Division,100.82,19.48
REC-01506,7/4/2023,Quality_Season,7,735.27,80.3,17.4,3.23,106.6,21.9,18.3,84,5.62,Lower_Division,145.88,19.84
REC-01507,7/4/2023,Quality_Season,7,717.59,76.1,17.29,2.5,96,25.6,21.7,81.8,5.39,Middle_Division,137.13,19.11
REC-01508,7/4/2023,SW_Monsoon,7,466.52,78.1,14.59,3.27,104.1,26.5,21.9,89.3,8.25,West_Block,102.82,22.04
REC-01509,7/3/2023,Quality_Season,7,551.36,83.5,17.01,2.89,100.8,24.6,20.4,78.6,5.89,Upper_Division,105.68,19.17
REC-01510,7/3/2023,Quality_Season,7,442.07,76.4,13.84,2.5,93.6,26.2,22.4,73,5.42,Lower_Division,92.28,20.88
REC-01511,7/3/2023,SW_Monsoon,7,544.19,72.3,15.24,3.15,96.4,23.6,20,87.3,9.07,West_Block,120.9,22.22
REC-01512,7/2/2023,SW_Monsoon,7,406.34,81,18.51,2.69,93.3,29.4,17.9,89.3,8.37,Upper_Division,84.45,20.78
REC-01513,7/2/2023,Quality_Season,7,502.81,81.3,17.81,2.24,100.8,21.7,21.9,74.8,2.72,Lower_Division,96.47,19.19
REC-01514,6/30/2023,SW_Monsoon,6,626.84,78.1,14.92,3.4,93,25.7,25,90.4,13.4,Lower_Division,143.66,22.92
REC-01515,6/30/2023,SW_Monsoon,6,379.28,79.7,19.68,3.73,108.8,25.2,23.9,83.8,11.25,East_Block,78.93,20.81
REC-01516,6/30/2023,SW_Monsoon,6,727.35,73.3,18.72,2.3,104.5,27.9,18.9,83,8.61,East_Block,158.29,21.76
REC-01517,6/29/2023,SW_Monsoon,6,538.14,77.4,14.97,3.24,96.9,23.4,25,90.4,11.44,Upper_Division,121.35,22.55
REC-01518,6/29/2023,SW_Monsoon,6,532.78,78.5,13.88,4.12,96.2,23.9,20.9,87,8.77,Middle_Division,117.5,22.05
REC-01519,6/29/2023,SW_Monsoon,6,565.45,77,14.15,2.69,99,29,20,87.5,11.07,West_Block,130.07,23
REC-01520,6/27/2023,SW_Monsoon,6,584.78,75.5,16.42,3.55,94.9,27.1,24.6,80.2,11.27,Upper_Division,126.72,21.67
REC-01521,6/27/2023,SW_Monsoon,6,559.57,80.7,16.49,3.11,92.5,29.8,20.8,89.3,14.83,East_Block,123.43,22.06
REC-01522,6/25/2023,SW_Monsoon,6,685.36,79.7,17.74,3.1,90.4,30.3,25,80.4,8.77,Upper_Division,147.54,21.53
REC-01523,6/25/2023,SW_Monsoon,6,492.69,78.4,13.06,3.22,96.3,26.9,22,81.5,9.47,Lower_Division,112.4,22.81
REC-01524,6/24/2023,SW_Monsoon,6,448.78,74.3,15.29,2.49,92.5,25.1,18.1,83.6,14.56,West_Block,97.73,21.78
REC-01525,6/24/2023,SW_Monsoon,6,710.08,80.8,16.4,3.14,96.8,27.4,18.6,80.3,12.29,Upper_Division,160.07,22.54
REC-01526,6/23/2023,SW_Monsoon,6,547.34,72.7,15.98,3.53,102.8,29.8,22.9,89.7,12.4,Lower_Division,123.12,22.49
REC-01527,6/23/2023,SW_Monsoon,6,503.25,80.4,17.1,3.31,100.2,21.6,24.7,85.4,9.2,West_Block,110.25,21.91
REC-01528,6/23/2023,SW_Monsoon,6,579.7,75,15.37,3.32,102.3,26.9,18.1,83.7,10.99,West_Block,133.67,23.06
REC-01529,6/22/2023,SW_Monsoon,6,628.72,74.8,16,2.79,96.1,25.3,19.7,81.1,10.73,Middle_Division,143.03,22.75
REC-01530,6/22/2023,SW_Monsoon,6,624.46,78.8,15.73,2.87,102.8,23.4,23,91.7,11.92,Lower_Division,143.62,23
REC-01531,6/22/2023,SW_Monsoon,6,692.89,81.4,18.64,2.93,98.2,31.6,19.5,82.5,10.17,West_Block,157.92,22.79
REC-01532,6/20/2023,SW_Monsoon,6,612.13,76.8,15.61,2.69,105.3,24.3,24.7,83.7,10.53,Middle_Division,138.04,22.55
REC-01533,6/20/2023,SW_Monsoon,6,443.68,78,13.37,2.02,90.6,29.1,23.7,89.6,9.01,Middle_Division,94.37,21.27
REC-01534,6/20/2023,SW_Monsoon,6,733.94,76.1,18.25,2.6,101.8,26.5,20.4,81.6,10.43,Upper_Division,164.93,22.47
REC-01535,6/19/2023,SW_Monsoon,6,553.31,75.8,17.39,2.9,102.2,22.8,22.6,86,12.73,East_Block,122.26,22.1
REC-01536,6/19/2023,SW_Monsoon,6,648.53,79.4,19.13,2.16,101.7,28.2,25,90.1,12.05,East_Block,142.62,21.99
REC-01537,6/19/2023,SW_Monsoon,6,471.99,80,15.32,2.7,105.6,19.2,20.4,83.5,11.37,West_Block,108.64,23.02
REC-01538,6/19/2023,SW_Monsoon,6,406.2,80.5,17.53,3.62,98.5,31.1,19.5,88.9,12.64,West_Block,89.53,22.04
REC-01539,6/19/2023,SW_Monsoon,6,565.37,78.3,14.77,2,103,20.5,23.2,80.5,13.88,West_Block,124.21,21.97
REC-01540,6/18/2023,SW_Monsoon,6,606.52,75.3,17.1,3.87,99.2,25.2,20,91.7,14.05,Upper_Division,134.63,22.2
REC-01541,6/18/2023,SW_Monsoon,6,514.9,74.9,17.01,3.46,102.5,25.4,23.5,82.4,11.57,Middle_Division,116.73,22.67
REC-01542,6/17/2023,SW_Monsoon,6,433.12,77.2,14.99,2,104.8,18.3,20.3,83.2,11.96,East_Block,92.4,21.33
REC-01543,6/17/2023,SW_Monsoon,6,458.14,77.9,15.93,3.09,107.5,19.3,24.3,81.1,14.13,Lower_Division,105.55,23.04
REC-01544,6/16/2023,SW_Monsoon,6,591.41,81.8,14.6,3.61,102,27.7,23.4,86.9,10.07,East_Block,129.98,21.98
REC-01545,6/16/2023,SW_Monsoon,6,487.67,85,18.45,3.15,98.5,26.2,20.2,83.1,8.47,Middle_Division,103.82,21.29
REC-01546,6/16/2023,SW_Monsoon,6,579.46,78.9,15.3,2.73,98.7,23.5,22.7,89.4,13.17,Middle_Division,131.02,22.61
REC-01547,6/15/2023,SW_Monsoon,6,515.98,77,16.92,3.08,97.1,26.6,22.8,88,10.77,Lower_Division,118.34,22.94
REC-01548,6/15/2023,SW_Monsoon,6,497.29,77.6,19.73,2.81,96.4,24.4,22,81,12.35,Upper_Division,107.9,21.7
REC-01549,6/15/2023,SW_Monsoon,6,508.82,76.3,15.46,3.07,103.5,24.9,23.7,88.7,11.59,East_Block,117.2,23.03
REC-01550,6/14/2023,SW_Monsoon,6,784.98,79.4,16.73,2.01,102.2,20.2,21.1,83.4,9.15,West_Block,175.29,22.33
REC-01551,6/14/2023,SW_Monsoon,6,717.3,82.7,15,2.86,91.8,29.3,19.5,85.7,14.09,Upper_Division,150.38,20.96
REC-01552,6/14/2023,SW_Monsoon,6,556.66,78.5,16.36,2,92.7,22.5,24.5,87.5,9.56,West_Block,127.56,22.92
REC-01553,6/14/2023,SW_Monsoon,6,399.02,84.4,16.5,2.7,98.7,28.2,22.6,90.7,14,East_Block,90.22,22.61
REC-01554,6/13/2023,SW_Monsoon,6,545.4,75.6,17.88,2.71,102.8,29.8,24.4,81.1,14.08,Lower_Division,123.01,22.55
REC-01555,6/13/2023,SW_Monsoon,6,440.08,81.1,15.92,3.21,96.2,30.8,19.3,89.9,14.12,Upper_Division,98.37,22.35
REC-01556,6/13/2023,SW_Monsoon,6,607.63,77.6,17.07,2.75,99.5,24.2,18.1,81.9,14.2,East_Block,137.32,22.6
REC-01557,6/13/2023,SW_Monsoon,6,547.9,76.2,13.59,3.02,98.3,25.7,22.5,82.6,13.39,West_Block,124.4,22.7
REC-01558,6/13/2023,SW_Monsoon,6,496.09,79.2,14.55,3.24,95,25.5,19.5,84.3,11.51,East_Block,106.96,21.56
REC-01559,6/13/2023,SW_Monsoon,6,732.72,81.1,15.72,3.07,96.4,26.6,18.1,82.2,10.61,Middle_Division,163.48,22.31
REC-01560,6/12/2023,SW_Monsoon,6,564.44,78.1,16.32,2.59,90.7,27.9,20.4,90.3,8.69,Middle_Division,128.91,22.84
REC-01561,6/12/2023,SW_Monsoon,6,637.88,77.7,17.2,2.85,101.1,28.3,23.5,84.7,13.97,East_Block,139.55,21.88
REC-01562,6/12/2023,SW_Monsoon,6,542.99,79.6,13.24,3.56,85,19,19.2,89.2,11,West_Block,116.19,21.4
REC-01563,6/11/2023,SW_Monsoon,6,544.52,84.6,16.03,3.25,97.9,19.4,20.3,87.9,9.87,Middle_Division,116.53,21.4
REC-01564,6/11/2023,SW_Monsoon,6,335.39,79.1,16.67,2.54,97.3,29.7,19.4,84.4,8.44,East_Block,75.23,22.43
REC-01565,6/11/2023,SW_Monsoon,6,528.77,79.2,15.14,2.94,100.5,18.5,22.2,91.7,14.98,East_Block,120.48,22.79
REC-01566,6/11/2023,SW_Monsoon,6,281.97,78,15.87,2.86,97.9,26.1,21.7,82.2,8.48,West_Block,64.78,22.98
REC-01567,6/10/2023,SW_Monsoon,6,600.99,83,18.51,3.5,109.7,23,22.7,81.5,10.1,Middle_Division,128.26,21.34
REC-01568,6/10/2023,SW_Monsoon,6,574.48,70.7,16.65,3.87,90.4,21.4,24.2,81.9,9.02,West_Block,119.73,20.84
REC-01569,6/10/2023,SW_Monsoon,6,466.19,78.5,14.29,3.04,96.1,22.3,22.2,92,14.63,West_Block,107.44,23.05
REC-01570,6/10/2023,SW_Monsoon,6,530.36,80.4,15.48,3.13,88,28.6,19.7,83.9,10.39,West_Block,113.88,21.47
REC-01571,6/9/2023,SW_Monsoon,6,519.65,77,12.34,3.61,96.5,19.5,23.4,90.3,11.14,Middle_Division,111.88,21.53
REC-01572,6/8/2023,SW_Monsoon,6,477.29,75.4,16.06,3.04,96.3,28.2,24.3,81.7,13.16,Middle_Division,106.91,22.4
REC-01573,6/7/2023,SW_Monsoon,6,689.35,78,18.41,3.4,98.1,25.8,21.6,81.4,11.47,Upper_Division,158.04,22.93
REC-01574,6/7/2023,SW_Monsoon,6,439.23,80,15.89,2.58,97.7,28.1,24.7,81.8,11.88,Lower_Division,101.06,23.01
REC-01575,6/7/2023,SW_Monsoon,6,429.77,79.3,16.54,3.97,94,27.3,19.3,91.4,8.73,East_Block,96.78,22.52
REC-01576,6/7/2023,SW_Monsoon,6,516.76,76.9,16.23,3.05,93.7,26.4,21.1,88.3,12.69,Lower_Division,117.45,22.73
REC-01577,6/6/2023,SW_Monsoon,6,596.5,77.1,18,3.37,95.1,25.4,21.1,88.8,14.52,West_Block,134.07,22.48
REC-01578,6/6/2023,SW_Monsoon,6,528.81,77.8,18.07,3.1,96.1,24.6,24.3,85.8,10.21,Upper_Division,121.69,23.01
REC-01579,6/5/2023,SW_Monsoon,6,543.67,79.9,13.79,3.11,96.2,26.7,20.4,88.3,8.33,Upper_Division,125,22.99
REC-01580,6/5/2023,SW_Monsoon,6,635.71,80.5,18.87,3.16,103.2,25.5,19.2,91,12.88,East_Block,141.23,22.22
REC-01581,6/5/2023,SW_Monsoon,6,690.62,80.4,16.75,2.98,100.5,21.7,22.3,91.6,14.92,East_Block,158.93,23.01
REC-01582,6/4/2023,SW_Monsoon,6,473.77,82.5,14.88,2.83,91.5,30.2,20,91,14.43,Lower_Division,109.34,23.08
REC-01583,6/3/2023,SW_Monsoon,6,393.04,76.7,13.31,2.39,94.5,30.7,23.2,89.3,10.83,Lower_Division,88.14,22.43
REC-01584,6/3/2023,SW_Monsoon,6,495.92,78.9,19.39,3.36,99.3,29.1,24.9,88.5,12.16,Middle_Division,108.77,21.93
REC-01585,6/3/2023,SW_Monsoon,6,715.16,75.4,16.45,3.27,97.6,27.8,20.9,85.8,13.68,Lower_Division,164.4,22.99
REC-01586,6/3/2023,SW_Monsoon,6,869.75,78.7,18.81,3.06,95,25.4,21.7,81.9,10.89,Lower_Division,200.31,23.03
REC-01587,6/3/2023,SW_Monsoon,6,747.22,73.3,15.23,2.91,97,24.4,24.4,87,9.73,West_Block,171.79,22.99
REC-01588,6/2/2023,SW_Monsoon,6,774.07,74.8,13.65,2,94.3,27.1,23,83.3,13.59,Upper_Division,164.22,21.22
REC-01589,6/2/2023,SW_Monsoon,6,511.58,77.5,16.57,2.57,89.3,28.5,20.4,90.7,12.45,Lower_Division,111.59,21.81
REC-01590,6/2/2023,SW_Monsoon,6,628.46,71.5,13.97,3.43,97.4,34.2,20.9,89.5,11.17,Middle_Division,137.72,21.91
REC-01591,6/1/2023,SW_Monsoon,6,756.64,76,18.13,2.52,103.7,26.2,18.6,84.5,8.75,Lower_Division,170.34,22.51
REC-01592,5/31/2023,SW_Monsoon,5,625.45,80,15.72,3.68,96.7,24.1,24.7,89.7,13.91,West_Block,144.07,23.04
REC-01593,5/31/2023,SW_Monsoon,5,539.37,77,15.79,3,100.8,28.4,18.6,85,10.84,East_Block,118.16,21.91
REC-01594,5/31/2023,SW_Monsoon,5,484.14,78.2,15.27,3.33,99.1,19.3,19.1,90,14.81,West_Block,107.54,22.21
REC-01595,5/31/2023,SW_Monsoon,5,714.39,75.8,16.76,4.07,94.3,29.5,22,85.8,12.99,Middle_Division,154.74,21.66
REC-01596,5/30/2023,SW_Monsoon,5,378.32,79.1,16.16,2.44,96.5,19.3,21.4,82.7,8.69,East_Block,83.4,22.04
REC-01597,5/29/2023,SW_Monsoon,5,503.93,80.3,15.8,2.92,98.9,24.9,20.4,88.9,14.18,Upper_Division,109.84,21.8
REC-01598,5/29/2023,SW_Monsoon,5,643.77,76,15.81,2.46,102.1,23.3,19.8,82.8,12.72,Middle_Division,143.89,22.35
REC-01599,5/29/2023,SW_Monsoon,5,375.37,75.8,17.31,2.74,98.9,20.5,22,86.3,11.54,Middle_Division,84,22.38
REC-01600,5/28/2023,SW_Monsoon,5,651.94,76,14.7,3.08,95.4,28.7,24,84.4,11.84,Lower_Division,144.37,22.14
REC-01601,5/28/2023,SW_Monsoon,5,595.86,80.5,14.51,2.73,100.5,23.3,24.5,88.5,13.57,Middle_Division,137.14,23.02
REC-01602,5/28/2023,SW_Monsoon,5,734.66,76.8,17.37,2.74,104.5,25.8,23.9,87,9.41,Upper_Division,162.8,22.16
REC-01603,5/27/2023,SW_Monsoon,5,680.38,80.1,16.78,2.49,97.1,25.2,22.3,91.2,14.54,Upper_Division,147.2,21.63
REC-01604,5/27/2023,SW_Monsoon,5,711.85,77.8,12.9,3.47,97,28.9,23.9,89.9,13.15,Upper_Division,151.71,21.31
REC-01605,5/26/2023,SW_Monsoon,5,419.86,76.8,15.99,3.42,103,26.4,20,89.5,11.59,Middle_Division,95.76,22.81
REC-01606,5/26/2023,SW_Monsoon,5,668.02,78.9,15.34,2.56,107.6,22.3,21.6,91.8,9.9,West_Block,153.4,22.96
REC-01607,5/26/2023,SW_Monsoon,5,532.73,81.4,13.84,3.52,107.4,31,21.5,80.2,14.33,Middle_Division,115.95,21.76
REC-01608,5/25/2023,SW_Monsoon,5,384.21,74.7,13.58,4.03,95.4,24.4,20,89.2,9.04,Lower_Division,84.95,22.11
REC-01609,5/25/2023,SW_Monsoon,5,422.31,78.6,15.73,3.7,100.1,25.4,22.7,85.6,12.37,Upper_Division,92.4,21.88
REC-01610,5/24/2023,SW_Monsoon,5,547.45,80.8,17.25,3.26,96.2,24.7,21.1,82.1,14.79,Lower_Division,125.59,22.94
REC-01611,5/24/2023,SW_Monsoon,5,250,77.4,18.17,2.99,91.7,27.8,18.1,91.7,12.5,Upper_Division,53.86,21.55
REC-01612,5/24/2023,SW_Monsoon,5,425.03,75.5,14.78,3.36,108.1,25.2,23.5,81,14.26,Lower_Division,98.34,23.14
REC-01613,5/24/2023,SW_Monsoon,5,497.47,76.4,16.02,3.09,100.6,25.4,22.3,86,10.38,East_Block,115.29,23.17
REC-01614,5/24/2023,SW_Monsoon,5,634.46,75.5,15.45,2.5,109.1,27.2,24.3,82.8,9.5,East_Block,137.58,21.69
REC-01615,5/23/2023,SW_Monsoon,5,674.77,77.7,15.49,3.23,105.1,25.7,22.6,91.6,12.2,Upper_Division,152.33,22.58
REC-01616,5/23/2023,SW_Monsoon,5,697.66,81,13.99,3.77,99.8,25.8,23.7,83.7,9.86,Lower_Division,152.17,21.81
REC-01617,5/23/2023,SW_Monsoon,5,436.54,78.8,18.42,3.59,104.7,25.4,23.6,90.9,12.83,Middle_Division,99.31,22.75
REC-01618,5/22/2023,SW_Monsoon,5,752.6,77.4,15.09,2.94,99.6,22.2,19.7,90.6,10.74,West_Block,173.43,23.04
REC-01619,5/21/2023,SW_Monsoon,5,477.31,81.8,16.81,2.76,88.8,24.8,24.2,84.2,13.57,Middle_Division,106.62,22.34
REC-01620,5/21/2023,SW_Monsoon,5,434.13,78.3,15.84,2.67,90.3,24.5,22.6,88.6,12.69,Middle_Division,98.88,22.78
REC-01621,5/20/2023,SW_Monsoon,5,567.98,74.9,16.9,3.73,101.4,28.7,24.4,80.1,14.13,West_Block,125.69,22.13
REC-01622,5/20/2023,SW_Monsoon,5,583.96,74.5,16.46,4,94.6,20.2,21,88.9,11.68,West_Block,125.89,21.56
REC-01623,5/19/2023,SW_Monsoon,5,708.13,83.3,15.73,3.5,98.6,26.3,23.3,80.5,8.51,Lower_Division,160.15,22.62
REC-01624,5/19/2023,SW_Monsoon,5,792.67,74.9,16.79,2.53,92.1,28.8,21.3,86.2,12.28,West_Block,177.33,22.37
REC-01625,5/19/2023,SW_Monsoon,5,776.89,78,17.06,2.55,89.4,25.5,21.4,82.6,11.72,East_Block,170.57,21.96
REC-01626,5/19/2023,SW_Monsoon,5,659.07,79.2,14.92,3.18,98.3,21,21.5,88.5,13.5,West_Block,143.44,21.76
REC-01627,5/19/2023,SW_Monsoon,5,404.35,77.4,17.3,3.26,97.1,24,18.5,86.1,12.61,Middle_Division,91.08,22.52
REC-01628,5/18/2023,SW_Monsoon,5,584.23,79.2,16.48,2.41,89.6,23.2,20.2,81.4,11.37,Upper_Division,120.58,20.64
REC-01629,5/18/2023,SW_Monsoon,5,630.47,70,14.29,2.66,97.5,30.1,24,88.8,8.86,East_Block,132.65,21.04
REC-01630,5/18/2023,SW_Monsoon,5,589.96,79.4,15.96,3.85,98.5,27.6,19.5,89,14.21,West_Block,132.48,22.46
REC-01631,5/18/2023,SW_Monsoon,5,610.24,75.4,13.44,2.87,85.2,21,22.7,89.3,14.16,West_Block,130.26,21.35
REC-01632,5/17/2023,SW_Monsoon,5,656.51,74.3,15.76,2.31,97,24.7,23.3,92,13.58,Upper_Division,147.49,22.47
REC-01633,5/17/2023,SW_Monsoon,5,530.3,71.8,17.02,3.49,102.5,28,20.6,82.4,9.99,Lower_Division,118.29,22.31
REC-01634,5/15/2023,SW_Monsoon,5,533.58,72.7,15.66,2.8,96.8,29.2,22,86.5,10.59,Middle_Division,121.52,22.77
REC-01635,5/14/2023,SW_Monsoon,5,471.03,77.7,15.63,2.63,95.9,21.4,21.2,82.7,13.26,Upper_Division,104.53,22.19
REC-01636,5/14/2023,SW_Monsoon,5,595.85,85,17.23,3.14,94.5,23.3,20.9,90.6,9.97,Lower_Division,133.68,22.43
REC-01637,5/14/2023,SW_Monsoon,5,595.31,80,16.67,3.17,99,25.2,18,80.1,11.96,Middle_Division,132.41,22.24
REC-01638,5/13/2023,SW_Monsoon,5,641.06,80.8,15.73,3.48,96.1,25,21.1,89.1,13.05,West_Block,145.57,22.71
REC-01639,5/12/2023,SW_Monsoon,5,476.06,78.4,15.41,2.48,93.6,26.3,22.8,91.1,13.56,Lower_Division,106.48,22.37
REC-01640,5/12/2023,SW_Monsoon,5,522.23,78.6,15.97,2.66,102.6,30.9,24.4,86.5,11.69,Upper_Division,114.52,21.93
REC-01641,5/11/2023,SW_Monsoon,5,521.03,84.4,18.11,2,88.5,23.8,19,86.1,14.38,East_Block,109.71,21.06
REC-01642,5/9/2023,SW_Monsoon,5,473.36,79.9,16.68,3.08,100.9,23.6,23.2,89.4,10.98,Upper_Division,108.53,22.93
REC-01643,5/9/2023,SW_Monsoon,5,579.97,79.4,15.35,2.65,99.4,28.4,24.2,83.1,14,Upper_Division,128.67,22.19
REC-01644,5/9/2023,SW_Monsoon,5,758.84,81.6,16.71,2.19,104.1,27,19.6,81.8,12.53,East_Block,164.6,21.69
REC-01645,5/9/2023,SW_Monsoon,5,405.51,82.5,14.41,3.06,93.2,26.3,23.8,81.5,11.24,Lower_Division,93.54,23.07
REC-01646,5/9/2023,SW_Monsoon,5,464.79,83.9,16.4,3.54,102.7,25.5,24.1,92,13.53,Lower_Division,106.09,22.83
REC-01647,5/9/2023,SW_Monsoon,5,663.07,81,17.54,2.79,99.6,21.1,23.3,82.9,12.89,Upper_Division,144.23,21.75
REC-01648,5/8/2023,SW_Monsoon,5,632.96,75.1,15.11,3.37,96.6,19.8,23.5,84.9,12.9,Upper_Division,141.36,22.33
REC-01649,5/8/2023,SW_Monsoon,5,536.49,74.5,17.02,3.39,100.7,21.8,21,82,11.64,Lower_Division,123.38,23
REC-01650,5/8/2023,SW_Monsoon,5,569.2,75.3,16.89,2.85,99.1,19.9,22.1,83.6,12.58,East_Block,130.16,22.87
REC-01651,5/7/2023,SW_Monsoon,5,402.18,71.1,16.87,3.46,95.8,27.2,22.5,84.2,10.29,Middle_Division,88.06,21.9
REC-01652,5/7/2023,SW_Monsoon,5,516.73,79.5,15.8,2.46,92.1,25.3,23.5,80.5,9.04,East_Block,110.57,21.4
REC-01653,5/7/2023,SW_Monsoon,5,663.61,74.9,12.5,3.79,101.5,27.9,23.3,88.8,13.8,West_Block,144.3,21.74
REC-01654,5/7/2023,SW_Monsoon,5,695.24,77.3,15.44,3.18,94,23,23.9,90.4,13.37,Upper_Division,153.22,22.04
REC-01655,5/7/2023,SW_Monsoon,5,565.9,77.4,13.28,2.78,99.3,26.3,21,91.3,14.94,Lower_Division,129.95,22.96
REC-01656,5/7/2023,SW_Monsoon,5,491.58,74.6,15,2.83,105.1,26.7,23.1,81.5,10.18,East_Block,109.78,22.33
REC-01657,5/7/2023,SW_Monsoon,5,503.54,77.5,15.25,2.65,95.7,22.8,23.3,89.5,12.16,West_Block,115.96,23.03
REC-01658,5/7/2023,SW_Monsoon,5,314.07,77.5,16.67,3.86,85,27.1,23.2,82.9,12.24,West_Block,67.58,21.52
REC-01659,5/7/2023,SW_Monsoon,5,638.3,74.8,15.61,2.28,99.7,25.2,21.8,84,12.54,Upper_Division,138.01,21.62
REC-01660,5/6/2023,SW_Monsoon,5,429.86,78,18.4,3.71,95.3,30.4,21.5,87.1,13.4,Middle_Division,96.15,22.37
REC-01661,5/6/2023,SW_Monsoon,5,533.06,72.7,16.77,2.59,98.8,21.7,23.8,86.2,13.21,Middle_Division,119.23,22.37
REC-01662,5/5/2023,SW_Monsoon,5,527.85,83.5,16.4,2.97,95.7,23.8,21.2,88,10.03,West_Block,118.62,22.47
REC-01663,5/5/2023,SW_Monsoon,5,747.55,82.1,14.35,3.24,100.7,22.4,18.9,82.6,14.1,East_Block,172.09,23.02
REC-01664,5/5/2023,SW_Monsoon,5,661.03,76.4,18.03,2.67,104.2,23.5,18.1,84.2,8.94,West_Block,151.41,22.91
REC-01665,5/4/2023,SW_Monsoon,5,491.05,79.4,17.01,2.86,96.4,25.1,19.3,90.1,10.97,Upper_Division,110.13,22.43
REC-01666,5/3/2023,SW_Monsoon,5,667.98,73.9,16.02,3.11,103.2,23.6,24.8,87.3,13.54,Upper_Division,152.9,22.89
REC-01667,5/3/2023,SW_Monsoon,5,758.1,77.2,15.09,3.01,103.9,18.7,19.2,91.3,10.44,Middle_Division,174.63,23.04
REC-01668,5/3/2023,SW_Monsoon,5,647.9,80.7,16.38,3.21,92.5,22.7,23.2,89.3,13.87,West_Block,143.7,22.18
REC-01669,5/2/2023,SW_Monsoon,5,518.7,76.9,18.53,2.24,106.8,23.9,18.5,87.4,13.99,Lower_Division,118.15,22.78
REC-01670,5/1/2023,SW_Monsoon,5,491.2,74.4,14.9,2.74,91,23.1,23.1,87.3,8.87,Lower_Division,109.67,22.33
REC-01671,5/1/2023,SW_Monsoon,5,663.25,77.7,17.39,3.12,97.2,31.1,19,83.1,12.24,East_Block,140.77,21.22
REC-01672,5/1/2023,SW_Monsoon,5,525.42,77.4,19.36,2.08,93.5,24.6,19.6,91.2,11.22,East_Block,110.49,21.03
REC-01673,5/1/2023,SW_Monsoon,5,271.42,77,15.96,2.7,103.1,30.3,21,89.5,12.74,Middle_Division,60.68,22.36
REC-01674,5/1/2023,SW_Monsoon,5,558.35,77.7,16.3,3.45,97.8,22.7,24.2,83,8.48,Upper_Division,126.22,22.61
REC-01675,5/1/2023,SW_Monsoon,5,391.7,76.2,15.76,2.74,99.7,22.8,21.9,90.5,11.74,Lower_Division,89.89,22.95
REC-01676,5/1/2023,SW_Monsoon,5,506.12,78.8,16.44,3.28,105.5,20.1,20.3,91.6,9.94,Lower_Division,114.3,22.58
REC-01677,4/30/2023,SW_Monsoon,4,627.91,73.3,15.93,3.53,96.8,26.4,23.9,91,11.57,Lower_Division,143.24,22.81
REC-01678,4/30/2023,SW_Monsoon,4,518.01,76.9,15.26,2.6,107.2,31.5,18.4,88.6,9,Lower_Division,118.42,22.86
REC-01679,4/30/2023,SW_Monsoon,4,336.73,75.5,16.71,2.35,106.8,26.3,18.9,82.3,13.78,Middle_Division,73.75,21.9
REC-01680,4/29/2023,SW_Monsoon,4,742.68,77,14.69,3.04,106.6,28.7,21.8,86.1,8.7,West_Block,165.48,22.28
REC-01681,4/29/2023,SW_Monsoon,4,499.02,81.3,14.47,2.63,92.6,19.4,21.9,85.3,10.24,Lower_Division,112.18,22.48
REC-01682,4/28/2023,SW_Monsoon,4,556.91,74.4,15.63,3.29,93.6,25.4,18.6,89.2,12.23,Upper_Division,122.81,22.05
REC-01683,4/27/2023,SW_Monsoon,4,357.32,79.5,15.89,2.62,102.3,27.3,23.5,83.3,11.01,Lower_Division,81.4,22.78
REC-01684,4/27/2023,SW_Monsoon,4,528.6,82,14.13,4.5,103.3,25.2,19.6,88,13.65,East_Block,113.66,21.5
REC-01685,4/27/2023,SW_Monsoon,4,630.97,79.3,15.61,3.08,102.2,27.4,24.7,85.9,12.08,Upper_Division,141.99,22.5
REC-01686,4/27/2023,SW_Monsoon,4,715.4,76,15.45,3.06,98.5,25.1,18.8,82.4,14.33,West_Block,164.54,23
REC-01687,4/26/2023,SW_Monsoon,4,534.41,77.4,14.98,2.59,100,23.6,22.6,91.7,13.85,Lower_Division,122.95,23.01
REC-01688,4/26/2023,SW_Monsoon,4,624.95,74.8,19.96,3.61,96.2,28.6,23.7,82.9,13.47,Middle_Division,130.54,20.89
REC-01689,4/26/2023,SW_Monsoon,4,457.87,75.9,18.17,2.84,100.5,31.3,24.1,86.3,10.82,Middle_Division,102.34,22.35
REC-01690,4/26/2023,SW_Monsoon,4,723.74,78.5,15.58,3.04,95.9,27.1,20,83.3,11.27,Lower_Division,166.22,22.97
REC-01691,4/26/2023,SW_Monsoon,4,702.82,75.2,17.05,3.14,97.8,27.1,21.7,89.8,11.51,East_Block,159.72,22.73
REC-01692,4/23/2023,SW_Monsoon,4,619.12,71.1,18.72,2.78,97.4,24.9,19.5,82.1,11.72,Middle_Division,138.33,22.34
REC-01693,4/23/2023,SW_Monsoon,4,542.47,75.7,17.4,4.26,94.6,19.6,22.5,80,14.79,Upper_Division,113.86,20.99
REC-01694,4/22/2023,SW_Monsoon,4,595.75,80.8,17.23,3.2,97.4,24.5,22,91.6,14.88,East_Block,134.9,22.64
REC-01695,4/22/2023,SW_Monsoon,4,420.9,78.2,15.38,3.31,92.3,20.3,20.8,84.5,14.92,West_Block,96.15,22.84
REC-01696,4/22/2023,SW_Monsoon,4,704.26,81.1,14.19,2.95,100,21.5,19.9,86.9,14.86,West_Block,154.88,21.99
REC-01697,4/22/2023,SW_Monsoon,4,583.42,78.6,19.32,2.81,105.8,22.7,21.5,91.2,14.31,Middle_Division,134.03,22.97
REC-01698,4/22/2023,SW_Monsoon,4,488.07,74.6,15.72,4.26,98.7,23.2,21.8,83.5,10.17,East_Block,109.58,22.45
REC-01699,4/21/2023,SW_Monsoon,4,722.87,82.3,17.24,2.83,97.8,28.9,18.8,85.5,14.44,Middle_Division,152.62,21.11
REC-01700,4/21/2023,SW_Monsoon,4,606.65,76.2,16.68,2.66,104.5,24.4,22.8,88.4,14.77,West_Block,139.31,22.96
REC-01701,4/20/2023,SW_Monsoon,4,408.46,79.4,16.2,4.1,88.4,24.6,24.9,86.5,9.95,Middle_Division,87.14,21.33
REC-01702,4/20/2023,SW_Monsoon,4,502.22,80.3,15.94,3.13,97.9,28.5,18.8,85.7,10.24,East_Block,115.18,22.94
REC-01703,4/20/2023,SW_Monsoon,4,704.26,82.4,16.08,2.7,91.4,25.4,20.8,80.4,13.36,Lower_Division,162.08,23.01
REC-01704,4/20/2023,SW_Monsoon,4,361.33,79.2,16.15,3.76,97.8,18,20,85.7,14.15,West_Block,78.74,21.79
REC-01705,4/19/2023,SW_Monsoon,4,466.93,73.8,15.94,2.58,105.1,25.6,24.8,88.3,11.61,Lower_Division,107.49,23.02
REC-01706,4/18/2023,SW_Monsoon,4,600.09,77.4,15.48,3.17,97.3,26.1,24.7,81.7,14.83,East_Block,138.02,23
REC-01707,4/18/2023,SW_Monsoon,4,900,77.1,15,2.66,101.5,23.2,22.5,82.2,10.05,West_Block,207.22,23.02
REC-01708,4/18/2023,SW_Monsoon,4,311.22,77.4,17.94,2.9,94.8,27.7,20.3,84.6,13.55,Middle_Division,71.41,22.94
REC-01709,4/17/2023,SW_Monsoon,4,334.18,77,16.11,2.49,94.4,24.1,18.4,90.7,14.54,Middle_Division,75.07,22.46
REC-01710,4/17/2023,SW_Monsoon,4,551.78,77.5,17.4,2.91,97.6,23.9,19.7,83.2,14.96,Middle_Division,126.35,22.9
REC-01711,4/17/2023,SW_Monsoon,4,511.71,74.8,17.52,2.82,102.1,23.2,22.3,84.4,12.82,West_Block,114.24,22.32
REC-01712,4/17/2023,SW_Monsoon,4,814.81,80.3,13.47,2.46,101.9,26.5,19.6,91.7,12.77,West_Block,184.09,22.59
REC-01713,4/17/2023,SW_Monsoon,4,519.62,76.6,14.19,3.8,94.7,26.5,20.3,85.3,13.48,Middle_Division,109.89,21.15
REC-01714,4/17/2023,SW_Monsoon,4,345.87,75.5,17.44,3.29,106.1,23.7,19.6,84.7,11.77,Middle_Division,75.48,21.82
REC-01715,4/17/2023,SW_Monsoon,4,669,79.3,16.9,3.69,94.6,25.9,18.2,89.9,13.5,Lower_Division,149.91,22.41
REC-01716,4/16/2023,SW_Monsoon,4,476.78,74.6,15.92,3.35,89.7,28.3,23.8,85,14.33,West_Block,102.77,21.55
REC-01717,4/16/2023,SW_Monsoon,4,422.95,72.9,14.36,3.22,100.1,27.8,19,85.6,14.99,Middle_Division,96.72,22.87
REC-01718,4/16/2023,SW_Monsoon,4,610.54,77.5,15.16,2.63,95.9,22.5,19.8,84.5,14.01,East_Block,139.56,22.86
REC-01719,4/16/2023,SW_Monsoon,4,610.99,82.6,18.49,3.63,93.6,28,22.3,88.2,10.9,Middle_Division,131.55,21.53
REC-01720,4/15/2023,SW_Monsoon,4,581.14,75.7,14.54,3.58,95.7,30.6,20.2,82.5,10.92,West_Block,130.65,22.48
REC-01721,4/15/2023,SW_Monsoon,4,529.67,80,15.41,3.04,92.4,32.9,23.2,91.7,14.19,Middle_Division,115.48,21.8
REC-01722,4/15/2023,SW_Monsoon,4,571.5,80.7,14.06,2.25,99.5,28,18.1,84.7,14.27,Lower_Division,123.22,21.56
REC-01723,4/14/2023,SW_Monsoon,4,504.67,72.7,15.64,2.97,97.9,27,20.9,83.4,10.17,Upper_Division,112.35,22.26
REC-01724,4/13/2023,SW_Monsoon,4,725.08,78.9,16.4,3.28,99.4,25.7,21.3,83.7,11.71,West_Block,166.78,23
REC-01725,4/13/2023,SW_Monsoon,4,613.57,73.4,14.4,4.1,94,23.8,19.5,90.5,11.59,West_Block,132.89,21.66
REC-01726,4/13/2023,SW_Monsoon,4,552.25,76.3,16.41,3.48,91.6,27.4,20.2,91.9,12.37,Upper_Division,125.02,22.64
REC-01727,4/12/2023,SW_Monsoon,4,648.8,73.7,17.89,2.73,92.3,27.1,20.4,83.7,9.72,Middle_Division,140.93,21.72
REC-01728,4/12/2023,SW_Monsoon,4,391.37,77.9,15.1,3.71,103.2,23,24.4,91.8,11.21,Lower_Division,90.66,23.17
REC-01729,4/11/2023,SW_Monsoon,4,485.04,77.2,15.66,3.66,97.1,25.1,24.2,82.6,9.56,Middle_Division,107.45,22.15
REC-01730,4/11/2023,SW_Monsoon,4,493.3,83.1,14.21,3.48,96.6,20.9,21.7,91.4,9.09,Upper_Division,105.09,21.3
REC-01731,4/11/2023,SW_Monsoon,4,479.24,75.9,15.84,2.7,99.1,24.9,24.7,85.1,10.71,Lower_Division,110.25,23.01
REC-01732,4/10/2023,SW_Monsoon,4,381.32,76.7,13.7,3.03,91,20,19.1,83.7,11.72,East_Block,82.87,21.73
REC-01733,4/10/2023,SW_Monsoon,4,570.9,81.8,15.41,3.02,97.6,27.3,23.1,81.1,13.18,East_Block,128.45,22.5
REC-01734,4/9/2023,SW_Monsoon,4,550.54,78.6,17.05,2.64,97.8,23,19.2,83.1,13.32,Lower_Division,126.5,22.98
REC-01735,4/9/2023,SW_Monsoon,4,581.37,73.8,15.38,3.56,93.1,24.4,19.9,85.4,13.46,East_Block,129.32,22.24
REC-01736,4/9/2023,SW_Monsoon,4,444.42,76.5,14.8,3.77,105.2,25.4,20.6,89,13.72,Lower_Division,101.27,22.79
REC-01737,4/8/2023,SW_Monsoon,4,522.41,78.2,13.55,2.66,94.7,26.9,22.3,83.6,12.59,Middle_Division,117.59,22.51
REC-01738,4/7/2023,SW_Monsoon,4,510.63,77.7,15.93,3.14,98.1,25.8,18.7,88.8,9.1,Middle_Division,116.47,22.81
REC-01739,4/7/2023,SW_Monsoon,4,717.62,80.6,16.71,3.69,106.6,24.7,19.6,81.9,11,Upper_Division,155.4,21.65
REC-01740,4/7/2023,SW_Monsoon,4,471.33,72.6,15.24,3.72,100.6,27.5,18.7,91.2,10.58,Middle_Division,105.4,22.36
REC-01741,4/7/2023,SW_Monsoon,4,570.25,85,16.35,3.04,99.7,31.6,20.7,85.6,12.57,Middle_Division,126.57,22.2
REC-01742,4/6/2023,SW_Monsoon,4,291.29,75.9,16.4,2.6,108.2,24.4,25,80.6,12.98,Upper_Division,67.31,23.11
REC-01743,4/6/2023,SW_Monsoon,4,479.78,78.1,18.58,3.94,94.2,23,24.7,89.5,9.33,West_Block,110.17,22.96
REC-01744,4/4/2023,SW_Monsoon,4,567.42,78.4,14.58,3.04,94.1,28.1,23.1,83,14.26,West_Block,126.41,22.28
REC-01745,4/4/2023,SW_Monsoon,4,531.77,75.1,16.51,2.98,103.7,26.4,22.8,83.4,8.52,Lower_Division,121.92,22.93
REC-01746,4/4/2023,SW_Monsoon,4,498.26,81.3,15.3,3.22,97.5,22.7,24.7,87.7,11.37,West_Block,110.49,22.18
REC-01747,4/3/2023,SW_Monsoon,4,480.79,81.8,13.96,4.13,109.2,22.9,23,86.9,14.75,West_Block,106.76,22.21
REC-01748,4/3/2023,SW_Monsoon,4,471.86,74.3,16.36,2.06,101.5,30.9,24.4,85.5,14.92,West_Block,103.16,21.86
REC-01749,4/2/2023,SW_Monsoon,4,622.63,74.6,14.7,2.99,94.8,24.4,23.2,85.5,9.42,Middle_Division,135.62,21.78
REC-01750,4/1/2023,SW_Monsoon,4,475.03,72.2,16.23,2.23,89.3,27,20.4,85,13.65,West_Block,103.01,21.68
REC-01751,4/1/2023,SW_Monsoon,4,317.21,77.2,16.08,3.19,106.5,31.2,23.6,91.7,12.53,Middle_Division,72.2,22.76
REC-01752,4/1/2023,SW_Monsoon,4,532.61,75.3,15.85,3.83,99.1,30.2,21.4,85.2,10.27,Middle_Division,114.05,21.41
REC-01753,3/31/2023,Western,3,450.62,82.4,16.47,3.13,94.6,18.3,16.1,76.2,4.3,Upper_Division,87.18,19.35
REC-01754,3/30/2023,Western,3,411.4,81.6,17.14,2.5,95,26.9,19.3,80,2.46,Lower_Division,85.98,20.9
REC-01755,3/30/2023,Western,3,665.26,77.8,14.87,3.95,94.7,26.9,16.3,80.1,3.59,Upper_Division,124.98,18.79
REC-01756,3/29/2023,Western,3,433.69,80.2,17.27,3.45,110,26.4,20.8,73.2,3.8,East_Block,86.8,20.01
REC-01757,3/29/2023,Western,3,493,83,15.81,3.18,98.9,26.8,16.6,70.2,3.98,Middle_Division,101.99,20.69
REC-01758,3/29/2023,Western,3,800.2,78.5,12.57,3.39,101.6,26.6,21.9,84.2,4.41,West_Block,164.41,20.55
REC-01759,3/29/2023,Western,3,514.23,77.6,15.22,2.43,97,24.7,20.7,82,4.82,West_Block,101.66,19.77
REC-01760,3/28/2023,Western,3,454.13,80.6,17.54,3.08,104.9,23,18.6,78.5,4.81,East_Block,92.84,20.44
REC-01761,3/28/2023,Western,3,379.35,80.1,16.88,3.15,96.7,22.3,19.3,76.7,2.2,Lower_Division,77.03,20.3
REC-01762,3/28/2023,Western,3,541.02,76.2,14.63,2.72,98.5,20.5,15.2,71.9,2.13,Middle_Division,107.68,19.9
REC-01763,3/28/2023,Western,3,663.83,71.6,15.04,2.48,95.9,28.7,15.2,79.4,2.98,East_Block,130.19,19.61
REC-01764,3/28/2023,Western,3,597.06,78.5,12.86,3.77,93.7,22.7,19.5,80.3,2.9,East_Block,113.14,18.95
REC-01765,3/27/2023,Western,3,534.39,78.4,17.33,3.42,101,18,21.4,73.5,2.52,East_Block,107.08,20.04
REC-01766,3/27/2023,Western,3,618.96,77.4,14.99,3.71,103,25.9,19.7,83,4.85,Middle_Division,123.61,19.97
REC-01767,3/26/2023,Western,3,721.18,77.8,14.12,2.47,94.1,20.5,18.4,84.3,4.47,Middle_Division,142.45,19.75
REC-01768,3/26/2023,Western,3,425.06,81.5,16.99,2.98,100.6,24.7,19.6,70.4,2.5,Middle_Division,90.24,21.23
REC-01769,3/25/2023,Western,3,612.1,76,15.04,3.56,95.6,25.9,17.1,81.9,3.01,Middle_Division,124.94,20.41
REC-01770,3/25/2023,Western,3,629.73,77.2,17.84,2.97,88.6,28.6,18.4,78.8,4.58,Upper_Division,119.56,18.99
REC-01771,3/25/2023,Western,3,482.81,74.9,14.26,2.66,90.4,31.2,21.3,75,4.5,East_Block,90.99,18.85
REC-01772,3/25/2023,Western,3,652.5,77.8,15.65,3.4,93,24.5,18.9,82.5,3.03,Upper_Division,130.8,20.05
REC-01773,3/24/2023,Western,3,624.41,78,14.78,3.84,98.1,21.7,19,77.4,3.39,Lower_Division,125.36,20.08
REC-01774,3/24/2023,Western,3,669.86,80.6,12,3.32,98.1,21.1,18.7,79.4,3.8,East_Block,125.41,18.72
REC-01775,3/24/2023,Western,3,541.19,81.2,15.68,2.66,97.4,23.4,21.4,72.3,1.86,Middle_Division,107.95,19.95
REC-01776,3/23/2023,Western,3,637.31,72.2,15.78,2.61,96.9,24.9,16.3,77,4.45,Middle_Division,129.14,20.26
REC-01777,3/23/2023,Western,3,343.14,75.6,17.76,3.24,101.8,25.8,15.8,73.8,2.26,Middle_Division,71.9,20.95
REC-01778,3/23/2023,Western,3,445.33,79.1,15.75,3.11,93.1,25.2,21.6,76.7,3.12,Upper_Division,87.56,19.66
REC-01779,3/23/2023,Western,3,612.43,70,12,2.24,101.6,23.3,19.8,81.6,4.13,Middle_Division,114.82,18.75
REC-01780,3/21/2023,Western,3,477.5,79.2,14.51,3.58,97.2,26.6,16.9,78.9,2.61,East_Block,92.71,19.42
REC-01781,3/21/2023,Western,3,692.43,79.9,18.02,2.83,99.5,26.3,19.6,76.3,4.1,West_Block,146.44,21.15
REC-01782,3/21/2023,Western,3,426.72,77.9,15.79,2.17,100.1,24.5,17.7,82.1,3.48,East_Block,85.66,20.07
REC-01783,3/21/2023,Western,3,526.06,77.4,13.22,3.34,97.2,25.2,21,84.4,2.26,Lower_Division,109.8,20.87
REC-01784,3/21/2023,Western,3,554.19,80.8,14.48,3.24,98.1,21.1,16.7,71.9,4.19,East_Block,108.39,19.56
REC-01785,3/21/2023,Western,3,631.84,73.5,17.89,3.04,100.4,22.3,16.2,80.8,4.03,Middle_Division,126.95,20.09
REC-01786,3/20/2023,Western,3,396.01,78.7,14.63,3.82,94.7,24.4,19.8,75.3,4.94,East_Block,74.4,18.79
REC-01787,3/20/2023,Western,3,557.69,83.9,15.78,2.86,106.6,26.3,19.4,79,3.89,East_Block,108.18,19.4
REC-01788,3/20/2023,Western,3,729.52,75.9,15.56,2.47,95.9,22.6,20.1,77.1,4.03,Upper_Division,147.1,20.16
REC-01789,3/19/2023,Western,3,552.95,74.1,17.69,3.11,105.5,22.7,21.3,70.8,3.64,West_Block,107.34,19.41
REC-01790,3/19/2023,Western,3,251.17,79.2,15,2.62,96.6,19.4,19.6,74.8,3.1,East_Block,50.29,20.02
REC-01791,3/18/2023,Western,3,679.33,75.3,16.18,3.37,103,26.2,20.4,78.6,4.64,Lower_Division,141.23,20.79
REC-01792,3/18/2023,Western,3,588.39,75.7,17.41,4.39,102.9,21.5,20.7,71.6,3.29,East_Block,114.13,19.4
REC-01793,3/18/2023,Western,3,737.81,78.1,16.75,2.61,93,25.9,16.5,84.8,4.05,West_Block,151.4,20.52
REC-01794,3/18/2023,Western,3,530.81,79.9,15.17,2.93,98.1,22.3,15.9,75.1,4.24,West_Block,110.31,20.78
REC-01795,3/18/2023,Western,3,740.49,78.8,17,2.53,100,22,17.8,78.5,3.53,West_Block,153.98,20.79
REC-01796,3/17/2023,Western,3,580.11,78.8,16.55,2.2,97.6,22.4,15.9,71.1,3.98,West_Block,123.88,21.35
REC-01797,3/17/2023,Western,3,592.12,77.7,16.83,3.17,97.9,22,21.9,70.3,3.5,West_Block,123.25,20.82
REC-01798,3/17/2023,Western,3,364.28,73.7,16.52,3.78,99.7,22.8,16.9,82.3,4.08,Upper_Division,71.28,19.57
REC-01799,3/17/2023,Western,3,564.44,72.2,14.15,2.96,99.2,24.7,17.7,80,4.92,West_Block,114.31,20.25
REC-01800,3/17/2023,Western,3,456.97,80.2,19.22,2.87,102.5,21.7,16.8,75.6,2.68,Upper_Division,86.34,18.89
REC-01801,3/16/2023,Western,3,250,84.4,17.61,2.16,100.9,25.1,17.3,82.4,4.09,East_Block,46.78,18.71
REC-01802,3/16/2023,Western,3,534.27,78.4,15.49,3.18,98.9,26.4,15.6,70.9,3.68,East_Block,110.22,20.63
REC-01803,3/16/2023,Western,3,458.72,78.6,14.2,4.03,98.9,27.8,18.7,83.2,4.37,Upper_Division,89.81,19.58
REC-01804,3/14/2023,Western,3,338.19,72.7,15.29,2.29,87.4,25.9,19.9,79.5,4.81,Middle_Division,65.38,19.33
REC-01805,3/14/2023,Western,3,519.9,79.4,13.81,3.43,100.5,25.3,18.7,70.3,1.91,West_Block,106.29,20.44
REC-01806,3/14/2023,Western,3,692.7,77.3,13.88,4.18,102.4,19.7,21.7,71.3,4.8,West_Block,133.47,19.27
REC-01807,3/13/2023,Western,3,535.47,79.4,14.89,2.56,102.6,19.9,17.7,83.6,4.52,East_Block,104.88,19.59
REC-01808,3/13/2023,Western,3,490.54,80.5,17.75,3.65,91,28,18.9,81.3,4.53,Upper_Division,96.26,19.62
REC-01809,3/12/2023,Western,3,514.25,73.6,17.21,2.89,90.8,25,21.3,79.3,4.52,West_Block,102.58,19.95
REC-01810,3/11/2023,Western,3,606.65,84.8,16.21,3.08,94.2,23.7,17.4,79.4,1.84,East_Block,114.55,18.88
REC-01811,3/11/2023,Western,3,657.22,80.3,15.22,3.51,98.3,24.5,17,71.5,3.26,West_Block,133.18,20.26
REC-01812,3/10/2023,Western,3,459.18,79.4,16.49,2.94,92.3,24.6,21.1,71.8,3.72,Upper_Division,90.51,19.71
REC-01813,3/10/2023,Western,3,554.85,79.9,15.19,3.61,98.5,25.2,21.5,80.9,2.55,Middle_Division,112.71,20.31
REC-01814,3/9/2023,Western,3,757.57,79.7,14.76,2.54,96.8,27.5,20.1,73.4,4.86,Lower_Division,153.72,20.29
REC-01815,3/8/2023,Western,3,536.15,77.3,15.17,3.44,99.4,30.3,20.9,77,4.28,East_Block,103.05,19.22
REC-01816,3/8/2023,Western,3,791.41,78.4,16.45,2.58,104.7,27.5,21.8,73.4,2.31,East_Block,160.89,20.33
REC-01817,3/8/2023,Western,3,548.59,76.1,15.95,3.28,100.8,18,19.1,73.3,3.42,Lower_Division,113.99,20.78
REC-01818,3/8/2023,Western,3,700.12,78.6,14.24,2.35,105.6,23.1,15.8,79.7,4.19,Lower_Division,142.6,20.37
REC-01819,3/8/2023,Western,3,591.54,82.7,16.1,3.77,97.4,25,20.6,73.9,2.07,East_Block,119.2,20.15
REC-01820,3/8/2023,Western,3,824.42,75.6,16.02,2.52,99.6,29.6,21.8,72.5,3.03,Middle_Division,166.54,20.2
REC-01821,3/7/2023,Western,3,637.3,74.7,12.69,2.63,94.4,28.6,16.8,83.9,3.91,East_Block,120.85,18.96
REC-01822,3/6/2023,Western,3,327.72,78.8,16.37,3.27,90.1,21.3,16,79.3,2.7,Lower_Division,68.38,20.86
REC-01823,3/6/2023,Western,3,615.07,72.9,15.95,3.64,94,25.2,18.9,74.9,3.24,West_Block,124.4,20.22
REC-01824,3/6/2023,Western,3,470.25,75.6,13.62,3.25,104.7,23,20.7,73.1,2.78,Upper_Division,92.09,19.58
REC-01825,3/6/2023,Western,3,528.72,78.9,16.38,2.65,100.4,27.9,18.2,80.9,4.4,West_Block,111.16,21.02
REC-01826,3/5/2023,Western,3,567.1,77.1,17.17,2.88,97,23.6,18.6,71,2.41,Middle_Division,121.21,21.37
REC-01827,3/5/2023,Western,3,533.84,80.2,16.09,2.73,97.6,22.5,21.6,77.3,3.15,East_Block,110.71,20.74
REC-01828,3/5/2023,Western,3,627.08,76.8,16.24,3.65,96.4,28.3,16.8,74.3,3.93,East_Block,121.65,19.4
REC-01829,3/5/2023,Western,3,679.59,81.8,14.24,3.16,101.6,25.5,15.5,71.5,3.51,Upper_Division,133.38,19.63
REC-01830,3/4/2023,Western,3,420.27,73.9,18.35,3.32,102,27.9,21,78.7,4.3,West_Block,84.67,20.15
REC-01831,3/4/2023,Western,3,597.7,73.1,17.13,2.86,103.1,26.3,17.9,79.8,3.28,Upper_Division,117.88,19.72
REC-01832,3/4/2023,Western,3,466.17,74.4,13.17,2.95,99.9,29.6,17.9,84.3,4.65,Middle_Division,91.41,19.61
REC-01833,3/4/2023,Western,3,680.79,80.4,17.54,2.39,94.9,24.6,19.6,70.5,3.05,West_Block,129.86,19.08
REC-01834,3/4/2023,Western,3,637.39,73.4,15.79,3.45,98.7,28.7,17.8,70.4,3.25,West_Block,133.27,20.91
REC-01835,3/3/2023,Western,3,440.76,85,14.93,2.57,92.7,22.9,17.4,75.6,2.9,Middle_Division,87.51,19.85
REC-01836,3/3/2023,Western,3,644.66,76.4,17.66,3.62,87.4,26.4,20.2,72.7,3.07,East_Block,123.52,19.16
REC-01837,3/2/2023,Western,3,566.41,74.5,14.68,3.37,101.4,25.3,21,74.8,3.08,East_Block,113.58,20.05
REC-01838,3/2/2023,Western,3,582.99,76.2,15.13,2,104,30.4,18.2,71.9,4.6,Lower_Division,116.55,19.99
REC-01839,3/1/2023,Western,3,808.09,82,16.64,3.43,94.8,28.5,17.9,84.4,2.58,East_Block,162.24,20.08
REC-01840,3/1/2023,Western,3,516.57,79.9,17.98,3.55,89.9,22.2,16.3,84.4,3.63,Upper_Division,96.64,18.71
REC-01841,3/1/2023,Western,3,460.61,79.7,15.02,3.52,96.5,21.3,19.2,75.7,2.01,Middle_Division,94.65,20.55
REC-01842,2/28/2023,Off_Season,2,679.26,81,18.13,4.5,98.2,29.3,18.9,76.2,1.36,East_Block,120.65,17.76
REC-01843,2/28/2023,Off_Season,2,588.22,77.3,18.34,2.76,96.5,25.5,17.7,72.5,2.72,West_Block,109.42,18.6
REC-01844,2/28/2023,Off_Season,2,553.63,75.7,12.89,2.78,89.3,29.1,18.6,77.2,1.49,Middle_Division,93.96,16.97
REC-01845,2/28/2023,Off_Season,2,568.56,82.1,15.02,2.96,98.4,28.5,20.4,69.6,1.74,East_Block,104.52,18.38
REC-01846,2/28/2023,Off_Season,2,557.01,81,16.13,3.13,106.8,24.6,15.9,79.7,1.65,Upper_Division,101.24,18.18
REC-01847,2/28/2023,Off_Season,2,374.16,80.3,16.98,3.45,101.7,25.5,19.7,78.5,1.6,Lower_Division,72.05,19.26
REC-01848,2/28/2023,Off_Season,2,432.37,79.6,15.9,2.95,92.7,27.3,18.3,74.6,1.9,Lower_Division,83.78,19.38
REC-01849,2/28/2023,Off_Season,2,724.51,79.6,15.74,2.54,101.1,18,17.5,75.6,3.29,Middle_Division,135.49,18.7
REC-01850,2/27/2023,Off_Season,2,791.41,81.5,14.77,3.46,98,24.8,17.7,79,1.22,Upper_Division,148.07,18.71
REC-01851,2/27/2023,Off_Season,2,550.89,80.7,16.31,2.66,96.5,23.3,20.9,77.8,1.4,Upper_Division,96.26,17.47
REC-01852,2/27/2023,Off_Season,2,900,80,15,3.73,97.7,23.3,15.3,77.8,3.28,Upper_Division,158.67,17.63
REC-01853,2/27/2023,Off_Season,2,491.6,80.6,14.82,2.6,89,21.2,15.3,73.2,3,East_Block,85.22,17.33
REC-01854,2/26/2023,Off_Season,2,448.41,79.7,15.07,3.18,107.5,29.3,19.4,68.6,2.87,Lower_Division,85.75,19.12
REC-01855,2/26/2023,Off_Season,2,423.53,77.2,16.51,2.11,93.5,22.9,16,70.3,1.87,Upper_Division,75.47,17.82
REC-01856,2/26/2023,Off_Season,2,672.92,76.4,14.99,2.46,99.1,22.7,15.7,79.2,2.16,West_Block,126.42,18.79
REC-01857,2/25/2023,Off_Season,2,446.72,79,14.37,2.52,100.1,28.1,15.7,80.6,1.19,East_Block,84.67,18.95
REC-01858,2/25/2023,Off_Season,2,566.21,76.5,17.41,3.17,101.8,21.5,19.9,76.4,1.84,West_Block,104.99,18.54
REC-01859,2/25/2023,Off_Season,2,359.93,74.3,14.23,3.08,97.4,26.8,20.3,68.5,2.93,West_Block,66.69,18.53
REC-01860,2/24/2023,Off_Season,2,421.91,79.6,17.27,2.81,92.3,23.5,20.2,75,1.85,Middle_Division,80.11,18.99
REC-01861,2/24/2023,Off_Season,2,431.24,77.1,15.06,3.27,100.7,35,19.2,75.1,1.97,East_Block,82.32,19.09
REC-01862,2/24/2023,Off_Season,2,637.18,81.2,16.54,2.38,93.6,24,19.3,70.1,2.76,West_Block,116.38,18.27
REC-01863,2/24/2023,Off_Season,2,627.62,75.1,19.21,3.36,94.1,21.8,17.8,77.5,3.17,East_Block,107.76,17.17
REC-01864,2/24/2023,Off_Season,2,511.97,81.6,18.35,2.49,103.9,25.4,20.7,69.1,2.2,Upper_Division,90.78,17.73
REC-01865,2/24/2023,Off_Season,2,538.63,71.8,13.51,3.78,99.2,21.5,18.2,73.5,3.13,Middle_Division,93.17,17.3
REC-01866,2/24/2023,Off_Season,2,608.58,73.3,15.23,3.27,98.5,24.7,20.9,79.6,2.7,Lower_Division,119.88,19.7
REC-01867,2/23/2023,Off_Season,2,600.95,81.7,12.82,3.77,105.7,27.7,15.4,74.4,2.55,West_Block,103.18,17.17
REC-01868,2/22/2023,Off_Season,2,576.9,80.5,15.94,3.13,89,24.3,20.2,68.5,1.34,Middle_Division,101.39,17.58
REC-01869,2/22/2023,Off_Season,2,441.04,78,16.52,3.26,101,20.5,18.8,70.2,1.44,Middle_Division,83.57,18.95
REC-01870,2/21/2023,Off_Season,2,553.82,78.8,16,2,104.6,24.5,15.6,76.9,1.22,Middle_Division,100.48,18.14
REC-01871,2/21/2023,Off_Season,2,576.35,75,16.03,2.71,91.6,25.9,19.4,74.7,1.57,Middle_Division,105.96,18.38
REC-01872,2/20/2023,Off_Season,2,384.96,78.8,13,3.27,99.6,26.4,15.3,74.4,2.74,Upper_Division,67.5,17.53
REC-01873,2/19/2023,Off_Season,2,396.24,78.1,14.32,2.59,91.7,28.5,19.5,79.7,3.06,East_Block,71.36,18.01
REC-01874,2/18/2023,Off_Season,2,612.36,74.8,15.79,3.63,96.4,22.1,18.6,82,2.21,Lower_Division,116.03,18.95
REC-01875,2/18/2023,Off_Season,2,403.93,72.5,15.33,2.58,103.1,21.9,20,69.3,1.83,Lower_Division,77.36,19.15
REC-01876,2/18/2023,Off_Season,2,646.78,76.7,17.2,2,97.2,29.2,15.1,77.2,1,East_Block,118.06,18.25
REC-01877,2/18/2023,Off_Season,2,570.99,78.1,14.29,2.45,101.6,27.6,18.1,70.2,2.46,Lower_Division,106.8,18.7
REC-01878,2/18/2023,Off_Season,2,650.84,78.2,15.59,3.47,99.4,22.3,17.8,79.5,1.45,Middle_Division,124.07,19.06
REC-01879,2/16/2023,Off_Season,2,363.1,82.7,14.66,2.8,95.1,22.1,18.8,75.5,2.28,Upper_Division,65.64,18.08
REC-01880,2/16/2023,Off_Season,2,772.09,71.7,13.39,2.71,94.3,23.3,18.9,77.1,3.22,Middle_Division,143.4,18.57
REC-01881,2/16/2023,Off_Season,2,576.99,78.7,16.09,2.93,93.4,24.8,19.4,68.4,2.62,Middle_Division,108.96,18.88
REC-01882,2/16/2023,Off_Season,2,483.56,75.9,16.47,2.89,98.9,28,18.2,81.4,2.12,Upper_Division,89.8,18.57
REC-01883,2/16/2023,Off_Season,2,533.45,81.5,16.9,2.64,92.4,25,17.1,75.6,1.31,West_Block,100.87,18.91
REC-01884,2/16/2023,Off_Season,2,650.8,78.4,16.82,2.93,101.6,24.2,15.3,69.7,2.05,Lower_Division,126.15,19.38
REC-01885,2/15/2023,Off_Season,2,393.19,79.5,18.05,2,104.9,28.7,17,73.4,2.9,Upper_Division,68.68,17.47
REC-01886,2/15/2023,Off_Season,2,687.78,76.8,18.53,2.89,98.5,20.5,19.6,80.2,1.66,East_Block,124.68,18.13
REC-01887,2/14/2023,Off_Season,2,600.79,76.6,13.05,2.96,99.7,23.3,16,70.7,2.78,East_Block,112.47,18.72
REC-01888,2/14/2023,Off_Season,2,297.94,75.4,16.98,2.86,107.7,21.4,20.6,72.1,2.02,East_Block,54.96,18.45
REC-01889,2/14/2023,Off_Season,2,714.4,79.2,15.32,2.55,101.1,29.8,18.8,76.4,2.73,West_Block,135.74,19
REC-01890,2/14/2023,Off_Season,2,612.25,77.1,13.54,3.32,95.6,31.6,19.8,80.5,2.71,Upper_Division,111.53,18.22
REC-01891,2/13/2023,Off_Season,2,636.45,78.3,16.28,2.59,94.1,30,17.7,76.9,2.06,West_Block,117.93,18.53
REC-01892,2/13/2023,Off_Season,2,669.7,73.9,17.02,2.04,95.1,21.6,17,75,2.64,East_Block,122.92,18.35
REC-01893,2/12/2023,Off_Season,2,433.81,78.7,17.58,3.56,104.7,28.5,20.8,81.4,3,Middle_Division,77.08,17.77
REC-01894,2/12/2023,Off_Season,2,496.98,77,16.16,2.81,99.3,28.7,19.2,68.1,1.94,Middle_Division,93.55,18.82
REC-01895,2/11/2023,Off_Season,2,558.3,81.8,16.31,2.68,91.9,18.8,19.6,80.1,1.8,West_Block,99.51,17.82
REC-01896,2/10/2023,Off_Season,2,585.19,77,13.4,3.18,96,22.6,17.9,73.6,2.68,East_Block,109.06,18.64
REC-01897,2/10/2023,Off_Season,2,531.01,77.1,16.96,2,93.8,26.7,17,76.1,1.56,East_Block,96.12,18.1
REC-01898,2/9/2023,Off_Season,2,689.43,78.4,17.55,4.02,104.3,22.6,19,74.6,2.02,East_Block,128.71,18.67
REC-01899,2/9/2023,Off_Season,2,580.03,79.4,14.59,2.16,101.9,27.7,16,74.3,1.74,East_Block,105.68,18.22
REC-01900,2/9/2023,Off_Season,2,677.25,79.7,13.53,2.65,94.4,18,16.8,68.8,2.22,Upper_Division,122.37,18.07
REC-01901,2/9/2023,Off_Season,2,516.9,76.5,17.61,2.66,93.9,23.5,20.4,81,1.12,West_Block,100.01,19.35
REC-01902,2/9/2023,Off_Season,2,379.62,82.2,14.21,3.07,85,23.2,17,79.6,2.98,West_Block,69.39,18.28
REC-01903,2/8/2023,Off_Season,2,521.88,74.2,15.15,2.33,96.9,24.1,19.5,79.8,3.28,Upper_Division,95.47,18.29
REC-01904,2/8/2023,Off_Season,2,421.93,81.5,15.06,2.73,89.6,24.2,19.4,77.4,1.5,Middle_Division,76.02,18.02
REC-01905,2/8/2023,Off_Season,2,629.48,77.8,19.19,2,91.8,18,18.2,80.4,2.48,West_Block,114.27,18.15
REC-01906,2/7/2023,Off_Season,2,501.65,77.7,16.1,2.57,96.8,25.2,17.6,79.2,1.64,Lower_Division,96.85,19.31
REC-01907,2/7/2023,Off_Season,2,692.11,76.9,16.65,2,93.7,18,15.6,71.8,1.07,West_Block,129.87,18.76
REC-01908,2/7/2023,Off_Season,2,845.9,76.1,16.8,3.28,99.4,24.2,19.3,81.4,3.29,West_Block,160.37,18.96
REC-01909,2/7/2023,Off_Season,2,389.05,76.1,15.56,3.39,105.1,24.2,15.9,76.5,2.11,Middle_Division,72.74,18.7
REC-01910,2/7/2023,Off_Season,2,449.86,80.7,14.91,2.63,89.9,26,17.2,80.6,2.75,Upper_Division,79.25,17.62
REC-01911,2/7/2023,Off_Season,2,759.32,80,15.96,2.87,96,20.3,20.7,73.7,2.07,Middle_Division,144.01,18.97
REC-01912,2/7/2023,Off_Season,2,466.94,82.6,15.71,3.51,99.3,22.1,15.8,79.4,3.2,Middle_Division,88.93,19.04
REC-01913,2/6/2023,Off_Season,2,558,73.9,12.06,2.26,98.8,28.7,15.2,76.3,1.66,Upper_Division,94.98,17.02
REC-01914,2/6/2023,Off_Season,2,646.87,78.5,17.96,3.55,106.3,27.4,20.4,70.1,1.9,Lower_Division,121.54,18.79
REC-01915,2/6/2023,Off_Season,2,439.27,74.7,16,3.32,97.1,22.8,19.5,78.3,3.13,Upper_Division,81.53,18.56
REC-01916,2/5/2023,Off_Season,2,643.66,76.8,15.91,3.31,100.5,25.9,17.6,68.3,1.14,Middle_Division,121.29,18.84
REC-01917,2/5/2023,Off_Season,2,597.55,78.9,16.93,2.84,91.5,27.8,17.7,79.3,2.83,Upper_Division,114.67,19.19
REC-01918,2/4/2023,Off_Season,2,459.67,82.7,17.22,2.87,101,24.2,19.4,70.2,1.63,West_Block,85.97,18.7
REC-01919,2/4/2023,Off_Season,2,660.2,80.8,16.84,2.95,98.7,27.7,15.1,71.1,2.15,West_Block,128.79,19.51
REC-01920,2/4/2023,Off_Season,2,616.89,79.6,15.73,3.26,97.8,27.2,15.6,76.2,1.33,Lower_Division,123.31,19.99
REC-01921,2/4/2023,Off_Season,2,851.64,78.3,17.79,3,93.9,24.5,19.6,76.1,2.94,Lower_Division,161.69,18.99
REC-01922,2/4/2023,Off_Season,2,586.55,78.5,15.63,3.18,93.1,26.4,20.7,77.2,1.01,Upper_Division,108.55,18.51
REC-01923,2/3/2023,Off_Season,2,606.21,80.4,16.16,3.37,95.4,23.3,19.4,77.4,2.1,Upper_Division,113.25,18.68
REC-01924,2/3/2023,Off_Season,2,437.01,79.1,16.76,3.52,102.4,24.2,20.9,70.1,2.4,Upper_Division,78.88,18.05
REC-01925,2/3/2023,Off_Season,2,668.33,77.6,15.91,2.98,109.1,25.1,15.3,78.9,1.89,East_Block,120.16,17.98
REC-01926,2/3/2023,Off_Season,2,701.11,82,17.91,2.65,86.5,26,15.2,79.8,1.12,Middle_Division,119.73,17.08
REC-01927,2/2/2023,Off_Season,2,592.89,72.3,14.74,2.14,94.3,23.3,19,76.6,3.19,Middle_Division,107.2,18.08
REC-01928,2/2/2023,Off_Season,2,546.6,75.8,14.28,3.91,93.5,23.4,19.9,75.3,2.06,Lower_Division,102.08,18.68
REC-01929,2/2/2023,Off_Season,2,829.51,78.2,13.22,3.22,104.1,25.6,18.7,73.3,2.61,West_Block,158.53,19.11
REC-01930,2/1/2023,Off_Season,2,549.2,75.4,18.55,2.87,105.4,24.6,18.3,72.9,1.57,West_Block,105.9,19.28
REC-01931,2/1/2023,Off_Season,2,473.46,77.2,18,2.21,108.7,22.9,16,73.1,2.32,West_Block,87.27,18.43
REC-01932,2/1/2023,Off_Season,2,431.72,80.6,16.66,3.61,109.6,23.9,17.5,76.4,2.22,West_Block,79.47,18.41
REC-01933,2/1/2023,Off_Season,2,506.33,74.9,14.88,2.52,100.2,28.3,18.9,69.3,2.35,Middle_Division,91.26,18.02
REC-01934,1/31/2023,Western,1,606.6,77.9,15.16,3.51,97,22.9,19.3,78.7,2.35,East_Block,120.51,19.87
REC-01935,1/31/2023,Western,1,651.72,73.9,14.57,3.05,88.9,29.6,20.5,75.9,2.21,West_Block,126.46,19.4
REC-01936,1/31/2023,Western,1,474.02,77.5,15.21,2.78,97,19.3,17.9,80,2.37,Lower_Division,100.7,21.24
REC-01937,1/31/2023,Western,1,385,79.5,17.71,3.58,101.6,20.6,15,82,4.41,Upper_Division,73.7,19.14
REC-01938,1/31/2023,Western,1,501.46,81.5,17.77,3.19,91.5,30.1,19.2,79.8,3.77,Upper_Division,94.46,18.84
REC-01939,1/31/2023,Western,1,721.72,78.7,17.75,3.27,90.8,19.9,18.2,83.6,3.09,Lower_Division,143.11,19.83
REC-01940,1/30/2023,Western,1,639.35,75.7,14.77,2.74,94.6,19.4,19.1,75.1,2.98,Lower_Division,130.62,20.43
REC-01941,1/30/2023,Western,1,779.97,78.4,17.37,3.72,99.4,22.1,20.7,81.4,4.4,Lower_Division,155.41,19.92
REC-01942,1/29/2023,Western,1,416.11,74.9,16.04,2.41,95.9,27.7,21,70.3,3.55,East_Block,84.8,20.38
REC-01943,1/29/2023,Western,1,536.66,76.8,18.03,2.91,99,23.3,20.6,73.4,2.19,Upper_Division,109.22,20.35
REC-01944,1/29/2023,Western,1,470.79,83.5,14.92,3,104.9,23.7,16.7,84.6,3.55,East_Block,89.38,18.99
REC-01945,1/28/2023,Western,1,524.39,74,16.41,3.62,94.5,26.3,19.9,79.8,4.02,West_Block,104.31,19.89
REC-01946,1/28/2023,Western,1,538.36,81,15.93,2.63,99.4,26.3,15.2,80.7,4.54,Upper_Division,107.88,20.04
REC-01947,1/26/2023,Western,1,602.02,77.8,17,2.24,92.6,28.3,16.8,71.5,4.55,Lower_Division,118.08,19.61
REC-01948,1/26/2023,Western,1,575.82,72.1,16.19,2.51,100.8,24.6,19.3,83.9,2.95,East_Block,120.98,21.01
REC-01949,1/25/2023,Western,1,430.14,75.1,14.14,3.8,92.8,24.9,18.1,73.2,2.67,Middle_Division,84.1,19.55
REC-01950,1/25/2023,Western,1,694.34,80.5,17.37,3.68,95.4,25.6,15.4,75.9,1.91,Upper_Division,130.67,18.82
REC-01951,1/24/2023,Western,1,439.17,79.3,12.46,2.57,105.1,19.5,17.5,79.2,3.3,Lower_Division,89.06,20.28
REC-01952,1/24/2023,Western,1,494.72,73.8,12,2.44,101.4,29.6,15.2,76.6,3.66,Lower_Division,95.06,19.21
REC-01953,1/24/2023,Western,1,498.79,79.7,16.47,3.26,100.9,26.2,15.8,77.7,3.15,West_Block,105.88,21.23
REC-01954,1/24/2023,Western,1,465.36,80.4,15.91,2.54,94.2,25.9,18.9,77.6,3.83,East_Block,94.99,20.41
REC-01955,1/23/2023,Western,1,610.56,81.5,16.3,3.53,96.6,24,16.1,75,4.22,West_Block,122.55,20.07
REC-01956,1/23/2023,Western,1,790.69,82.2,17.89,3.09,100.5,26.2,20.8,74,2.37,Middle_Division,164.17,20.76
REC-01957,1/23/2023,Western,1,278.88,71.9,15.1,2.49,98.7,19,18.8,79.5,4.86,Middle_Division,54.83,19.66
REC-01958,1/23/2023,Western,1,798.32,82.2,17.38,2.08,105,25.6,21.2,84.6,2.16,West_Block,152.56,19.11
REC-01959,1/23/2023,Western,1,566,70,18.31,3.8,86.5,25.7,16.4,83.6,4.18,Upper_Division,102.58,18.12
REC-01960,1/22/2023,Western,1,558.84,77.7,14.82,3.22,96.8,27.8,17.1,75.8,4.82,Upper_Division,107.66,19.27
REC-01961,1/22/2023,Western,1,495.07,77.6,16.51,3.89,95.2,23.1,19.9,77.5,1.7,West_Block,102.48,20.7
REC-01962,1/22/2023,Western,1,575.82,76.8,14.62,2.85,98.8,24.9,20.5,72.4,4.46,West_Block,118.63,20.6
REC-01963,1/22/2023,Western,1,832.99,75.5,15.99,2.79,97.7,23.8,17.8,84.1,2.99,Upper_Division,163.61,19.64
REC-01964,1/20/2023,Western,1,583.74,77.5,14.52,3.71,96.1,24.7,16.1,83.6,2.27,East_Block,111.21,19.05
REC-01965,1/20/2023,Western,1,435.34,76.7,15.65,3.3,105.3,21.8,19.2,81.7,2.71,West_Block,87.95,20.2
REC-01966,1/20/2023,Western,1,504.49,82.1,15.75,2.57,89.6,23.5,20.7,77.7,1.8,Lower_Division,103.43,20.5
REC-01967,1/20/2023,Western,1,562.43,81.1,14.79,2.52,102.8,28.2,19.9,82.8,1.96,East_Block,111.37,19.8
REC-01968,1/19/2023,Western,1,617.45,81.3,15.94,3.28,102.6,21.2,20.6,77.3,2.14,West_Block,124.76,20.21
REC-01969,1/19/2023,Western,1,421.06,75.7,17.53,3.68,98,25.2,21.4,84.2,2.44,Lower_Division,88.01,20.9
REC-01970,1/18/2023,Western,1,391.34,80.3,16.38,3.41,97.9,29.4,17.4,72.8,2.52,Lower_Division,77.91,19.91
REC-01971,1/18/2023,Western,1,767.92,81.5,16.55,2.63,100.6,27.4,15.1,70.9,3.82,West_Block,155.69,20.27
REC-01972,1/18/2023,Western,1,633.79,73.2,16.07,3.73,101.8,27,16,76.1,1.78,West_Block,130.67,20.62
REC-01973,1/17/2023,Western,1,682.68,77.8,15.39,3.07,108.7,25.4,15.4,80.3,3.74,West_Block,138.6,20.3
REC-01974,1/17/2023,Western,1,531.35,79.3,16.54,2.9,97.8,24.5,17.8,83.6,3.42,Lower_Division,110.04,20.71
REC-01975,1/17/2023,Western,1,651.43,77.5,16,2.19,99.9,24.8,19,70.6,3.7,Middle_Division,135.53,20.8
REC-01976,1/17/2023,Western,1,275.89,82.1,16.55,2.03,100.3,32.8,15.6,79.9,3.78,West_Block,54.41,19.72
REC-01977,1/17/2023,Western,1,668.12,76.6,14.01,3.2,93.9,24.5,20.9,81.6,3.82,West_Block,137.29,20.55
REC-01978,1/17/2023,Western,1,650.46,77.6,18.41,3.43,97,24.5,17.2,82.4,3.84,East_Block,132.11,20.31
REC-01979,1/16/2023,Western,1,279.2,76.3,16.31,2.8,102.1,24.2,20,79.9,2.29,West_Block,58.48,20.94
REC-01980,1/15/2023,Western,1,419.06,76.9,18.16,3.18,91.2,21.1,20.3,82.2,2.04,East_Block,83.55,19.94
REC-01981,1/15/2023,Western,1,820.4,85,17.93,3.07,105.1,26.1,21.2,73.5,2.55,East_Block,153.63,18.73
REC-01982,1/15/2023,Western,1,511.79,78.1,17.09,2.99,97.6,22,18.8,82.3,2.93,Middle_Division,105.39,20.59
REC-01983,1/15/2023,Western,1,541.05,75.4,15.08,3.25,96.5,24.4,17.8,83.3,2.38,West_Block,111.22,20.56
REC-01984,1/15/2023,Western,1,563.28,76.1,16.81,2.48,107.9,21.6,19.2,84.3,2.87,Middle_Division,106.98,18.99
REC-01985,1/14/2023,Western,1,763.55,78.1,15.55,2.92,107,23.5,17.1,75.2,3.53,Lower_Division,162.75,21.31
REC-01986,1/13/2023,Western,1,640.52,81.4,14.89,3.15,95.5,18,19.8,70.5,2.41,Middle_Division,126.37,19.73
REC-01987,1/13/2023,Western,1,565.83,81.2,13.45,2.39,107.3,25.2,15.3,73.3,3.17,Upper_Division,106.12,18.75
REC-01988,1/13/2023,Western,1,578.19,80.3,16.47,3.57,92.5,26.7,21.4,83,4.98,Upper_Division,112.61,19.48
REC-01989,1/12/2023,Western,1,580.58,74.9,18.57,2.95,100.4,27.3,21.4,71.4,3.51,Upper_Division,115.89,19.96
REC-01990,1/12/2023,Western,1,645.35,76,16.76,3.81,96.4,22,16.3,75.4,1.79,East_Block,131.68,20.41
REC-01991,1/11/2023,Western,1,477.47,72.8,16.31,3.28,89.5,22.6,20,70.1,2.59,Upper_Division,91.58,19.18
REC-01992,1/11/2023,Western,1,756.93,73.7,16.3,3.1,98.9,20.7,20.3,74.4,2.06,Middle_Division,149.69,19.78
REC-01993,1/11/2023,Western,1,546.23,75.7,15.01,3.05,106.5,24.7,20,70.9,1.87,West_Block,108.61,19.88
REC-01994,1/10/2023,Western,1,442.81,78.5,18.19,2.82,95.4,23.6,16.9,73.1,2.34,East_Block,91.27,20.61
REC-01995,1/10/2023,Western,1,630.12,76.9,16.35,2.1,91.9,20.9,16,77.6,4.76,East_Block,118.96,18.88
REC-01996,1/10/2023,Western,1,691.72,74.7,14.61,3.17,104.2,21.5,15.9,84,3.79,Upper_Division,132.35,19.13
REC-01997,1/9/2023,Western,1,614.64,83.5,14.79,2.32,97.7,26.3,15.2,79.7,3.78,Lower_Division,123.84,20.15
REC-01998,1/9/2023,Western,1,558.96,76.2,14.47,2.32,106.5,27.7,15.5,74.2,1.8,Lower_Division,109.64,19.62
REC-01999,1/9/2023,Western,1,503.45,72.1,16.55,3.34,103.5,26.6,18.1,71.9,4.69,West_Block,106.28,21.11
REC-02000,1/8/2023,Western,1,496.49,78.2,15.45,3.1,98.9,22.1,15.9,82.2,4.76,Middle_Division,102.6,20.66
REC-02001,1/8/2023,Western,1,545.97,76,17.95,2.45,106.9,21.5,20.4,80.4,2.87,Upper_Division,101.55,18.6
REC-02002,1/8/2023,Western,1,250,76.9,16.93,3.01,104.5,21.7,20.7,78.6,1.97,Middle_Division,50.37,20.15
REC-02003,1/6/2023,Western,1,732.01,82.9,16.99,3.04,94.7,24.9,19.2,83.5,2.33,Lower_Division,153.15,20.92
REC-02004,1/6/2023,Western,1,597.55,77.2,17.47,3.26,102.3,25.5,16.3,73.5,2.98,Lower_Division,122.27,20.46
REC-02005,1/6/2023,Western,1,737.47,76.3,15.76,3.12,99.4,29.8,17,70.8,3.92,Upper_Division,150.26,20.37
REC-02006,1/6/2023,Western,1,420.93,80,16.55,3.18,103,26.8,17.1,71.1,2.26,Lower_Division,88.79,21.09
REC-02007,1/5/2023,Western,1,657.16,79.2,15.87,3.19,101.3,22.7,20.6,83.7,2.85,Lower_Division,137.4,20.91
REC-02008,1/5/2023,Western,1,605.93,77.2,14.84,3.46,104.8,31.1,20.4,84.5,4.63,West_Block,124.89,20.61
REC-02009,1/5/2023,Western,1,608.42,70,16.77,2.45,108.2,23.6,21.5,71.6,3.4,West_Block,115.62,19
REC-02010,1/5/2023,Western,1,370.63,80.6,16.46,3.28,98.9,22.9,17.1,71,2.62,Lower_Division,77.56,20.93
REC-02011,1/4/2023,Western,1,670.66,77.1,17.25,2.91,95.6,23.3,17.5,74.5,3.78,Upper_Division,138.94,20.72
REC-02012,1/4/2023,Western,1,506.62,78.1,15.39,2.84,94.7,25.8,20.6,75.7,3.59,Upper_Division,102.62,20.26
REC-02013,1/4/2023,Western,1,772.77,75,17.14,2.71,100,26.9,21,76.1,4.93,Lower_Division,155.06,20.07
REC-02014,1/4/2023,Western,1,528.83,78.2,16.53,2.32,97.4,28.5,17.1,82.2,4.7,Lower_Division,107.45,20.32
REC-02015,1/3/2023,Western,1,462.81,77.7,15.18,3.79,101.9,23.6,21.4,81,2.57,East_Block,92.14,19.91
REC-02016,1/3/2023,Western,1,585.35,81,12.85,2.27,98.4,22.8,19.1,74.1,3.08,West_Block,114.48,19.56
REC-02017,1/3/2023,Western,1,515.56,74.2,15.93,2.99,95.6,26,17.9,79.8,4.84,West_Block,109.81,21.3
REC-02018,1/3/2023,Western,1,576.35,80.4,16.2,3.28,95.5,24.4,17.2,84.3,3.76,Upper_Division,118.59,20.58
REC-02019,1/2/2023,Western,1,441.4,81.9,15.18,4.13,105.5,24.5,20.7,74.7,3.58,Middle_Division,88.05,19.95
REC-02020,1/2/2023,Western,1,623.61,74.2,15.16,3.15,95.6,27.5,19.9,75.2,3.25,Middle_Division,129.25,20.73
REC-02021,1/2/2023,Western,1,432.59,78.7,15.17,3.72,92.3,26.4,21.2,74.3,3.18,Lower_Division,88.12,20.37
REC-02022,1/2/2023,Western,1,660.19,74.6,15.81,2.85,86.9,22.7,17.5,83.7,5,Lower_Division,132.93,20.13
REC-02023,1/1/2023,Western,1,740.07,82.9,14.02,2.78,110.2,22.9,20,80.1,1.7,East_Block,140.33,18.96
REC-02024,12/31/2022,NE_Monsoon,12,440.73,79.8,17.2,2.18,97.2,29.9,19.3,85.2,9.67,East_Block,85.95,19.5
REC-02025,12/31/2022,NE_Monsoon,12,565.09,79.8,14.44,3.31,95.3,32.6,22.1,81.1,9.77,Upper_Division,117.74,20.84
REC-02026,12/30/2022,NE_Monsoon,12,457.85,80.6,16.07,2.69,96.7,20.8,21.6,80.5,9.45,Middle_Division,95.46,20.85
REC-02027,12/30/2022,NE_Monsoon,12,568.41,81.4,14.2,2.55,94.4,19.3,18,84.4,7.19,East_Block,110.61,19.46
REC-02028,12/29/2022,NE_Monsoon,12,379.53,79.9,15.25,3.6,92.3,25.3,19.8,81.2,10.29,Middle_Division,77.88,20.52
REC-02029,12/29/2022,NE_Monsoon,12,607.71,78,17.16,3.36,90.2,24.7,22.7,79.5,7.89,East_Block,124.13,20.43
REC-02030,12/28/2022,NE_Monsoon,12,401.69,76.9,15.47,2.32,100.9,24.8,20,80.2,9.44,West_Block,83.34,20.75
REC-02031,12/28/2022,NE_Monsoon,12,339.01,80.4,15.39,2.94,106.8,22.2,18,84,9.55,Lower_Division,72.37,21.35
REC-02032,12/28/2022,NE_Monsoon,12,591.25,79.4,14.44,2.91,95.9,27.8,18.6,80.3,5.06,East_Block,122.11,20.65
REC-02033,12/28/2022,NE_Monsoon,12,715.5,78.6,15.32,3.15,110.1,22.5,20.3,89.9,5.5,East_Block,139.21,19.46
REC-02034,12/27/2022,NE_Monsoon,12,832.04,70.7,17.91,3.56,99.2,26.1,17.1,87.5,6.47,Upper_Division,160.34,19.27
REC-02035,12/27/2022,NE_Monsoon,12,507.16,73.5,14.92,3.01,95.2,25.3,18,83.2,8.39,West_Block,102.05,20.12
REC-02036,12/26/2022,NE_Monsoon,12,618.28,75.6,13.88,3.89,104,23.5,18.5,84.5,7.61,Lower_Division,128.71,20.82
REC-02037,12/26/2022,NE_Monsoon,12,476.23,74.5,17.91,2.25,92.3,26.5,20.7,79.9,5.95,West_Block,95.2,19.99
REC-02038,12/26/2022,NE_Monsoon,12,559.9,75.2,13.37,2.73,88,23.5,17.5,88.7,6.13,Lower_Division,113.6,20.29
REC-02039,12/25/2022,NE_Monsoon,12,672.69,74.7,14.37,2.76,101.9,27.3,18.4,85.7,5.54,West_Block,138.03,20.52
REC-02040,12/25/2022,NE_Monsoon,12,463.18,77.9,19.03,2.69,92,22.3,23.7,86,5.58,West_Block,95.43,20.6
REC-02041,12/24/2022,NE_Monsoon,12,664.86,75.5,14.63,3.2,106.6,22.6,19.7,79.7,6.91,Upper_Division,131.59,19.79
REC-02042,12/23/2022,NE_Monsoon,12,504.32,77.2,15.89,3.5,101.5,25.2,21.1,82.5,9.25,Middle_Division,107.84,21.38
REC-02043,12/23/2022,NE_Monsoon,12,351.86,78.9,16.17,3.74,101.3,24.8,17.5,89.9,8.53,West_Block,72.2,20.52
REC-02044,12/23/2022,NE_Monsoon,12,385.97,78.2,16.01,3.12,93,30.8,19.1,82.8,5.12,Lower_Division,82.15,21.29
REC-02045,12/23/2022,NE_Monsoon,12,406.75,79.4,18.51,3.22,96.7,25.5,20.7,80.4,9.72,Lower_Division,85.42,21
REC-02046,12/22/2022,NE_Monsoon,12,749.54,75.9,17.85,2,103.8,24.8,19,81.3,6.26,Upper_Division,145.28,19.38
REC-02047,12/22/2022,NE_Monsoon,12,588.81,79.5,16.08,3.28,97.7,21.1,21.8,80.5,6.92,Middle_Division,120.49,20.46
REC-02048,12/22/2022,NE_Monsoon,12,488.83,75.3,15.62,3.06,93.8,24.6,20.9,81.5,6.71,Lower_Division,105.27,21.54
REC-02049,12/22/2022,NE_Monsoon,12,604.34,76.8,16.63,2.45,102.7,19.5,18.1,81.5,8.29,Upper_Division,119.49,19.77
REC-02050,12/21/2022,NE_Monsoon,12,496.59,72.8,12.83,3.64,101.7,27.6,19.7,86.6,5.93,Lower_Division,98.89,19.91
REC-02051,12/21/2022,NE_Monsoon,12,571.42,79.2,17.42,2,92.2,28.7,22.9,86,8.64,East_Block,116.04,20.31
REC-02052,12/21/2022,NE_Monsoon,12,422.03,77.6,15.42,2.35,99.9,28.2,17.6,78.4,8.44,West_Block,84.52,20.03
REC-02053,12/20/2022,NE_Monsoon,12,454.99,75,15.73,2.81,90.9,25.1,22.1,86.4,9.31,Middle_Division,94.16,20.7
REC-02054,12/20/2022,NE_Monsoon,12,692.23,76.9,18.42,3.5,94.2,21.3,20.3,84.8,7.57,West_Block,138.96,20.07
REC-02055,12/20/2022,NE_Monsoon,12,725.12,78.8,15.02,3.23,91,31.1,17.8,89,6.28,West_Block,147.29,20.31
REC-02056,12/19/2022,NE_Monsoon,12,256.3,75.7,15.85,2.93,100.4,23.4,18.7,84,6.65,East_Block,56.26,21.95
REC-02057,12/17/2022,NE_Monsoon,12,637.29,78.6,17.44,2.86,96.9,20.8,17.6,84.3,6.85,Middle_Division,138.35,21.71
REC-02058,12/17/2022,NE_Monsoon,12,547.38,77.5,18.91,2,96.6,23.7,18.2,88.3,8.32,West_Block,114.26,20.87
REC-02059,12/17/2022,NE_Monsoon,12,395.39,71.9,16.3,3.12,92.4,27.7,20.5,85.2,5.18,Upper_Division,77.16,19.51
REC-02060,12/17/2022,NE_Monsoon,12,625.14,75.3,19.07,3.89,91.4,24.2,22.1,85.5,7.75,Lower_Division,123.41,19.74
REC-02061,12/16/2022,NE_Monsoon,12,599.14,77.2,17.76,2.79,97.4,26.2,22.7,84.9,7.64,Lower_Division,133.39,22.26
REC-02062,12/16/2022,NE_Monsoon,12,654.27,81.9,15.26,2.49,104.1,24.9,18.2,78.9,8.96,Upper_Division,132.33,20.23
REC-02063,12/16/2022,NE_Monsoon,12,440.8,75.7,16.59,2.87,94.5,27.4,21,78.4,8.08,Lower_Division,95.36,21.63
REC-02064,12/15/2022,NE_Monsoon,12,540.58,76.9,15.93,3.15,96.5,29,20.7,83.8,9.57,East_Block,114.68,21.21
REC-02065,12/14/2022,NE_Monsoon,12,581.94,73.9,14.83,3.3,99.5,26.5,20,82.6,5.6,Upper_Division,119.07,20.46
REC-02066,12/14/2022,NE_Monsoon,12,685.52,75.9,15.39,3.1,94.5,29.1,20,88.1,8.01,East_Block,140.26,20.46
REC-02067,12/14/2022,NE_Monsoon,12,810.04,80,17.49,3.26,99.2,23,22.8,79.5,8.53,Middle_Division,168.79,20.84
REC-02068,12/14/2022,NE_Monsoon,12,451.74,75.8,13.52,2.6,98.8,27.1,19.1,89.8,7.84,Lower_Division,96.57,21.38
REC-02069,12/14/2022,NE_Monsoon,12,376.86,74.4,13.33,3.69,104.1,25,22.5,83.3,5.94,East_Block,74.95,19.89
REC-02070,12/13/2022,NE_Monsoon,12,638.57,80.3,12.69,3.08,94.5,23.4,17.2,88,5.32,Lower_Division,126.11,19.75
REC-02071,12/13/2022,NE_Monsoon,12,607.75,75.4,16.87,3.35,100.9,27.2,19.5,86,5.69,Middle_Division,128.08,21.07
REC-02072,12/13/2022,NE_Monsoon,12,658.11,82.1,15.08,2.15,85,22.4,19.5,87.1,9.42,West_Block,128.35,19.5
REC-02073,12/13/2022,NE_Monsoon,12,669.07,80.9,14.16,2.78,100.4,19,20.5,85.4,10.06,Lower_Division,141.15,21.1
REC-02074,12/12/2022,NE_Monsoon,12,415.08,76.7,15.47,3.08,93,21,21.4,80.9,7.8,Middle_Division,87.14,20.99
REC-02075,12/12/2022,NE_Monsoon,12,572.07,75.5,15.81,2.69,103.5,23.3,19.3,84.7,5.26,Upper_Division,117.58,20.55
REC-02076,12/12/2022,NE_Monsoon,12,633.39,79,15.25,2.33,100.8,25.8,22.3,88.2,8.51,Lower_Division,128.34,20.26
REC-02077,12/12/2022,NE_Monsoon,12,586.94,80,13.78,3.11,102.6,24.3,21.9,85.8,8.8,Upper_Division,119.2,20.31
REC-02078,12/12/2022,NE_Monsoon,12,253.19,78.7,14.4,3.61,95,26.2,19.8,84.8,10.06,Middle_Division,51.53,20.35
REC-02079,12/10/2022,NE_Monsoon,12,608.44,72.3,17.01,3.43,91.2,23.5,19.7,89,6.33,Upper_Division,123.63,20.32
REC-02080,12/10/2022,NE_Monsoon,12,634.25,78.1,14.9,2.46,95.9,31.5,17.3,81.5,9.59,East_Block,123.45,19.46
REC-02081,12/10/2022,NE_Monsoon,12,611.96,76.3,17.44,3.43,97.7,20.9,21.6,84.9,6.9,West_Block,122.4,20
REC-02082,12/9/2022,NE_Monsoon,12,663.71,75.4,17.97,2,92,20.8,17.6,81.2,6.82,Upper_Division,129.88,19.57
REC-02083,12/9/2022,NE_Monsoon,12,584.73,82.6,17.4,2.5,99.3,27.1,20.5,86.3,7.52,East_Block,123.9,21.19
REC-02084,12/9/2022,NE_Monsoon,12,521.07,76.8,16.66,2.92,99,29.8,21.5,83,8.85,West_Block,105.94,20.33
REC-02085,12/9/2022,NE_Monsoon,12,411.32,72.2,16.86,2,103.4,25.5,21.5,89.6,9.72,Middle_Division,84.58,20.56
REC-02086,12/9/2022,NE_Monsoon,12,502.45,71.2,15.86,3.5,96,22.8,18.9,81.3,5.35,Middle_Division,102.69,20.44
REC-02087,12/9/2022,NE_Monsoon,12,667.43,82.7,19.32,3.32,101.8,25,19.5,89.2,5.31,Lower_Division,137.12,20.54
REC-02088,12/8/2022,NE_Monsoon,12,605.16,78.2,18.57,2,95.3,21.3,17.8,81.5,9.02,East_Block,126.75,20.95
REC-02089,12/8/2022,NE_Monsoon,12,331.49,77.3,16.84,3.81,102.1,29.8,21.1,78.6,10.04,West_Block,67.79,20.45
REC-02090,12/7/2022,NE_Monsoon,12,579.48,80,15.31,3.52,103.3,24.3,20.9,85.4,10.55,Lower_Division,125.06,21.58
REC-02091,12/6/2022,NE_Monsoon,12,601.82,75.9,15.14,3.56,100.4,25.5,21.2,88.9,7.65,Lower_Division,126.85,21.08
REC-02092,12/6/2022,NE_Monsoon,12,607.51,80.4,13.83,3.18,94.5,21.4,22.7,79.5,10.25,Middle_Division,119.16,19.61
REC-02093,12/6/2022,NE_Monsoon,12,784.44,77.8,16.42,4.06,97.4,24.2,23.8,87.8,5.42,Upper_Division,165.55,21.1
REC-02094,12/4/2022,NE_Monsoon,12,589.31,76.3,14.05,2.28,98.8,26.2,19.3,80.9,9.18,West_Block,123.08,20.88
REC-02095,12/3/2022,NE_Monsoon,12,420.93,73.6,17.97,3.82,95.4,24.5,21.6,84.5,8.45,Middle_Division,84.02,19.96
REC-02096,12/3/2022,NE_Monsoon,12,730.52,74.6,16.26,2.55,107.4,23.2,18.6,85.5,5.22,Middle_Division,152.79,20.91
REC-02097,12/3/2022,NE_Monsoon,12,580.18,82.1,16.48,3.13,91.6,24.4,18,83.3,6.12,Upper_Division,112.18,19.34
REC-02098,12/3/2022,NE_Monsoon,12,562,84.4,17.05,3.23,101.1,24.9,17,85.4,7.02,East_Block,117.27,20.87
REC-02099,12/2/2022,NE_Monsoon,12,536.77,76.8,16.61,3.58,98.7,22.3,19,88.8,5.9,East_Block,109.08,20.32
REC-02100,12/1/2022,NE_Monsoon,12,635.86,80,15.82,2.86,96.7,25,18.3,83.9,9.44,West_Block,136.69,21.5
REC-02101,11/30/2022,NE_Monsoon,11,677.36,82.5,16.3,4.23,99.2,23.7,17.5,82.2,8.54,Upper_Division,134.98,19.93
REC-02102,11/29/2022,NE_Monsoon,11,446.17,77.5,17.31,3.19,94.4,26.8,18.9,80.6,6.21,Upper_Division,90.38,20.26
REC-02103,11/29/2022,NE_Monsoon,11,671.34,79,16.75,2.75,91.6,27.6,21.6,88.1,7.69,Lower_Division,144.12,21.47
REC-02104,11/29/2022,NE_Monsoon,11,653.56,78.1,16.49,2.2,89.2,23.8,20.5,81.5,10.26,Upper_Division,128.27,19.63
REC-02105,11/29/2022,NE_Monsoon,11,638.14,77.9,18.48,2.58,91,25.1,19.3,86,7.03,West_Block,131.16,20.55
REC-02106,11/28/2022,NE_Monsoon,11,430.79,80.8,15.59,3.09,94.4,25.2,17.9,78.6,5.68,Upper_Division,89.62,20.8
REC-02107,11/28/2022,NE_Monsoon,11,594.23,81.2,14.53,2.56,86.2,23.2,18,88.5,6.2,Lower_Division,123.16,20.73
REC-02108,11/28/2022,NE_Monsoon,11,485.66,79.1,16.76,2.57,96.3,19.5,21.8,78,5.34,East_Block,101.57,20.91
REC-02109,11/28/2022,NE_Monsoon,11,482.73,75.7,15.85,3.54,92,23.8,17.4,83.7,6.18,Upper_Division,91.98,19.05
REC-02110,11/27/2022,NE_Monsoon,11,746.53,76.7,16.37,3.11,96.6,24.8,21.1,89.5,8.25,Upper_Division,155.1,20.78
REC-02111,11/27/2022,NE_Monsoon,11,491.96,76,12.34,3,90.9,26.4,21.2,78.9,10.04,West_Block,100.72,20.47
REC-02112,11/26/2022,NE_Monsoon,11,383.64,79.2,18.17,2.53,101.6,27.2,17.7,80.9,5.14,Lower_Division,81.08,21.13
REC-02113,11/26/2022,NE_Monsoon,11,546.87,78.6,18.23,2.89,97.8,21.9,22.4,81.1,8.82,Upper_Division,107.14,19.59
REC-02114,11/26/2022,NE_Monsoon,11,627.64,74.2,15.38,3.6,100.1,29.1,20.9,78.8,8.52,West_Block,127.49,20.31
REC-02115,11/25/2022,NE_Monsoon,11,533.61,75.8,15.96,2.53,99.4,20.8,19.5,83.9,7.04,Lower_Division,110.44,20.7
REC-02116,11/25/2022,NE_Monsoon,11,668.11,83.8,16.56,3.02,90.3,27.5,19.6,85.7,5.16,Middle_Division,134.64,20.15
REC-02117,11/23/2022,NE_Monsoon,11,809.81,75.9,16.16,2.78,99.5,21.1,21,88.6,7.95,Lower_Division,168.97,20.87
REC-02118,11/22/2022,NE_Monsoon,11,368.48,74.5,14.81,2.53,104.9,23.5,23,86.9,6.9,Middle_Division,76.76,20.83
REC-02119,11/22/2022,NE_Monsoon,11,750.98,74.3,17.72,3.54,102,26.6,21.1,89.3,6.32,Middle_Division,155.07,20.65
REC-02120,11/22/2022,NE_Monsoon,11,616.05,76.8,13.47,2.96,95.2,25.8,23.3,81.1,8.56,Lower_Division,127.28,20.66
REC-02121,11/21/2022,NE_Monsoon,11,628.73,85,14.15,3.62,102.9,24.2,19.3,86.6,8.05,Lower_Division,126.53,20.12
REC-02122,11/21/2022,NE_Monsoon,11,669.39,77.6,15.1,2.95,93.4,22.8,19.9,84.2,5.37,West_Block,145.56,21.75
REC-02123,11/21/2022,NE_Monsoon,11,506.89,83,13.42,3.06,97,30.9,19,87.8,5.02,Lower_Division,106.72,21.05
REC-02124,11/21/2022,NE_Monsoon,11,578.96,76.2,13.66,3.53,98.5,24.7,18.3,78.3,5.83,East_Block,116.34,20.09
REC-02125,11/21/2022,NE_Monsoon,11,340.1,75.4,17.18,2.47,87.7,30.5,22.4,82,10.24,Upper_Division,66.98,19.69
REC-02126,11/20/2022,NE_Monsoon,11,435.26,82.2,14.68,3.47,106.2,21.8,21.8,79.4,7.65,Lower_Division,86.38,19.85
REC-02127,11/20/2022,NE_Monsoon,11,722.84,79.1,17.66,2.96,87.2,26.2,22.1,81,9.08,Middle_Division,144.46,19.99
REC-02128,11/20/2022,NE_Monsoon,11,506.62,77.3,16.22,3.15,103.2,28.5,22.1,85,6.81,Middle_Division,104.26,20.58
REC-02129,11/19/2022,NE_Monsoon,11,435.55,79,14.1,2.36,98.3,23.8,20.4,87,7.75,Lower_Division,92.96,21.34
REC-02130,11/19/2022,NE_Monsoon,11,733.52,81.2,16.68,2.08,98.5,25.9,21.1,85.9,9.85,Upper_Division,145.14,19.79
REC-02131,11/18/2022,NE_Monsoon,11,596.56,81.1,15.96,3.35,98.4,26.6,19.4,81.7,8.65,Upper_Division,126.06,21.13
REC-02132,11/17/2022,NE_Monsoon,11,456.58,72.8,17.62,2.97,107.5,22.4,23.3,82.3,6.63,West_Block,91.23,19.98
REC-02133,11/17/2022,NE_Monsoon,11,484.29,79.2,16.95,2.51,99.3,24.9,22.8,87.2,9.04,West_Block,101.66,20.99
REC-02134,11/17/2022,NE_Monsoon,11,378.99,76.9,13.94,3.98,103.6,31.2,23.7,85.1,5.37,West_Block,75.26,19.86
REC-02135,11/17/2022,NE_Monsoon,11,421.98,76.7,14.36,3.2,97.5,27.8,23.9,82.2,5.73,Upper_Division,85.35,20.23
REC-02136,11/16/2022,NE_Monsoon,11,452.56,73.9,15.01,2.69,97,30.3,21.5,87,7.95,Middle_Division,97.45,21.53
REC-02137,11/16/2022,NE_Monsoon,11,431.13,80.2,17.97,2.4,93.6,18.8,20.8,82.9,9.74,West_Block,81.54,18.91
REC-02138,11/15/2022,NE_Monsoon,11,710.28,80.3,15.47,3.33,96,25.9,22.4,85.4,7.98,Lower_Division,151.12,21.28
REC-02139,11/15/2022,NE_Monsoon,11,407.3,79.9,16.65,2.91,102.1,23.6,19.2,78.7,6.46,West_Block,88.26,21.67
REC-02140,11/15/2022,NE_Monsoon,11,740.65,78,14.11,2.71,97.5,22.7,23.2,87,7.15,Lower_Division,159.51,21.54
REC-02141,11/13/2022,NE_Monsoon,11,601.6,78.1,16.65,2.51,93.5,26.5,23.4,82.3,9.42,Lower_Division,130.8,21.74
REC-02142,11/12/2022,NE_Monsoon,11,447.75,81.7,14.11,3.02,90.9,25.3,17.9,81,8.19,Middle_Division,91.45,20.42
REC-02143,11/12/2022,NE_Monsoon,11,552.75,81.4,17.34,3.23,99.2,29.1,22,81.1,8.3,Lower_Division,116.58,21.09
REC-02144,11/12/2022,NE_Monsoon,11,405.47,81.7,18.83,2.33,106.4,24.8,23.3,84.1,8.74,West_Block,80.36,19.82
REC-02145,11/12/2022,NE_Monsoon,11,588.87,77.7,17.71,3.22,110.4,24.7,20.9,78.6,9.95,Middle_Division,118.11,20.06
REC-02146,11/11/2022,NE_Monsoon,11,444.2,75.2,15.44,3.57,104.8,24.8,21.7,83.9,8.82,Middle_Division,93.24,20.99
REC-02147,11/11/2022,NE_Monsoon,11,673.9,76.7,16.51,2.89,102.1,26.3,18.5,89.1,5.13,Upper_Division,140.83,20.9
REC-02148,11/11/2022,NE_Monsoon,11,489.17,81.3,18.06,2.97,101.5,28.6,23.1,86,8.18,Lower_Division,100.7,20.59
REC-02149,11/10/2022,NE_Monsoon,11,545.53,75.7,12.48,3.23,98.6,28.5,20.7,80.6,8.49,West_Block,108.76,19.94
REC-02150,11/9/2022,NE_Monsoon,11,673.08,77.8,13.72,3.25,101.7,27.6,19.1,87,7.69,Lower_Division,144.7,21.5
REC-02151,11/9/2022,NE_Monsoon,11,628.01,78,14.34,3.44,102.4,24.1,18.8,81.9,9.83,West_Block,131.72,20.97
REC-02152,11/9/2022,NE_Monsoon,11,604.85,79.7,15.46,2.63,104.4,22.1,19.7,82.5,6.35,East_Block,128.74,21.28
REC-02153,11/8/2022,NE_Monsoon,11,436.2,83,14.79,2.11,99.1,22.8,19.2,89.3,6.49,Upper_Division,83.71,19.19
REC-02154,11/8/2022,NE_Monsoon,11,466.13,83.8,14.5,3.19,100.6,23.6,20.6,81.2,5.42,Middle_Division,93.63,20.09
REC-02155,11/8/2022,NE_Monsoon,11,522.94,76.8,15.41,2.35,89.9,24.1,18.8,78.8,6.85,Upper_Division,101.74,19.46
REC-02156,11/7/2022,NE_Monsoon,11,361.89,80,14.45,2.84,95.8,20.8,17.7,86.5,5.75,East_Block,74.92,20.7
REC-02157,11/7/2022,NE_Monsoon,11,472.65,77.6,17.84,2.57,95.3,29.3,19.4,88.9,8.09,Upper_Division,94.61,20.02
REC-02158,11/6/2022,NE_Monsoon,11,462.1,80.6,17.17,3.35,90.2,25.5,21.5,87.3,6.47,Upper_Division,91.16,19.73
REC-02159,11/6/2022,NE_Monsoon,11,454.51,83.4,14.88,2.58,95.1,27.6,21.5,82.1,9.36,East_Block,89.08,19.6
REC-02160,11/5/2022,NE_Monsoon,11,309.36,79.6,16.47,3.13,99,22.8,18.9,89,7.48,Upper_Division,64.35,20.8
REC-02161,11/5/2022,NE_Monsoon,11,645.29,77,15.71,2.94,98.7,28.4,21,88.2,9.68,Upper_Division,131.75,20.42
REC-02162,11/5/2022,NE_Monsoon,11,527.69,81.3,15.32,3.55,95.3,27.7,17.2,88.9,6.22,East_Block,106.48,20.18
REC-02163,11/5/2022,NE_Monsoon,11,787.78,73.8,17.51,2.96,97.2,23.9,22.9,81.1,10.65,East_Block,161.4,20.49
REC-02164,11/5/2022,NE_Monsoon,11,415.82,77,17.18,2.36,101,28.1,22.2,79.9,8.44,Middle_Division,82.88,19.93
REC-02165,11/5/2022,NE_Monsoon,11,522.15,76.2,13.47,2.72,100.3,23.9,23.7,87,5.11,West_Block,111.25,21.31
REC-02166,11/4/2022,NE_Monsoon,11,613.18,79.6,15.93,3.22,91.1,27.6,19.8,86.2,6.72,West_Block,127.37,20.77
REC-02167,11/4/2022,NE_Monsoon,11,585.41,72.8,14.91,3.07,97.7,19.3,21.7,87.2,7.69,East_Block,116.57,19.91
REC-02168,11/3/2022,NE_Monsoon,11,603.71,76.5,14.34,3.06,97.8,24.9,17.6,84.1,6.86,West_Block,124.78,20.67
REC-02169,11/3/2022,NE_Monsoon,11,603.94,78.9,18.19,2.89,101.5,25.1,23.8,78.3,9.13,Lower_Division,129.7,21.48
REC-02170,11/2/2022,NE_Monsoon,11,583.1,73.8,18.05,3.09,96,27.5,23.8,79.4,5.81,Lower_Division,123.55,21.19
REC-02171,11/1/2022,NE_Monsoon,11,626.91,76.3,13.2,2.69,90.5,28.2,23.5,87.1,7.49,Lower_Division,130.66,20.84
REC-02172,11/1/2022,NE_Monsoon,11,643.34,80.5,17.64,3.43,92,26.1,19.2,80.2,5.66,Middle_Division,129.01,20.05
REC-02173,11/1/2022,NE_Monsoon,11,619.02,76.8,14.5,3.05,93.9,24,19.8,79.2,5.98,West_Block,127.47,20.59
REC-02174,11/1/2022,NE_Monsoon,11,582.38,79.4,16.46,2.62,103.3,23.7,17.9,78.5,10.32,Upper_Division,124.04,21.3
REC-02175,11/1/2022,NE_Monsoon,11,605.02,79,15.62,3.56,97.9,24.6,19.9,86.6,6.7,East_Block,124.29,20.54
REC-02176,11/1/2022,NE_Monsoon,11,423.56,79.3,16.1,2.49,93.6,23.8,22.7,87.5,7.83,West_Block,85.91,20.28
REC-02177,10/30/2022,NE_Monsoon,10,551.92,80.8,15.62,3.26,98.4,23.4,23.2,89.3,7.81,Middle_Division,113.03,20.48
REC-02178,10/30/2022,NE_Monsoon,10,416.93,77.7,15.04,3.54,108.1,22.3,22.6,80.1,5.65,Upper_Division,82.25,19.73
REC-02179,10/29/2022,NE_Monsoon,10,697.63,74.5,15.02,2.22,104.5,26.5,23.2,85.8,9.61,East_Block,147.42,21.13
REC-02180,10/29/2022,NE_Monsoon,10,576.62,80.4,16.48,2.93,102.2,25.7,23.1,78.5,8.73,Upper_Division,118.19,20.5
REC-02181,10/28/2022,NE_Monsoon,10,671.57,85,16.76,2.64,90,27.2,17.3,79.2,5.57,East_Block,137.46,20.47
REC-02182,10/28/2022,NE_Monsoon,10,729.54,76.7,16.62,2.99,94.1,27.6,22,88.4,5.26,Lower_Division,160.06,21.94
REC-02183,10/28/2022,NE_Monsoon,10,900,76.9,16.83,3.07,96.1,27.6,23.7,89.3,10,East_Block,188.95,20.99
REC-02184,10/26/2022,NE_Monsoon,10,597.69,83.6,14.51,2.53,97.9,27,23,85.3,8.25,East_Block,122.69,20.53
REC-02185,10/26/2022,NE_Monsoon,10,530.24,75,14.34,2.59,107.6,22,18.6,82.1,9.94,Middle_Division,105.62,19.92
REC-02186,10/26/2022,NE_Monsoon,10,526.95,80.7,17.27,2.75,101.5,20.2,20.1,87.8,6.41,Middle_Division,107.08,20.32
REC-02187,10/26/2022,NE_Monsoon,10,498.91,78.6,17.67,2.42,96.2,24.9,22.7,83,7.57,Middle_Division,100.89,20.22
REC-02188,10/25/2022,NE_Monsoon,10,674.13,73.9,15,2.27,91.4,27,22.6,78.8,8.51,West_Block,131.76,19.55
REC-02189,10/25/2022,NE_Monsoon,10,511.05,79.5,13.14,3.1,100,25.6,17,81.2,10.13,Lower_Division,108.69,21.27
REC-02190,10/25/2022,NE_Monsoon,10,410.64,77.3,14.78,4.01,94,23.4,22,83.5,8.15,Lower_Division,86.15,20.98
REC-02191,10/25/2022,NE_Monsoon,10,325.33,78.9,16.14,3.17,87,30.8,18.6,85.9,9.41,East_Block,64.75,19.9
REC-02192,10/25/2022,NE_Monsoon,10,632.52,77.6,14.61,2.81,92.7,24.7,22.4,87.2,9.63,Middle_Division,130.79,20.68
REC-02193,10/25/2022,NE_Monsoon,10,765.22,77.4,15.64,3.32,94.8,21.9,17.8,80,10.05,Lower_Division,159.28,20.82
REC-02194,10/24/2022,NE_Monsoon,10,620.97,79.6,15.23,3.36,99.5,30.6,21.3,88,9.74,Lower_Division,137.02,22.06
REC-02195,10/24/2022,NE_Monsoon,10,612.25,75.8,13.91,2.16,101.1,27,23.5,78.6,5.75,East_Block,126.04,20.59
REC-02196,10/23/2022,NE_Monsoon,10,621.01,79.2,16.5,2.85,96.9,28.5,21.1,89.6,9.51,East_Block,127.76,20.57
REC-02197,10/23/2022,NE_Monsoon,10,574.81,79.9,15.57,3.34,94.6,29,17.1,81.9,6.21,Upper_Division,114.46,19.91
REC-02198,10/23/2022,NE_Monsoon,10,570.17,76.4,14.92,3.55,100.5,19.7,19.4,84.2,10.31,Upper_Division,111.11,19.49
REC-02199,10/22/2022,NE_Monsoon,10,550.9,77.4,14.21,3.46,102.2,24.1,19.7,89,8.09,East_Block,112.48,20.42
REC-02200,10/21/2022,NE_Monsoon,10,724.94,75.2,15.8,3,100.5,26.5,22.3,78.9,9.82,Upper_Division,150.86,20.81
REC-02201,10/21/2022,NE_Monsoon,10,758.2,78.8,16.74,2.82,105.8,29.6,19.4,87,7.51,Lower_Division,159.17,20.99
REC-02202,10/21/2022,NE_Monsoon,10,665.42,77.2,13.77,2.27,101.8,20.7,17.4,84.2,6.97,East_Block,137.25,20.63
REC-02203,10/21/2022,NE_Monsoon,10,529.57,73.3,20,2.32,92.8,29.2,18.2,87.3,8.26,East_Block,100.64,19
REC-02204,10/20/2022,NE_Monsoon,10,798.29,76.5,14.84,3.43,99.6,27.9,19.6,81,10.17,Middle_Division,168.59,21.12
REC-02205,10/20/2022,NE_Monsoon,10,552.07,79.3,16.32,3.86,97.9,23.4,19.9,83,5.59,Lower_Division,119.94,21.73
REC-02206,10/20/2022,NE_Monsoon,10,478.71,80.9,13.36,3.76,100.8,27.4,22.1,78.7,8.03,Lower_Division,100.75,21.05
REC-02207,10/20/2022,NE_Monsoon,10,627.15,81.5,15.81,2.98,101.9,27.3,22.7,87.5,5.87,West_Block,130.75,20.85
REC-02208,10/20/2022,NE_Monsoon,10,607.23,80.8,16.73,4.35,97.2,23.4,17.4,83.8,10.18,West_Block,126.53,20.84
REC-02209,10/19/2022,NE_Monsoon,10,571.79,77.4,15.13,3.24,102.9,22,23.4,81.3,6.27,Middle_Division,122.05,21.35
REC-02210,10/19/2022,NE_Monsoon,10,592.43,78.9,14.06,3.05,91.2,32.5,19.3,88.5,7.52,West_Block,121.45,20.5
REC-02211,10/19/2022,NE_Monsoon,10,661.32,82.8,16.18,2.88,95.6,28,21.5,80.6,6.28,Upper_Division,131.22,19.84
REC-02212,10/18/2022,NE_Monsoon,10,320.41,74,18.05,2.49,92.3,23.8,18.4,86.4,5.7,East_Block,64.01,19.98
REC-02213,10/18/2022,NE_Monsoon,10,521.75,72.7,15.61,2.58,93.9,27.1,17.2,82.6,6.4,Upper_Division,105.95,20.31
REC-02214,10/17/2022,NE_Monsoon,10,321.43,79.7,14.39,2.95,100.6,25.5,17.1,87,6.9,Lower_Division,68.45,21.3
REC-02215,10/17/2022,NE_Monsoon,10,446.16,79.9,17.4,3.09,95.2,22.9,23.8,89,5.92,West_Block,91.28,20.46
REC-02216,10/17/2022,NE_Monsoon,10,403.3,73.7,16.79,3.76,98.7,23.2,23.7,87.1,8.25,Upper_Division,80.01,19.84
REC-02217,10/17/2022,NE_Monsoon,10,625.26,78.8,16.8,3.38,92,20.5,17.6,86.8,7.82,Lower_Division,134.89,21.57
REC-02218,10/16/2022,NE_Monsoon,10,419.21,82.1,14.67,2.36,100.2,25.3,18.6,85.5,10.36,West_Block,85.02,20.28
REC-02219,10/16/2022,NE_Monsoon,10,585.2,79.1,20,3.07,99,24.9,17.6,89.5,5.02,East_Block,115.36,19.71
REC-02220,10/15/2022,NE_Monsoon,10,544.37,74.8,13.67,3.25,93.2,20.6,20.2,84.5,5.8,East_Block,106.95,19.65
REC-02221,10/15/2022,NE_Monsoon,10,467.4,76.4,16.85,3.06,95.8,23,23.9,81.5,10.12,West_Block,102.12,21.85
REC-02222,10/15/2022,NE_Monsoon,10,450.76,75.7,16.01,3.26,99.5,26.5,20.1,87,9.05,East_Block,96.44,21.4
REC-02223,10/15/2022,NE_Monsoon,10,693.73,75.7,13.8,3.78,101.7,26.5,22.1,86.2,6.29,Middle_Division,138.42,19.95
REC-02224,10/15/2022,NE_Monsoon,10,538.22,80,19.18,2.23,93.6,25,20.9,89.4,8.71,West_Block,109.13,20.28
REC-02225,10/14/2022,NE_Monsoon,10,496.84,76.9,17.03,3.79,94.8,25.7,17.8,89,6.57,Middle_Division,97.39,19.6
REC-02226,10/13/2022,NE_Monsoon,10,530.18,84.9,18.3,2.27,98.6,27.4,18.1,80.9,5.38,West_Block,103.97,19.61
REC-02227,10/13/2022,NE_Monsoon,10,445.91,80.5,15.44,2.08,102.4,28.5,21.1,81.3,7.88,Middle_Division,90.27,20.24
REC-02228,10/13/2022,NE_Monsoon,10,545,77.2,18.38,3.03,100.6,23,20.8,88.3,9.91,East_Block,116.68,21.41
REC-02229,10/13/2022,NE_Monsoon,10,491.01,79.1,18.19,4,96.7,25.8,17.2,79.5,9.83,East_Block,102.14,20.8
REC-02230,10/13/2022,NE_Monsoon,10,471.37,82.8,16.96,2.75,99.4,28.3,22.4,84.6,5.34,Upper_Division,94.06,19.95
REC-02231,10/13/2022,NE_Monsoon,10,744.75,81.7,17.04,3.78,98.8,27.3,24,83.5,9,Lower_Division,151.7,20.37
REC-02232,10/12/2022,NE_Monsoon,10,528.94,80.5,12.85,2.5,93.6,23.3,21.6,87.9,9.49,Middle_Division,100.16,18.94
REC-02233,10/12/2022,NE_Monsoon,10,334.42,74.6,16.76,2,97.1,26.6,21.7,88,9.96,West_Block,70.95,21.22
REC-02234,10/11/2022,NE_Monsoon,10,481.02,76,17.01,2.52,96.1,26.8,18.8,83.4,5.86,East_Block,99.05,20.59
REC-02235,10/11/2022,NE_Monsoon,10,467.52,76.7,17.13,3.55,102.6,24.3,17.9,80,6.89,East_Block,96.47,20.64
REC-02236,10/11/2022,NE_Monsoon,10,607.24,78.9,12,2.91,101.1,28.9,17.5,85.5,6.4,West_Block,124.95,20.58
REC-02237,10/11/2022,NE_Monsoon,10,528.26,76.8,14.4,3.22,96.2,24.6,21.4,89,9.92,Lower_Division,114,21.58
REC-02238,10/10/2022,NE_Monsoon,10,618.7,72.6,15.61,3.85,91.8,19.8,20.8,82.3,9.49,West_Block,121.29,19.6
REC-02239,10/10/2022,NE_Monsoon,10,556.82,82,16.25,3.31,94.2,32.8,18.3,82.2,10.36,Middle_Division,116.09,20.85
REC-02240,10/10/2022,NE_Monsoon,10,584.26,73.4,13.71,3.22,97.5,30.8,23.6,89.9,5.58,Middle_Division,121.69,20.83
REC-02241,10/10/2022,NE_Monsoon,10,390.73,78.6,13.48,3.13,92.1,21,20.8,89.7,9.05,Upper_Division,76.05,19.46
REC-02242,10/10/2022,NE_Monsoon,10,392.83,76.2,16.29,2.54,88.2,20,22.6,85.4,5.36,West_Block,78.48,19.98
REC-02243,10/8/2022,NE_Monsoon,10,543.87,76.3,16.3,2.65,99,28.3,20.3,88.9,8.26,East_Block,116.92,21.5
REC-02244,10/8/2022,NE_Monsoon,10,493.01,78.6,16.86,3.13,103.2,23.8,22.4,81.7,9.56,Upper_Division,99.05,20.09
REC-02245,10/8/2022,NE_Monsoon,10,692.8,77.2,18.39,2.95,98.2,26.6,20,89.5,6.21,West_Block,149.89,21.64
REC-02246,10/8/2022,NE_Monsoon,10,647.23,75.7,15.69,3.96,100.4,25.7,23.2,80.1,9.18,West_Block,135.83,20.99
REC-02247,10/7/2022,NE_Monsoon,10,547.8,77.7,15.26,2.9,89.2,25.1,20.9,80.8,8.66,East_Block,110.08,20.09
REC-02248,10/7/2022,NE_Monsoon,10,607.99,78.2,17.48,2.95,96.2,30.3,19,89.8,8.88,Lower_Division,122.84,20.2
REC-02249,10/6/2022,NE_Monsoon,10,642.33,77.2,17.37,3.21,91.5,24.8,22.3,82.8,9.74,West_Block,132.91,20.69
REC-02250,10/6/2022,NE_Monsoon,10,604.38,80.1,17.68,3.31,101,23.6,23.1,85.8,6.64,Upper_Division,123.7,20.47
REC-02251,10/5/2022,NE_Monsoon,10,492.01,85,17.04,2.37,96.3,22.9,18.5,86.1,5.67,East_Block,93.77,19.06
REC-02252,10/5/2022,NE_Monsoon,10,413.23,77.4,14.73,2.51,95.7,27.5,18.6,86.2,5.8,Middle_Division,86.92,21.03
REC-02253,10/4/2022,NE_Monsoon,10,762.77,79.5,14.99,2.48,99.5,24.5,17.3,81.6,6.9,Lower_Division,154.49,20.25
REC-02254,10/4/2022,NE_Monsoon,10,702.36,75.1,17.41,2.77,94.9,26.5,19.9,84.5,5.27,East_Block,141.66,20.17
REC-02255,10/4/2022,NE_Monsoon,10,597.27,78.2,14.71,3.54,103.9,26.8,20.6,83.4,6.4,Upper_Division,114.59,19.19
REC-02256,10/4/2022,NE_Monsoon,10,376.17,75.8,16.18,3.45,95.7,28.6,18.6,85.5,8.99,West_Block,77.98,20.73
REC-02257,10/4/2022,NE_Monsoon,10,519.29,75.5,17.69,3.11,90.6,24.3,19.4,79.4,10,Upper_Division,102.12,19.67
REC-02258,10/2/2022,NE_Monsoon,10,474.99,77.4,13.22,2.92,110.3,20.2,23.6,86.8,8.63,West_Block,93.96,19.78
REC-02259,10/2/2022,NE_Monsoon,10,411.29,77.4,15.6,3.12,103.5,23.1,21.1,79.4,9.21,East_Block,87.53,21.28
REC-02260,10/2/2022,NE_Monsoon,10,597.85,77.8,15.27,2.48,94.4,27.4,19.1,88.9,5.3,Lower_Division,121.85,20.38
REC-02261,10/2/2022,NE_Monsoon,10,452.93,81.1,15.39,2.39,93.3,27.7,23.7,86.7,8.94,East_Block,90.64,20.01
REC-02262,10/1/2022,NE_Monsoon,10,676.35,79,14.69,3.1,97.4,19.4,22.4,81.7,10.46,Upper_Division,136.66,20.21
REC-02263,10/1/2022,NE_Monsoon,10,563.46,78.1,13.42,2.84,99.8,28.1,17.3,80.5,8.93,Upper_Division,115.09,20.43
REC-02264,10/1/2022,NE_Monsoon,10,517.05,79.9,14.52,3.78,101.8,24.8,18,86,10.44,Middle_Division,106.93,20.68
REC-02265,10/1/2022,NE_Monsoon,10,549.36,78.3,16.56,3.63,98,22.2,21.3,90,5.2,Middle_Division,112.87,20.55
REC-02266,10/1/2022,NE_Monsoon,10,356.3,77.3,13.98,3.01,102.8,28.9,17.3,79,5.12,West_Block,75.42,21.17
REC-02267,9/30/2022,Quality_Season,9,366.23,74.2,15.99,2.69,102.6,24.9,16.4,72.5,4.32,Upper_Division,70.91,19.36
REC-02268,9/29/2022,Quality_Season,9,428.99,82.8,15.56,3.84,101.2,22.1,17,78.5,5.63,Middle_Division,81.22,18.93
REC-02269,9/29/2022,Quality_Season,9,447.65,74.1,17.66,3.3,96.4,25.4,21,77.2,2.8,Middle_Division,88.32,19.73
REC-02270,9/29/2022,Quality_Season,9,577.84,80.9,17.97,2,97.1,29.9,19.5,82.7,3.28,East_Block,105.57,18.27
REC-02271,9/29/2022,Quality_Season,9,611.59,80.9,15.9,3.25,98.7,27.9,20.1,73.8,4.4,West_Block,121.16,19.81
REC-02272,9/29/2022,Quality_Season,9,574.92,74.5,19.52,2.96,104.9,24.7,17.8,74.9,5.86,Lower_Division,112.2,19.52
REC-02273,9/28/2022,Quality_Season,9,482.88,85,13.74,2.82,102.7,28.8,18.8,80.3,4.24,East_Block,90.66,18.77
REC-02274,9/28/2022,Quality_Season,9,838.91,79.2,14.38,2.64,106.2,23.2,20.6,82.7,5.63,West_Block,163.52,19.49
REC-02275,9/28/2022,Quality_Season,9,383.42,80.3,16.27,3.03,95.6,23,19.7,77.3,3.32,West_Block,78.07,20.36
REC-02276,9/28/2022,Quality_Season,9,644.6,75.9,15.46,2.89,99.3,25.8,18.7,78.9,4.84,East_Block,129.24,20.05
REC-02277,9/27/2022,Quality_Season,9,345.29,78.4,15.57,2.77,94.8,26.2,18.1,83.1,4.35,Middle_Division,69.81,20.22
REC-02278,9/27/2022,Quality_Season,9,763.36,83.5,12.34,3.31,102.3,21.2,21.5,84.3,2.7,Middle_Division,144.46,18.92
REC-02279,9/27/2022,Quality_Season,9,684.07,78.9,16.85,3.14,100.2,25.8,16.6,75.1,4.52,Lower_Division,139.14,20.34
REC-02280,9/26/2022,Quality_Season,9,516.63,80.2,15.1,3.22,99.6,24.3,18.6,77.3,3.92,Lower_Division,103.88,20.11
REC-02281,9/26/2022,Quality_Season,9,544.46,76.9,15.46,2.28,97.3,19.8,20.2,84.9,4.49,West_Block,107.65,19.77
REC-02282,9/26/2022,Quality_Season,9,419.4,75.7,15.38,2.65,90.1,26.3,17.4,83.7,3.72,Lower_Division,84.17,20.07
REC-02283,9/25/2022,Quality_Season,9,668.65,74.9,18.02,3.39,99.7,25.2,21.1,80.3,4.16,East_Block,128.15,19.17
REC-02284,9/24/2022,Quality_Season,9,399.09,70.7,15.57,3.22,99.6,25.8,22.7,79,5.98,Lower_Division,79.93,20.03
REC-02285,9/23/2022,Quality_Season,9,608.9,75.8,15.81,3.21,93.8,23.2,21.5,76.9,2.69,Upper_Division,119.72,19.66
REC-02286,9/23/2022,Quality_Season,9,602.5,73.9,15.41,2.66,90.6,27.9,16.7,78.2,3.78,West_Block,119.94,19.91
REC-02287,9/22/2022,Quality_Season,9,586.31,74.6,16.02,2.98,95.4,20.3,18.3,83.6,2.73,Upper_Division,111.09,18.95
REC-02288,9/22/2022,Quality_Season,9,397.7,76,13.22,2.71,96.6,24,21.8,73.8,5.14,West_Block,79.77,20.06
REC-02289,9/21/2022,Quality_Season,9,581.62,77.7,14.11,2.02,103.3,22.3,21.4,77,3.3,West_Block,113.7,19.55
REC-02290,9/20/2022,Quality_Season,9,445.59,75.2,13.66,3.37,93.1,19.9,22.1,83.9,5.83,East_Block,84.14,18.88
REC-02291,9/19/2022,Quality_Season,9,511.08,79.5,16.11,3.51,102.6,23.3,20.4,74.3,5.82,Middle_Division,99.44,19.46
REC-02292,9/19/2022,Quality_Season,9,615.54,74.2,14.43,3.86,97.2,27.8,17.2,79.1,5.86,Lower_Division,122.39,19.88
REC-02293,9/19/2022,Quality_Season,9,328.12,77.7,16.44,2.79,95.9,22.1,22.2,78.3,4.13,Upper_Division,62.32,18.99
REC-02294,9/18/2022,Quality_Season,9,838.55,72.7,16.9,3.48,97.6,27.3,18.1,81.8,3.01,Lower_Division,173.51,20.69
REC-02295,9/18/2022,Quality_Season,9,604.81,75,14.27,3.01,100.5,23.3,21.8,76.6,5.08,West_Block,125.55,20.76
REC-02296,9/18/2022,Quality_Season,9,571.11,74.1,13.01,2.54,100.6,27.6,20.6,78.4,5.32,Upper_Division,111.16,19.46
REC-02297,9/18/2022,Quality_Season,9,440.86,74,13.59,3.36,99.5,25.2,16.8,75.6,4.95,Upper_Division,86.05,19.52
REC-02298,9/18/2022,Quality_Season,9,573.34,80.2,16.17,2.91,93.8,25.1,16.7,77.8,3.75,West_Block,111.68,19.48
REC-02299,9/18/2022,Quality_Season,9,444.67,79.3,15.94,2.96,105.1,26.3,18.2,72.1,5.7,Lower_Division,91.22,20.51
REC-02300,9/16/2022,Quality_Season,9,439.92,73.6,16.09,2.73,98.9,21.8,19.4,74.2,4.59,Upper_Division,85.55,19.45
REC-02301,9/16/2022,Quality_Season,9,562.61,77.4,17.05,2.54,99.8,25.8,20.9,74.5,4.57,Lower_Division,112.7,20.03
REC-02302,9/16/2022,Quality_Season,9,542.76,77.8,17.03,2.21,95.2,23.8,19.1,74.4,3.14,Upper_Division,102.59,18.9
REC-02303,9/16/2022,Quality_Season,9,609.47,78.9,14.67,3.04,94,23.2,16.6,81.5,3.38,Middle_Division,120.92,19.84
REC-02304,9/15/2022,Quality_Season,9,589.54,80,17.49,2.62,104.6,20.2,16.8,79.4,3.84,East_Block,118.98,20.18
REC-02305,9/15/2022,Quality_Season,9,530.42,70,14.46,2.71,102.9,24,22,80.5,3,West_Block,105.64,19.92
REC-02306,9/15/2022,Quality_Season,9,742.54,77.6,15.68,3.86,97.2,28.4,16.7,73.3,4.49,East_Block,139.83,18.83
REC-02307,9/15/2022,Quality_Season,9,441.11,82.2,15.91,3.53,99.5,22.8,23,80.6,5.38,Lower_Division,88.76,20.12
REC-02308,9/14/2022,Quality_Season,9,722.86,72.4,14.42,3.88,104.1,22.4,19.9,82.9,5.21,East_Block,140.33,19.41
REC-02309,9/13/2022,Quality_Season,9,565.14,76.7,16.09,3.75,102.1,27.5,19.2,85,2.67,East_Block,109.83,19.43
REC-02310,9/13/2022,Quality_Season,9,600.5,80.8,15.89,2.4,107.1,23.1,17.9,80.5,3.97,East_Block,112.18,18.68
REC-02311,9/11/2022,Quality_Season,9,525.98,81.7,17.33,3.26,99.3,25.1,20.8,77.4,4.82,East_Block,99.79,18.97
REC-02312,9/11/2022,Quality_Season,9,561.2,79.5,15.27,2.91,91.1,22,16.4,78.7,5.4,West_Block,114.34,20.38
REC-02313,9/10/2022,Quality_Season,9,506.61,72.5,15.24,3.31,98.2,24.7,18.8,83.7,2.91,Middle_Division,103.74,20.48
REC-02314,9/10/2022,Quality_Season,9,393.67,79.7,13.34,3.58,89.7,27.3,18.9,81.3,5.72,Middle_Division,75.06,19.07
REC-02315,9/9/2022,Quality_Season,9,389.54,74.5,16.2,2.98,92.7,25.8,20.5,78.8,2.79,East_Block,75.29,19.33
REC-02316,9/9/2022,Quality_Season,9,719.98,75,17.89,2.69,101.4,18,18.4,82.6,3.03,Middle_Division,134.96,18.75
REC-02317,9/8/2022,Quality_Season,9,506.42,76.9,16.7,3.12,93.8,20.7,18.5,75.4,2.98,Middle_Division,100.88,19.92
REC-02318,9/8/2022,Quality_Season,9,477.43,79.8,17.27,3.35,100.6,23.1,20.9,83.1,5.86,West_Block,95.91,20.09
REC-02319,9/8/2022,Quality_Season,9,558.95,82.7,13.73,2.71,108.4,19.2,19.7,84.4,4.33,East_Block,107.68,19.27
REC-02320,9/8/2022,Quality_Season,9,530.31,81.3,15.35,2.43,105.8,25.1,18.1,81.4,4.75,Lower_Division,102.61,19.35
REC-02321,9/8/2022,Quality_Season,9,427.24,73.3,18.41,3.41,97.6,28.8,18.5,73.2,4.18,East_Block,78.76,18.44
REC-02322,9/8/2022,Quality_Season,9,658.75,78.6,15.11,2.92,101.8,24.5,17.5,83,5.68,Middle_Division,132.34,20.09
REC-02323,9/7/2022,Quality_Season,9,557.38,78.6,18.41,4.14,92,26.4,17.5,82.9,4.99,Lower_Division,108.85,19.53
REC-02324,9/7/2022,Quality_Season,9,362.35,74,16.24,2.41,102.4,20.3,20.7,73.2,3.35,Middle_Division,68.89,19.01
REC-02325,9/7/2022,Quality_Season,9,606.78,77.9,14.06,3.43,104.2,23,22.7,74.2,4.89,Middle_Division,119.04,19.62
REC-02326,9/7/2022,Quality_Season,9,731.52,75.2,18.26,3.29,101.8,23.8,20.5,78.4,3.05,Upper_Division,140.62,19.22
REC-02327,9/7/2022,Quality_Season,9,595.33,75.6,15.44,3.74,105.9,33,20.2,84.6,3.41,Upper_Division,110.18,18.51
REC-02328,9/7/2022,Quality_Season,9,432.44,77.6,16.19,2.45,95.7,26.1,20.8,72.1,3.51,Upper_Division,83.8,19.38
REC-02329,9/6/2022,Quality_Season,9,565.98,73.2,18.6,3.31,102.6,25.6,19.9,77.9,3.26,Middle_Division,111.91,19.77
REC-02330,9/6/2022,Quality_Season,9,631.22,76.8,18.66,3.75,93.9,27.9,22,83.7,2.68,East_Block,116.98,18.53
REC-02331,9/5/2022,Quality_Season,9,654.11,74.7,14.58,3.34,95.8,23.6,20.4,79.9,2.93,East_Block,131.35,20.08
REC-02332,9/5/2022,Quality_Season,9,566.29,80.9,17.63,2.94,104.6,22.1,18.4,80.9,4.26,Middle_Division,111.86,19.75
REC-02333,9/5/2022,Quality_Season,9,561.06,79.7,12.9,3.38,102.1,29.6,17,76.8,5.57,Upper_Division,104.4,18.61
REC-02334,9/4/2022,Quality_Season,9,529.3,77.4,15.55,2.62,94.1,33,16.9,83.6,4.73,Middle_Division,102.83,19.43
REC-02335,9/4/2022,Quality_Season,9,562.3,83.7,13.58,2.22,98.2,23.7,20.8,78.2,5.92,East_Block,105.03,18.68
REC-02336,9/4/2022,Quality_Season,9,610.77,77.6,16.84,2.74,100.9,30.1,17.5,73.5,4.82,East_Block,120.49,19.73
REC-02337,9/3/2022,Quality_Season,9,619.93,74.9,18.73,2,104.1,25.7,21.5,78.9,4.03,West_Block,117.97,19.03
REC-02338,9/2/2022,Quality_Season,9,577.96,73.8,16.42,3.49,100.2,27.7,20.1,80.1,3.23,East_Block,112.49,19.46
REC-02339,9/2/2022,Quality_Season,9,593.08,78.6,16.12,3.57,96.3,24.6,17.9,74.9,3.83,West_Block,119.65,20.17
REC-02340,9/2/2022,Quality_Season,9,598.18,79.7,18.07,2.58,94.3,26.3,16.5,81.9,2.82,Middle_Division,119.56,19.99
REC-02341,9/1/2022,Quality_Season,9,443.99,76,16.69,2.63,93.3,23.9,21.1,75.1,5.45,East_Block,85.61,19.28
REC-02342,9/1/2022,Quality_Season,9,567.85,78.7,18.78,3.27,114.1,26,19.7,76.6,2.87,West_Block,108.9,19.18
REC-02343,9/1/2022,Quality_Season,9,528.41,80.4,19.13,2.81,98.8,23.8,16.6,81.9,4.41,East_Block,98.73,18.69
REC-02344,8/31/2022,Quality_Season,8,717.99,81.6,14.68,3.73,104.2,26.6,18.9,77.1,3.07,East_Block,135.53,18.88
REC-02345,8/31/2022,SW_Monsoon,8,580.9,74.1,17.57,2.81,97.9,29.6,17.6,83.5,11.63,Middle_Division,130.39,22.45
REC-02346,8/30/2022,SW_Monsoon,8,575.18,74,16.74,2.95,97.3,25.3,18.5,86.3,9.39,West_Block,128.64,22.36
REC-02347,8/29/2022,SW_Monsoon,8,386.84,76.3,14.17,2.35,107.4,25.9,19,89.9,11.42,East_Block,82.28,21.27
REC-02348,8/29/2022,Quality_Season,8,527.21,77.9,15.84,3.2,100.7,24.5,16,74.7,4.31,Middle_Division,111.03,21.06
REC-02349,8/28/2022,Quality_Season,8,479.1,75.1,17.97,3.21,95.7,21.3,21.4,84.1,5.72,Lower_Division,93.74,19.57
REC-02350,8/28/2022,SW_Monsoon,8,572.93,81.8,15.78,2.98,92.7,25.9,17.9,80.1,10.99,West_Block,125.33,21.88
REC-02351,8/27/2022,Quality_Season,8,600.55,79.3,16.04,3.61,92.1,26.6,20.7,74.1,3.47,Upper_Division,116.45,19.39
REC-02352,8/27/2022,Quality_Season,8,582.44,73.6,15.8,2.69,100.5,24.4,20,76.2,4.58,West_Block,119.99,20.6
REC-02353,8/27/2022,SW_Monsoon,8,676.85,84.1,18.01,2.95,102.7,25.7,21.8,81.9,7.41,Lower_Division,147.23,21.75
REC-02354,8/26/2022,SW_Monsoon,8,250,77.1,14.2,2.81,98.4,21.1,17.6,86.1,8.25,East_Block,54.18,21.67
REC-02355,8/25/2022,Quality_Season,8,688.52,78.8,18.05,2.82,100.3,22.7,19.8,79.6,3.39,Upper_Division,133.39,19.37
REC-02356,8/25/2022,SW_Monsoon,8,636.59,79.6,15.84,3.89,98.2,23.6,18.5,87.1,10.43,West_Block,140.76,22.11
REC-02357,8/25/2022,Quality_Season,8,690.07,82.8,15.46,3.37,97.3,21.9,16.5,79.5,3.87,Lower_Division,142.09,20.59
REC-02358,8/25/2022,SW_Monsoon,8,745.09,77.8,15.65,2.46,96.4,26.9,22.6,80.5,8.62,Upper_Division,155.89,20.92
REC-02359,8/24/2022,Quality_Season,8,321.54,75.5,18.27,3.11,94.6,25.7,19.5,78.4,2.89,West_Block,65.25,20.29
REC-02360,8/24/2022,SW_Monsoon,8,530.26,83.4,16.05,2.83,95.6,27.3,22.3,86.9,10.93,East_Block,112.57,21.23
REC-02361,8/24/2022,Quality_Season,8,488.77,80.4,16.97,2.31,97.1,24.5,17.5,81,3.48,Upper_Division,93.2,19.07
REC-02362,8/23/2022,Quality_Season,8,403.51,79,17.95,3.24,100,27.8,20.8,74.6,4.7,West_Block,80.03,19.83
REC-02363,8/23/2022,Quality_Season,8,630.36,78.3,17.51,2.62,99.5,25.6,19.9,77.8,5.89,Lower_Division,125.67,19.94
REC-02364,8/22/2022,Quality_Season,8,715.53,73.9,17.28,3.14,109.7,27.9,22.4,72.1,3.11,Lower_Division,143.52,20.06
REC-02365,8/22/2022,Quality_Season,8,418.69,71.2,19.55,2.75,100.2,23.1,18.1,76.8,2.93,Upper_Division,76.16,18.19
REC-02366,8/22/2022,SW_Monsoon,8,483.94,81.2,16.77,2.73,97.1,31.3,23.1,87.8,8.09,West_Block,105.52,21.8
REC-02367,8/22/2022,Quality_Season,8,374.48,84.8,15.89,3.16,104.7,22.7,17.8,79.7,5.06,West_Block,73.96,19.75
REC-02368,8/21/2022,Quality_Season,8,523.89,78.9,16.32,2,101.1,22.9,16.5,81.4,4.8,East_Block,103.07,19.67
REC-02369,8/21/2022,SW_Monsoon,8,771.72,75.7,16.4,2.91,97.7,22.8,19.3,89.3,10.69,Lower_Division,172.83,22.4
REC-02370,8/20/2022,SW_Monsoon,8,670.7,74.8,16.24,3.25,85,24.3,19.7,82.2,11.1,Upper_Division,145.87,21.75
REC-02371,8/20/2022,Quality_Season,8,613.67,80,14.39,2.81,94.3,21.8,20.7,83.2,4.84,West_Block,114.08,18.59
REC-02372,8/20/2022,Quality_Season,8,608.49,77.2,15.69,2.7,100,19,22.8,84.7,3.73,West_Block,123.95,20.37
REC-02373,8/19/2022,SW_Monsoon,8,372.01,82.7,15.84,2.37,104.1,21.5,21.9,86,9.21,East_Block,78.15,21.01
REC-02374,8/19/2022,Quality_Season,8,541.34,83.7,15.87,2.56,105.1,23.5,17.7,74,4.19,West_Block,106.69,19.71
REC-02375,8/19/2022,SW_Monsoon,8,563.22,81.6,16.56,3.86,95.6,26,23.1,84.2,10.82,Lower_Division,125.79,22.33
REC-02376,8/19/2022,Quality_Season,8,739.16,81,18.27,3.3,100.6,27.1,21,72.5,4.14,West_Block,151.56,20.5
REC-02377,8/18/2022,SW_Monsoon,8,628.11,82.5,18.07,3.37,102.6,23.8,24,87.2,9.56,East_Block,139.76,22.25
REC-02378,8/18/2022,SW_Monsoon,8,409.73,77.7,14.79,4.34,100.1,25.6,20.9,84.3,8.84,West_Block,87.78,21.42
REC-02379,8/18/2022,SW_Monsoon,8,696.69,75.5,18.43,3.38,110.6,23.3,20.7,87.5,8.83,Lower_Division,149.89,21.52
REC-02380,8/17/2022,SW_Monsoon,8,428.24,78.3,15.69,2.47,101.2,19.2,23.5,80.7,8.77,West_Block,91.99,21.48
REC-02381,8/17/2022,SW_Monsoon,8,385.56,80.5,17.62,3.14,93.8,24.7,21.4,85.3,8.74,Lower_Division,81.92,21.25
REC-02382,8/16/2022,SW_Monsoon,8,505.03,74.2,17.35,2.39,100.9,27.3,22.3,83.5,8.34,Upper_Division,106.09,21.01
REC-02383,8/15/2022,Quality_Season,8,683.64,73.9,17.67,3.06,99.2,22,18.7,72.4,5.71,West_Block,138.64,20.28
REC-02384,8/15/2022,Quality_Season,8,572.18,81.7,17.79,2.53,103.4,22.6,22.3,74.1,3.72,East_Block,114.06,19.93
REC-02385,8/14/2022,SW_Monsoon,8,495.21,81.9,15.44,2.92,88.4,18,21.6,83.1,11.4,Middle_Division,105.04,21.21
REC-02386,8/13/2022,SW_Monsoon,8,369.51,74.1,17.15,2.11,92.2,24.7,19.7,80.1,8.92,Middle_Division,76.84,20.79
REC-02387,8/12/2022,SW_Monsoon,8,585.07,83.1,16.21,3.02,94.7,21,22.6,86.2,11.6,West_Block,124.62,21.3
REC-02388,8/12/2022,Quality_Season,8,608.88,75.4,13.25,2.44,94,23.6,20.3,84.6,4.53,Lower_Division,118.7,19.5
REC-02389,8/12/2022,Quality_Season,8,528.11,78.6,14.12,2.71,96.3,22.6,21.4,83.9,5.77,Middle_Division,102.82,19.47
REC-02390,8/12/2022,Quality_Season,8,704.6,80.6,16.44,3.54,98.5,23.1,20.4,72.1,3.99,Middle_Division,141.92,20.14
REC-02391,8/11/2022,Quality_Season,8,655.56,83.7,17.12,2.55,103,26.5,20.2,72,3.53,East_Block,125.21,19.1
REC-02392,8/11/2022,Quality_Season,8,511.81,79.7,15.59,3.13,90.9,24.3,18.3,79.3,3.86,Middle_Division,101.14,19.76
REC-02393,8/10/2022,Quality_Season,8,729.23,81.7,16.27,2.23,99.9,26,19.6,72.2,5.27,Middle_Division,143.8,19.72
REC-02394,8/10/2022,SW_Monsoon,8,463.37,78.1,15.27,2.09,97.2,25,21,80.7,8.71,Lower_Division,103.35,22.3
REC-02395,8/10/2022,SW_Monsoon,8,690.96,78.7,14.82,3.27,98.6,23,20.8,88.9,6.7,Lower_Division,154.32,22.33
REC-02396,8/9/2022,Quality_Season,8,687.3,74.6,17.57,2.79,97.4,29.2,17.5,82.5,3.4,Upper_Division,134.13,19.52
REC-02397,8/9/2022,SW_Monsoon,8,701.25,76.5,14.86,2.38,96.8,25.8,19.7,89,9.37,East_Block,146.57,20.9
REC-02398,8/9/2022,SW_Monsoon,8,736.38,77.1,18.66,2.71,100.9,23.3,19.1,83.1,11.49,Lower_Division,165.73,22.51
REC-02399,8/8/2022,SW_Monsoon,8,497.67,76.8,15.04,3.26,90.3,27.7,23.9,82.1,10.19,West_Block,112.5,22.6
REC-02400,8/8/2022,SW_Monsoon,8,399.9,77.6,13.85,3.55,97.3,23.2,21.8,87.1,10.94,East_Block,86.95,21.74
REC-02401,8/8/2022,SW_Monsoon,8,576.52,79.6,16,3.38,99.8,22.4,17.2,81.1,11.25,Middle_Division,131.15,22.75
REC-02402,8/7/2022,Quality_Season,8,635.21,76.6,15.87,2.29,97.1,22.2,16.1,75.7,5.63,East_Block,130.28,20.51
REC-02403,8/6/2022,SW_Monsoon,8,552.99,81.8,17.23,2.76,102.6,27.7,18.3,82.7,8.23,East_Block,123.34,22.3
REC-02404,8/6/2022,SW_Monsoon,8,591.36,83.4,16.01,2.83,102.1,31.6,21.8,86.3,10.62,Lower_Division,130.36,22.04
REC-02405,8/6/2022,Quality_Season,8,547.05,75.6,17.25,2.59,98.8,19.6,21.7,73.4,4.94,Upper_Division,101.58,18.57
REC-02406,8/6/2022,SW_Monsoon,8,741.34,79.4,17.51,3.76,106.3,25.2,23.5,86.1,6.81,West_Block,154.33,20.82
REC-02407,8/5/2022,Quality_Season,8,694.89,80.1,16.67,2.59,102.1,24,21.8,74.1,3.32,East_Block,139.3,20.05
REC-02408,8/5/2022,Quality_Season,8,630.24,80.9,15.31,3.67,102.3,28,17.2,76.1,5.48,Lower_Division,125.46,19.91
REC-02409,8/4/2022,SW_Monsoon,8,368.76,72,14.37,2.51,89,28.3,17.6,89.7,11.35,Lower_Division,79.25,21.49
REC-02410,8/4/2022,Quality_Season,8,514.77,70.1,15,3.12,98,28,20.9,74.3,5.78,Lower_Division,100.91,19.6
REC-02411,8/4/2022,Quality_Season,8,513.73,79.6,19.49,3.77,100.5,25.2,20.8,83.2,3.92,East_Block,100.04,19.47
REC-02412,8/4/2022,SW_Monsoon,8,429.92,79.2,16.08,3.15,104.9,23.6,20.8,87.2,11.61,Middle_Division,97.72,22.73
REC-02413,8/3/2022,Quality_Season,8,496.27,80.9,15.26,3.22,90.3,24.4,19.8,74.2,3.55,West_Block,100.75,20.3
REC-02414,8/3/2022,Quality_Season,8,641.88,77.4,15.28,2.74,92.4,27.3,20.6,72.5,2.72,West_Block,127.08,19.8
REC-02415,8/3/2022,SW_Monsoon,8,491.1,75.8,17.34,2.25,92.6,23.7,17.9,83.9,11.33,Middle_Division,107.38,21.86
REC-02416,8/3/2022,SW_Monsoon,8,657.6,83.8,15.91,3.2,85.1,25.6,18.3,81.8,7.13,Upper_Division,139.01,21.14
REC-02417,8/2/2022,Quality_Season,8,586.06,77.3,14.68,2.85,101.7,26,20.8,73.4,4.03,Upper_Division,119.33,20.36
REC-02418,8/2/2022,SW_Monsoon,8,714.32,80.3,16.46,3.59,93,23,19,89.2,6.8,Upper_Division,140.34,19.65
REC-02419,8/2/2022,Quality_Season,8,409.11,81.1,16.74,2.9,94.9,32.9,20.2,79.1,3.49,East_Block,77.51,18.94
REC-02420,8/1/2022,SW_Monsoon,8,302.88,78.8,15.88,2,98.5,27.6,21.5,84.8,9.51,Lower_Division,68.92,22.76
REC-02421,8/1/2022,SW_Monsoon,8,683.88,75.6,16.41,3.18,94.9,30.2,21.4,80,9.24,Upper_Division,148.1,21.66
REC-02422,7/31/2022,SW_Monsoon,7,553.79,79.9,14.74,2.25,102.3,25.1,18.3,79.3,9.37,Upper_Division,120.96,21.84
REC-02423,7/31/2022,SW_Monsoon,7,585.6,76.7,14.43,3.06,98.8,23.5,20.1,85.4,10.92,West_Block,134.6,22.98
REC-02424,7/30/2022,Quality_Season,7,334.14,73.5,12.8,4.26,88.5,25.2,17.8,74.6,3.59,Middle_Division,60.52,18.11
REC-02425,7/30/2022,Quality_Season,7,606.85,78,16.76,3.63,92,27.8,16.4,82.6,3.24,Upper_Division,116,19.11
REC-02426,7/30/2022,Quality_Season,7,612.14,80.3,18.89,3.49,105,22.8,19,74,4.1,Upper_Division,121.42,19.83
REC-02427,7/30/2022,SW_Monsoon,7,678.97,73,14.1,3.26,97.2,28.3,22.3,88.9,8.86,West_Block,140.6,20.71
REC-02428,7/29/2022,SW_Monsoon,7,615.91,77.9,16.29,3.08,92.8,28.4,23.3,84.2,6.79,West_Block,130.24,21.15
REC-02429,7/28/2022,Quality_Season,7,600.82,77.6,15.18,3.33,100.4,24.7,21.8,81.4,5.35,Middle_Division,116.73,19.43
REC-02430,7/28/2022,Quality_Season,7,781.98,77.5,17.46,3.58,94.5,25.4,16.2,78.5,5.54,Middle_Division,149.7,19.14
REC-02431,7/27/2022,SW_Monsoon,7,480.65,80.1,14.62,4.31,97.5,22.9,17.9,83.8,7.46,East_Block,104.78,21.8
REC-02432,7/27/2022,Quality_Season,7,516.77,81.4,16.16,3.45,98.9,31.4,18.4,72.2,2.74,Upper_Division,100.01,19.35
REC-02433,7/27/2022,Quality_Season,7,711.52,76.5,14.81,2.33,92.9,26.6,17.8,75.7,6,Lower_Division,141.65,19.91
REC-02434,7/26/2022,Quality_Season,7,421.78,76.7,14.87,3.86,94.7,24.6,18.4,75.2,4.85,Lower_Division,79.88,18.94
REC-02435,7/26/2022,SW_Monsoon,7,459.44,79.5,15.2,3.08,95.2,22.2,21.3,89.8,7.04,Upper_Division,103.34,22.49
REC-02436,7/26/2022,SW_Monsoon,7,498.32,75.7,17.71,2.99,92.2,25.1,17.1,86.7,9.11,Upper_Division,102.55,20.58
REC-02437,7/26/2022,SW_Monsoon,7,451.96,84.2,16.96,2.26,101.9,26.6,20,86.1,8.75,Lower_Division,99.33,21.98
REC-02438,7/25/2022,Quality_Season,7,675.46,75.8,16.17,3.06,104.4,25.3,18.5,79,4.82,Lower_Division,143.86,21.3
REC-02439,7/25/2022,Quality_Season,7,465.21,76.5,16.49,3.25,92.2,29.3,16.9,74.5,4.53,Lower_Division,91.22,19.61
REC-02440,7/25/2022,SW_Monsoon,7,569.63,76.9,14.71,2.8,101.1,21.7,17.7,85.8,11.5,Upper_Division,122.1,21.44
REC-02441,7/25/2022,SW_Monsoon,7,536.04,74.9,16.24,3.18,94.6,20.6,21.7,82,9.53,Middle_Division,112.43,20.97
REC-02442,7/24/2022,Quality_Season,7,499.35,76.2,16.05,3.26,104.3,23.3,17.8,79.5,4.49,Middle_Division,102.41,20.51
REC-02443,7/24/2022,Quality_Season,7,761.62,80.7,13.66,2.85,98.3,30.8,17.1,76.3,3.77,Upper_Division,144.68,19
REC-02444,7/24/2022,SW_Monsoon,7,618.31,80.2,16.73,2.38,103.2,26.7,21.9,78.8,6.88,East_Block,133.13,21.53
REC-02445,7/24/2022,SW_Monsoon,7,621.93,81,16.74,2.07,100.1,28.5,21.7,89.4,8.5,Upper_Division,129.71,20.86
REC-02446,7/24/2022,Quality_Season,7,504.17,81.4,17.13,2.75,102.9,28.9,19.4,80.9,5.74,Lower_Division,100.1,19.85
REC-02447,7/24/2022,SW_Monsoon,7,344.66,77.4,16.31,2.31,93.2,27.2,19.6,89,8.78,Upper_Division,69.94,20.29
REC-02448,7/23/2022,SW_Monsoon,7,289.74,74.9,13.82,2.56,93,23.4,21.4,82.6,10.23,Lower_Division,62.87,21.7
REC-02449,7/22/2022,Quality_Season,7,729.88,76.7,14.93,2.7,95.3,28.5,20.4,84.4,5.68,Upper_Division,138.43,18.97
REC-02450,7/21/2022,Quality_Season,7,786.28,71.2,20,2.56,92.6,25.1,20.8,78.6,5.84,Middle_Division,143.35,18.23
REC-02451,7/21/2022,Quality_Season,7,726.32,80.4,14.71,3.09,99.8,27.2,18.2,81.8,5.28,Upper_Division,144.92,19.95
REC-02452,7/21/2022,Quality_Season,7,486.21,75.1,17.55,3.27,100.6,27.3,17.3,73.2,4.58,East_Block,98.89,20.34
REC-02453,7/21/2022,SW_Monsoon,7,620.01,75.4,16.69,2.73,93.5,27.4,18.1,80.2,11.06,Lower_Division,136.74,22.05
REC-02454,7/20/2022,Quality_Season,7,457.33,77.6,15.66,2,103.7,25.2,21.1,82.8,4.29,West_Block,87.89,19.22
REC-02455,7/20/2022,SW_Monsoon,7,633.1,79.9,16.15,2.55,95.8,26.8,18.5,87.2,9.58,East_Block,139.63,22.05
REC-02456,7/20/2022,SW_Monsoon,7,551.38,78.7,17.15,2,98,27,18.2,82.8,7.45,East_Block,118.94,21.57
REC-02457,7/20/2022,Quality_Season,7,729.4,80.3,13.07,2.83,101.7,28.4,18.3,74.1,4.34,Upper_Division,141.04,19.34
REC-02458,7/20/2022,Quality_Season,7,619.2,79.3,16.83,2.84,85.8,29,21.9,73,5.68,Upper_Division,115.09,18.59
REC-02459,7/19/2022,SW_Monsoon,7,607.46,85,15.29,3.66,99,23.8,23.6,81.6,7.7,East_Block,125.73,20.7
REC-02460,7/18/2022,SW_Monsoon,7,787.45,75,17.73,3.19,97.7,24.1,20,85.6,8.7,West_Block,173.22,22
REC-02461,7/18/2022,Quality_Season,7,469.19,77.2,13.02,2.88,97.2,24.3,17.4,77.5,4.75,Lower_Division,98.1,20.91
REC-02462,7/18/2022,SW_Monsoon,7,598.46,77.3,15.37,2.76,93.4,32.7,20.9,79.2,8.78,Lower_Division,133.01,22.22
REC-02463,7/18/2022,SW_Monsoon,7,435.45,77.7,16.27,2.68,94.1,30.3,20.2,79.5,8.86,Upper_Division,90.19,20.71
REC-02464,7/18/2022,SW_Monsoon,7,782.45,79.5,15.74,2.68,98.5,29.5,19.3,83.9,11.31,Lower_Division,177.28,22.66
REC-02465,7/18/2022,SW_Monsoon,7,608.44,76.5,14.8,3.43,99.8,24.2,17.9,89.2,8.8,East_Block,131.32,21.58
REC-02466,7/17/2022,Quality_Season,7,642.3,78.8,13.58,2.82,103.4,24.5,20.9,81.6,3.58,Lower_Division,129.25,20.12
REC-02467,7/17/2022,Quality_Season,7,658.57,82.1,17.41,2.96,97.7,25.8,20.8,82.1,4.03,Middle_Division,129.11,19.6
REC-02468,7/17/2022,Quality_Season,7,521.34,82.7,17.88,2.71,95.5,26.4,18.8,78.4,4.5,East_Block,98.58,18.91
REC-02469,7/17/2022,Quality_Season,7,551.48,75.6,12.33,2.81,92.2,20.5,23,73,4.81,Lower_Division,107.6,19.51
REC-02470,7/16/2022,Quality_Season,7,478.46,74,15.38,2.45,91.6,20.1,18.9,81.2,3.49,Upper_Division,81.3,16.99
REC-02471,7/16/2022,Quality_Season,7,359.15,76.9,16.09,2.98,98.3,24.9,22.9,80.2,3.85,Lower_Division,74.22,20.66
REC-02472,7/15/2022,SW_Monsoon,7,619.91,78.9,14.26,2.21,100.8,28.4,18.8,85.8,7.26,East_Block,132,21.29
REC-02473,7/15/2022,Quality_Season,7,673.74,81.2,15.07,2.43,104.6,25.1,20.5,78.4,4.18,Middle_Division,130.35,19.35
REC-02474,7/14/2022,SW_Monsoon,7,495.86,75.7,17.65,3.28,93,24.6,17.6,85.2,6.8,Upper_Division,102.64,20.7
REC-02475,7/14/2022,Quality_Season,7,513.66,83.3,15.03,4.08,95.4,23.6,18.4,83,5.28,West_Block,99.64,19.4
REC-02476,7/14/2022,SW_Monsoon,7,437.37,77.5,12.4,4.02,93.2,25.5,20.9,88.9,6.68,East_Block,89.09,20.37
REC-02477,7/14/2022,SW_Monsoon,7,450,78.4,17.12,3.33,93.2,20.3,20.4,83.5,10.12,West_Block,99.9,22.2
REC-02478,7/14/2022,Quality_Season,7,532.19,77.4,17.45,2.63,96.5,23.4,21.6,82.5,4.06,East_Block,104.52,19.64
REC-02479,7/13/2022,Quality_Season,7,381.96,74.3,17.06,2.44,99.2,28.3,17.4,83.5,3.63,East_Block,69.97,18.32
REC-02480,7/13/2022,Quality_Season,7,525.33,77.2,15.36,3.21,102,20.4,21,84.6,5.38,Upper_Division,101.85,19.39
REC-02481,7/13/2022,SW_Monsoon,7,525.15,76.5,15.42,2.59,89.9,29.2,18,79.9,9.8,Upper_Division,105.3,20.05
REC-02482,7/12/2022,SW_Monsoon,7,498.19,72.3,17.33,2.44,88.7,26.8,19.7,81.1,11.19,Upper_Division,98.82,19.84
REC-02483,7/12/2022,SW_Monsoon,7,368.07,85,15.44,3.42,102.4,18,22.7,79.7,9.94,Middle_Division,80.83,21.96
REC-02484,7/11/2022,Quality_Season,7,559.63,79.1,15.39,3.6,99,27.3,22.2,77.3,3.12,West_Block,113.51,20.28
REC-02485,7/11/2022,SW_Monsoon,7,562.68,78.9,14.84,3.58,103.8,28.1,17.6,79.3,10.99,West_Block,122.82,21.83
REC-02486,7/11/2022,SW_Monsoon,7,587.96,76.8,16.99,2.66,102.5,27.2,21.3,80.8,9.29,West_Block,129.45,22.02
REC-02487,7/11/2022,SW_Monsoon,7,508.16,76.4,16.18,3.53,92,23.8,23.2,86.1,9.16,Upper_Division,107.23,21.1
REC-02488,7/11/2022,SW_Monsoon,7,542.27,76.9,14.18,2.68,85.5,29.2,21.6,79.4,8.15,Middle_Division,115.32,21.27
REC-02489,7/10/2022,SW_Monsoon,7,478.95,82.7,17.6,3.18,90.9,22.2,22.9,89.5,9.51,Upper_Division,101.92,21.28
REC-02490,7/10/2022,SW_Monsoon,7,662.19,79.4,15.7,3.64,90.9,21.6,19,89,7.58,West_Block,137.01,20.69
REC-02491,7/10/2022,SW_Monsoon,7,363.27,77.9,17.7,3.19,104.5,25.5,17.5,84.9,11.61,Middle_Division,78.68,21.66
REC-02492,7/10/2022,SW_Monsoon,7,498.84,79.8,14.67,3.67,94.5,26.2,21.5,87.2,10.36,Upper_Division,105.81,21.21
REC-02493,7/10/2022,Quality_Season,7,561,78.5,16.78,3.22,99.8,26.8,20.1,75.1,3.39,Upper_Division,113.09,20.16
REC-02494,7/10/2022,SW_Monsoon,7,570.32,75.4,14.96,2.8,99.4,24.1,18.9,80.4,7.66,Middle_Division,128.33,22.5
REC-02495,7/9/2022,Quality_Season,7,585.63,79.4,18.79,2.94,100.4,26,18.4,73.4,4.94,Upper_Division,113.22,19.33
REC-02496,7/9/2022,Quality_Season,7,611.63,74.6,16.33,3.85,102.6,28.3,19.1,83.1,3.97,Upper_Division,107.91,17.64
REC-02497,7/9/2022,SW_Monsoon,7,514.77,78,12.95,3.3,99.6,22,19.6,84.6,8.75,West_Block,111.85,21.73
REC-02498,7/9/2022,Quality_Season,7,491.66,81.4,17.02,2.71,98.8,25.3,21.5,84.3,3.39,Middle_Division,98.22,19.98
REC-02499,7/8/2022,SW_Monsoon,7,452.53,80.2,16.83,3.1,92,23.5,22.9,87.7,9.56,Middle_Division,97.84,21.62
REC-02500,7/8/2022,SW_Monsoon,7,468.38,82.6,15.31,2.2,91.9,27,23.4,79.7,6.97,East_Block,92.78,19.81
REC-02501,7/8/2022,SW_Monsoon,7,389.38,75.4,13.79,2.85,97.8,25,18.1,87.3,8.04,West_Block,84.31,21.65
REC-02502,7/8/2022,Quality_Season,7,407.32,77.3,14.34,3.23,100,24.2,20.4,82.5,5.88,Lower_Division,85.07,20.88
REC-02503,7/8/2022,Quality_Season,7,410.21,75.9,17.5,2.99,94,26.5,21.2,82.9,3.93,Middle_Division,82.53,20.12
REC-02504,7/7/2022,Quality_Season,7,632.98,84.1,12.61,2.37,98.5,22,21.7,81,3.04,West_Block,119.97,18.95
REC-02505,7/7/2022,SW_Monsoon,7,552.04,78,13.7,3.05,101.3,24.7,17.9,84.9,9.14,Upper_Division,118.21,21.41
REC-02506,7/7/2022,SW_Monsoon,7,837.65,77.2,17.94,2,110.6,27,20.2,84.3,9.95,Middle_Division,171.67,20.49
REC-02507,7/5/2022,Quality_Season,7,691.66,80.3,17.02,2.86,102.8,23.2,20.6,73.3,2.73,Middle_Division,131.98,19.08
REC-02508,7/4/2022,Quality_Season,7,496.65,80.2,13.95,2.52,96.5,22.3,22.1,77,5.67,West_Block,98.62,19.86
REC-02509,7/3/2022,SW_Monsoon,7,425.12,76.3,16.1,3.37,94.6,25,20.7,86.3,6.85,Middle_Division,94.5,22.23
REC-02510,7/3/2022,Quality_Season,7,542.21,78,15.89,2.45,105.5,27.8,16.6,77.9,3.93,Upper_Division,104.78,19.32
REC-02511,7/3/2022,SW_Monsoon,7,679.89,73.1,15.95,2.57,94.3,25.7,19,79.8,11.64,West_Block,153.73,22.61
REC-02512,7/3/2022,SW_Monsoon,7,572.49,78.6,16.7,3.52,98.3,21.9,19.6,83.4,11.34,Middle_Division,125.67,21.95
REC-02513,7/3/2022,SW_Monsoon,7,454.84,76.8,17.61,2.56,101.1,28.8,21.3,87.9,7.94,East_Block,97.53,21.44
REC-02514,7/2/2022,SW_Monsoon,7,755.36,83.8,12.98,2.82,93.3,27,20.8,84.1,11.39,Upper_Division,150.9,19.98
REC-02515,7/2/2022,SW_Monsoon,7,442.83,74.3,16.18,2.49,94.2,26.9,19.7,80.1,11.1,Upper_Division,93.48,21.11
REC-02516,7/2/2022,Quality_Season,7,441.92,79.4,14.92,3.29,102,29.3,22.6,79.8,3.18,West_Block,83.89,18.98
REC-02517,7/2/2022,Quality_Season,7,575.38,82.5,17.17,2,97.8,22.4,22.8,80.7,4.87,East_Block,109.5,19.03
REC-02518,7/1/2022,Quality_Season,7,438.62,81.2,15.85,2.71,109.3,29.4,20.3,75.8,5.46,East_Block,84.63,19.29
REC-02519,7/1/2022,Quality_Season,7,578.05,76.3,13.29,2.62,99.9,28.4,17.7,78.4,4.77,Middle_Division,114.55,19.82
REC-02520,7/1/2022,SW_Monsoon,7,736.31,74.4,14.79,2.54,103.3,28,22,83.2,10.99,Lower_Division,162.73,22.1
REC-02521,6/30/2022,SW_Monsoon,6,379.66,76.4,13.03,3.36,105.2,24.2,21.3,88.8,13.29,West_Block,83.37,21.96
REC-02522,6/30/2022,SW_Monsoon,6,477.77,80.4,16.79,4.01,95.9,27.5,24,91.4,11.3,East_Block,106.1,22.21
REC-02523,6/29/2022,SW_Monsoon,6,689.43,75.9,17.01,2.94,103.4,22.8,23,82.2,11,East_Block,155.96,22.62
REC-02524,6/29/2022,SW_Monsoon,6,470.76,74.1,12.68,3.3,94.6,21.7,19.8,85.2,11.42,Middle_Division,99.26,21.09
REC-02525,6/29/2022,SW_Monsoon,6,456.95,70.9,16.32,2.6,105.7,21.6,22.1,82.4,14.52,Middle_Division,100.02,21.89
REC-02526,6/28/2022,SW_Monsoon,6,491.31,80.5,15.42,3.94,101.5,30.7,18.8,85.7,10.71,West_Block,109.15,22.22
REC-02527,6/28/2022,SW_Monsoon,6,563.51,77.9,14.83,3.63,95.9,21.3,22.8,89.8,13.03,Upper_Division,119.84,21.27
REC-02528,6/28/2022,SW_Monsoon,6,621.33,77.1,15.79,2.96,102.4,24.2,20.6,82.5,8.89,West_Block,143.44,23.09
REC-02529,6/28/2022,SW_Monsoon,6,665.51,80.3,14.92,2.97,105.7,21.5,22.3,84.9,12.57,Middle_Division,146.98,22.09
REC-02530,6/27/2022,SW_Monsoon,6,474.1,75.2,13.35,3.44,91.5,26.9,23.4,81.5,12.67,East_Block,106.12,22.38
REC-02531,6/27/2022,SW_Monsoon,6,479.65,79.8,16.18,2.93,106.3,27.6,21.7,83.2,9.28,West_Block,104.35,21.75
REC-02532,6/27/2022,SW_Monsoon,6,541.84,77.1,17.67,2.7,96,30.3,19.2,81.6,12.43,Upper_Division,116.95,21.58
REC-02533,6/27/2022,SW_Monsoon,6,603.32,76.1,18.91,2.34,102.3,27.6,23,87,12.52,Lower_Division,137.6,22.81
REC-02534,6/27/2022,SW_Monsoon,6,642.32,76.6,16.25,3.26,93.4,25.5,20.6,82.4,14.32,Lower_Division,145.63,22.67
REC-02535,6/26/2022,SW_Monsoon,6,636.96,76.8,16.76,3.44,104.8,26.6,23.2,86.2,11.74,East_Block,146.58,23.01
REC-02536,6/25/2022,SW_Monsoon,6,626.59,79.6,16.65,4.18,98.7,23.8,21.1,87.4,14.43,Upper_Division,136.29,21.75
REC-02537,6/25/2022,SW_Monsoon,6,629.37,76.8,13.6,3.15,102.2,26.6,22.4,82.6,10.74,West_Block,145.23,23.08
REC-02538,6/24/2022,SW_Monsoon,6,590.66,80.4,15.4,3.52,94.3,21.1,19.5,81.6,9.95,Middle_Division,128.72,21.79
REC-02539,6/24/2022,SW_Monsoon,6,765.4,84.5,17.64,3.23,90.8,24.4,23.3,85.1,9.18,Middle_Division,162.46,21.23
REC-02540,6/24/2022,SW_Monsoon,6,738.56,78,16.01,3.51,100.1,26.4,23.6,84.8,10.88,Upper_Division,163.97,22.2
REC-02541,6/24/2022,SW_Monsoon,6,712.79,72.4,16.96,2.4,99.1,26.8,18.1,85.2,13.37,West_Block,161.8,22.7
REC-02542,6/24/2022,SW_Monsoon,6,606.09,76.9,15.26,2.36,104.1,21.8,23.8,86.1,12.05,Upper_Division,131.61,21.71
REC-02543,6/24/2022,SW_Monsoon,6,403.83,78.7,16.85,2.96,97.6,25.3,22.1,83.9,11.22,West_Block,93.29,23.1
REC-02544,6/23/2022,SW_Monsoon,6,565.54,78.3,19.95,2.58,94.3,22.7,18.5,86.7,14.47,Lower_Division,129.72,22.94
REC-02545,6/23/2022,SW_Monsoon,6,425.82,81,16.92,2.79,98.5,27.7,18.6,90.9,11.81,West_Block,97.57,22.91
REC-02546,6/22/2022,SW_Monsoon,6,593.13,75,15.28,3.39,98,27,24.9,88,8.79,West_Block,133,22.42
REC-02547,6/22/2022,SW_Monsoon,6,544.55,75.7,15.81,3.42,94.6,29.2,18.1,80.2,8.53,Middle_Division,121.57,22.32
REC-02548,6/22/2022,SW_Monsoon,6,586.7,79.3,16.92,2.82,99.4,23.9,22.5,86.2,11.96,East_Block,134.59,22.94
REC-02549,6/21/2022,SW_Monsoon,6,663.73,79.3,15.25,2.9,89.6,21.3,22.9,89.4,14,Middle_Division,143.35,21.6
REC-02550,6/21/2022,SW_Monsoon,6,550.81,81.8,14.45,2.94,101.9,25,18.7,81.8,8.64,Lower_Division,125.58,22.8
REC-02551,6/21/2022,SW_Monsoon,6,636.01,80.4,18.11,2.35,95.4,25.1,21.4,92,10.89,Upper_Division,139.55,21.94
REC-02552,6/20/2022,SW_Monsoon,6,837.28,82,15.97,2.68,95.2,23.9,24.4,80.5,13.68,Middle_Division,191.76,22.9
REC-02553,6/20/2022,SW_Monsoon,6,258.63,80.9,15.21,3.36,97.9,21.1,19.2,85,11.34,Upper_Division,55.54,21.47
REC-02554,6/20/2022,SW_Monsoon,6,512.29,76.5,16.31,4.02,103,26.6,22.3,87.7,11.65,Middle_Division,115.98,22.64
REC-02555,6/20/2022,SW_Monsoon,6,386.99,75.6,15.08,3.26,97.6,25.6,24.4,91.4,13.97,East_Block,89.29,23.07
REC-02556,6/19/2022,SW_Monsoon,6,636.63,73.2,14.69,3.01,100.1,26.5,22.8,82.5,13.13,East_Block,139.04,21.84
REC-02557,6/19/2022,SW_Monsoon,6,595.16,74.1,14.42,2.12,102.7,22,21.4,91.7,13.42,Middle_Division,137.1,23.04
REC-02558,6/19/2022,SW_Monsoon,6,629.15,77.4,14.68,3.78,95.5,22.3,19.2,89.7,10.06,Middle_Division,140.06,22.26
REC-02559,6/19/2022,SW_Monsoon,6,627.08,78.6,13.67,2.58,102.7,23.7,21.4,86.2,14.55,Upper_Division,137.24,21.89
REC-02560,6/18/2022,SW_Monsoon,6,405.97,79.7,16.87,2.66,95.8,27.7,18.4,81.3,8.93,Upper_Division,90.63,22.33
REC-02561,6/18/2022,SW_Monsoon,6,760.23,78.3,17.43,3.67,98.1,27.5,21.4,89.5,11.05,Lower_Division,175,23.02
REC-02562,6/18/2022,SW_Monsoon,6,615.31,80.2,18.23,2.17,96.2,24.3,23.6,80.4,9.88,Lower_Division,133.77,21.74
REC-02563,6/17/2022,SW_Monsoon,6,460.9,73.3,15.17,3.32,94.5,19.9,24.8,85.4,14.52,Middle_Division,98.83,21.44
REC-02564,6/17/2022,SW_Monsoon,6,820.47,78,17.85,3.38,94.7,24.3,22.1,89.6,10,East_Block,182.14,22.2
REC-02565,6/16/2022,SW_Monsoon,6,570.39,78.2,16.76,3.11,99.5,21.7,21.2,91.5,10.3,Lower_Division,128.49,22.53
REC-02566,6/16/2022,SW_Monsoon,6,408.89,79.8,16.75,3.32,95.9,26.6,23.4,85.5,13.19,Lower_Division,93.98,22.98
REC-02567,6/16/2022,SW_Monsoon,6,417.37,81.6,15.48,2.22,93.8,19.9,22.9,86.1,14.46,West_Block,92.48,22.16
REC-02568,6/16/2022,SW_Monsoon,6,533.24,72.8,16.74,2.55,95.3,25,23.9,83.4,9.38,East_Block,118.28,22.18
REC-02569,6/16/2022,SW_Monsoon,6,420.96,78,14.78,3.38,98.9,24.5,19.5,91.1,8.45,Upper_Division,95.21,22.62
REC-02570,6/15/2022,SW_Monsoon,6,361.39,76.2,15.8,2.25,101.2,27.3,19.1,80.1,10.58,Upper_Division,82.57,22.85
REC-02571,6/15/2022,SW_Monsoon,6,629.14,73.6,17.7,3.74,103.7,22.8,22.3,80.8,10.3,Upper_Division,133.62,21.24
REC-02572,6/15/2022,SW_Monsoon,6,523.68,78,18.7,2.88,102,24.6,20.2,90.4,10.56,West_Block,120.09,22.93
REC-02573,6/14/2022,SW_Monsoon,6,322.48,83.9,16.46,3.63,95.5,23,22,89.2,13.31,Middle_Division,69.92,21.68
REC-02574,6/14/2022,SW_Monsoon,6,419.71,73.2,15.21,3.1,104.8,28.3,23.2,84.3,11.44,Middle_Division,94.06,22.41
REC-02575,6/14/2022,SW_Monsoon,6,441.85,83.1,13.08,3.94,92.5,19.5,18.1,87.5,14.2,Upper_Division,90.87,20.57
REC-02576,6/14/2022,SW_Monsoon,6,361.98,75.3,16.35,2.95,95.8,22,24.7,82.9,9.2,East_Block,81.33,22.47
REC-02577,6/13/2022,SW_Monsoon,6,468.32,78.5,16.59,3.36,94,20.9,24,83.8,10.26,West_Block,104.8,22.38
REC-02578,6/13/2022,SW_Monsoon,6,507.81,73.4,15.87,2.75,103.1,26.4,22.9,89.8,10.65,Upper_Division,113.85,22.42
REC-02579,6/13/2022,SW_Monsoon,6,815.41,72.5,17.54,3.05,101.5,25,19.4,83.6,12.91,Upper_Division,183.88,22.55
REC-02580,6/12/2022,SW_Monsoon,6,647.48,80.3,13.16,3.36,102.7,18.3,20.9,85.2,10.66,Middle_Division,141.79,21.9
REC-02581,6/11/2022,SW_Monsoon,6,513.37,78.3,15.73,2.9,99.7,24.3,23.3,81.5,12.97,East_Block,118.09,23
REC-02582,6/11/2022,SW_Monsoon,6,656.19,75.3,19.56,2.98,92.5,20.1,23.4,80.7,12.64,West_Block,143.42,21.86
REC-02583,6/11/2022,SW_Monsoon,6,636.32,79,13.66,3.49,99.9,20.7,22.3,82.6,9.11,West_Block,142.62,22.41
REC-02584,6/9/2022,SW_Monsoon,6,481.18,81.5,17.17,2.86,102.4,24.7,19.9,83.1,12.12,Lower_Division,110.06,22.87
REC-02585,6/9/2022,SW_Monsoon,6,410.3,77.2,14.92,3.64,99.9,26.9,18.7,88.9,12.2,East_Block,90.64,22.09
REC-02586,6/9/2022,SW_Monsoon,6,550.15,74.1,15.3,3.75,101.4,21.6,23.1,91.2,14.83,Middle_Division,123.94,22.53
REC-02587,6/8/2022,SW_Monsoon,6,398,79.6,16.91,2.68,100.1,26.5,24.8,81.8,14.38,Lower_Division,91,22.87
REC-02588,6/8/2022,SW_Monsoon,6,819.73,70.4,15.16,2.94,99.1,25.3,20.3,91.7,13.17,Middle_Division,188.5,22.99
REC-02589,6/8/2022,SW_Monsoon,6,506.64,78.1,15.96,4.09,101.8,22.2,19,87.3,9.88,Upper_Division,111.14,21.94
REC-02590,6/7/2022,SW_Monsoon,6,546,79.9,13.73,3.16,98.4,23.7,19.4,87.5,13.82,Lower_Division,124.33,22.77
REC-02591,6/7/2022,SW_Monsoon,6,577.26,73.4,14.27,2.95,97.3,24,18.3,86,14.52,Middle_Division,131.92,22.85
REC-02592,6/6/2022,SW_Monsoon,6,456.76,78.9,15.41,3.06,96,20.5,23.8,88.8,10.18,Upper_Division,100.15,21.93
REC-02593,6/5/2022,SW_Monsoon,6,458.81,78.8,16.52,2.47,101.9,21.3,23.1,80.7,9.44,Middle_Division,101.02,22.02
REC-02594,6/4/2022,SW_Monsoon,6,596.25,77.6,16.07,2.42,105.5,24.6,20.5,88.6,8.55,East_Block,130.25,21.85
REC-02595,6/4/2022,SW_Monsoon,6,522.19,82.1,16.41,2.71,97.7,25.4,21.7,89,10.61,Middle_Division,119.35,22.86
REC-02596,6/3/2022,SW_Monsoon,6,590.35,78.6,16.15,2,93.6,25.1,20.4,82.9,8.56,East_Block,129.69,21.97
REC-02597,6/3/2022,SW_Monsoon,6,566.05,75.5,17.86,3.19,99.7,18.9,21.2,87.8,10.78,Middle_Division,126.07,22.27
REC-02598,6/3/2022,SW_Monsoon,6,562.08,76.4,16.57,2.59,92.3,22.3,24.1,85,14.75,Upper_Division,126.31,22.47
REC-02599,6/2/2022,SW_Monsoon,6,552.07,78.5,16.2,3.38,92.7,18.9,20,91.1,14.41,East_Block,123.42,22.36
REC-02600,6/2/2022,SW_Monsoon,6,559.48,77.1,14.17,2.92,97.7,29.9,24.2,87,13.16,West_Block,128.67,23
REC-02601,6/1/2022,SW_Monsoon,6,485.27,82,18.44,3.4,98.4,29.3,23.5,81.4,11.82,East_Block,104.22,21.48
REC-02602,6/1/2022,SW_Monsoon,6,387.01,82.3,16.74,2.41,99,30.5,20.9,84.6,9.97,Upper_Division,81.39,21.03
REC-02603,6/1/2022,SW_Monsoon,6,644.25,79.3,14.95,2.49,102.6,21,18.1,84.3,14.75,East_Block,139.94,21.72
REC-02604,5/31/2022,SW_Monsoon,5,276.75,78,14.69,2.54,103.5,25.5,21.1,86.6,11.68,Middle_Division,61.99,22.4
REC-02605,5/31/2022,SW_Monsoon,5,490.22,78.3,18.25,3.12,101.4,22.8,23.1,88.2,12.6,Middle_Division,110.88,22.62
REC-02606,5/31/2022,SW_Monsoon,5,486.64,80.6,18.29,3.13,95.1,23.5,24.2,80.5,11.99,West_Block,111.4,22.89
REC-02607,5/31/2022,SW_Monsoon,5,486.86,76.7,15.14,4.26,99.9,24.8,23.8,85.3,9.46,East_Block,106.66,21.91
REC-02608,5/31/2022,SW_Monsoon,5,509.45,73.4,12,4.5,98.7,25.3,21.4,82.5,14.92,Middle_Division,107.87,21.17
REC-02609,5/31/2022,SW_Monsoon,5,702.13,76.6,16.4,3,95.2,21,20.6,91.8,13.15,East_Block,161.02,22.93
REC-02610,5/30/2022,SW_Monsoon,5,624.04,83.1,13.88,3.07,102.7,24,21.7,88.3,13.75,Lower_Division,143.35,22.97
REC-02611,5/30/2022,SW_Monsoon,5,487.11,77.3,13.47,2.3,109.9,26,18.4,82.7,10.68,Middle_Division,106.21,21.8
REC-02612,5/30/2022,SW_Monsoon,5,548.74,76.7,13.53,2.91,94.7,22,24,84.6,14.88,East_Block,126.25,23.01
REC-02613,5/29/2022,SW_Monsoon,5,504.51,79.2,16.15,3.51,97.8,27.1,22.7,80.5,14.79,Middle_Division,113.42,22.48
REC-02614,5/29/2022,SW_Monsoon,5,474.5,74,18.06,3.02,92.4,21.3,22.5,90.6,12.06,Lower_Division,104.49,22.02
REC-02615,5/29/2022,SW_Monsoon,5,369.33,75.2,14.5,3.41,98.8,27.2,22.3,88.8,10.09,Lower_Division,84.85,22.97
REC-02616,5/29/2022,SW_Monsoon,5,476.65,83.4,16.94,3.29,93.8,31.2,23.3,90.3,9.93,Middle_Division,104.47,21.92
REC-02617,5/29/2022,SW_Monsoon,5,480.88,83.2,15.54,2,92.5,27.8,22,81.3,10.68,Lower_Division,108.26,22.51
REC-02618,5/29/2022,SW_Monsoon,5,692.85,77.8,14.08,2.45,99.4,25.3,19.3,88.3,14.76,Middle_Division,149.34,21.55
REC-02619,5/29/2022,SW_Monsoon,5,503.41,78.7,15.57,3.63,101.9,26.6,19,83.8,10.63,Upper_Division,110.05,21.86
REC-02620,5/28/2022,SW_Monsoon,5,701.93,77.2,15.92,3.21,100.1,22.4,24.9,87.9,14.88,West_Block,157.23,22.4
REC-02621,5/28/2022,SW_Monsoon,5,267.71,72.9,16.36,3.38,91.2,21.3,18.2,87.1,9.15,Upper_Division,56.22,21
REC-02622,5/27/2022,SW_Monsoon,5,582.68,80.1,14.22,2.65,93.6,29.2,23.2,85.8,11.36,Lower_Division,130.19,22.34
REC-02623,5/26/2022,SW_Monsoon,5,744.95,80.7,14.95,2.58,92.2,24.5,22.1,81.3,9.53,Middle_Division,164.88,22.13
REC-02624,5/26/2022,SW_Monsoon,5,342.72,74.1,17.86,3.24,92.8,24,23.8,81.6,9.19,Upper_Division,72.91,21.27
REC-02625,5/25/2022,SW_Monsoon,5,557.28,83.7,13.11,3.85,97.7,24.7,19.7,86.1,12.87,East_Block,118.2,21.21
REC-02626,5/25/2022,SW_Monsoon,5,735.6,75.6,14.84,2.95,104.8,23.3,20.9,84.4,10.66,East_Block,166.74,22.67
REC-02627,5/24/2022,SW_Monsoon,5,402.21,81.1,18.04,2.45,107,25.5,23.2,87.1,8.59,East_Block,82.63,20.54
REC-02628,5/24/2022,SW_Monsoon,5,601.6,73,16.92,2.79,111.7,24.5,22.5,89.4,8.88,Middle_Division,132.65,22.05
REC-02629,5/23/2022,SW_Monsoon,5,377.46,73.1,16.45,3.11,113.9,18,18.8,82.2,8.98,Lower_Division,80.42,21.31
REC-02630,5/23/2022,SW_Monsoon,5,458.17,74.8,14.99,3.39,100.9,21.4,23.9,87.5,10.29,Middle_Division,102.73,22.42
REC-02631,5/23/2022,SW_Monsoon,5,525.65,79.9,16.73,2,108.5,29,21.3,81.3,9.97,Lower_Division,115.56,21.98
REC-02632,5/23/2022,SW_Monsoon,5,370.65,79.5,16.5,2.12,93.3,23.5,22,80.8,9.98,West_Block,82.87,22.36
REC-02633,5/22/2022,SW_Monsoon,5,641.1,75.8,16,2.71,91.9,21.6,25,84.6,14.6,Middle_Division,142.88,22.29
REC-02634,5/21/2022,SW_Monsoon,5,539.92,81.7,16.72,3.32,91.1,24.2,21.6,82.1,8.74,West_Block,123.9,22.95
REC-02635,5/20/2022,SW_Monsoon,5,731.34,79.2,16.01,3.23,95.1,23.3,18.2,88.2,14.04,Middle_Division,166.2,22.72
REC-02636,5/20/2022,SW_Monsoon,5,728.79,75.8,16.73,3.1,89.6,21.8,24.8,91,11.3,West_Block,164.99,22.64
REC-02637,5/20/2022,SW_Monsoon,5,464.88,75.4,15.22,3.29,86.5,25.5,18.1,90.7,14.47,West_Block,105.58,22.71
REC-02638,5/19/2022,SW_Monsoon,5,652.79,72.8,14.71,2.03,96.2,21.6,24.7,83.1,11.62,Middle_Division,145.81,22.34
REC-02639,5/18/2022,SW_Monsoon,5,523.77,74,14.09,2.69,89,28.1,19,89.9,11.95,Upper_Division,106.58,20.35
REC-02640,5/18/2022,SW_Monsoon,5,702.01,75.8,14.77,3.58,101.3,25.4,24.5,81.3,8.96,East_Block,157.46,22.43
REC-02641,5/18/2022,SW_Monsoon,5,586.96,75.3,16.04,3.16,101.6,22.3,24.2,87,13.6,West_Block,134.97,22.99
REC-02642,5/17/2022,SW_Monsoon,5,436.14,75.7,15.3,3.35,102.9,25.7,24.1,88.4,11.74,East_Block,100.21,22.98
REC-02643,5/17/2022,SW_Monsoon,5,682.32,75.8,15.64,3.3,100.7,25,18.2,85.7,14.33,Middle_Division,156.47,22.93
REC-02644,5/17/2022,SW_Monsoon,5,541.78,75,12.98,2.74,98.3,27.3,23.4,86.8,10.14,West_Block,119.48,22.05
REC-02645,5/17/2022,SW_Monsoon,5,374.88,80.7,16.66,2.83,104.7,20.9,19,88.1,11.34,East_Block,82.69,22.06
REC-02646,5/16/2022,SW_Monsoon,5,743.94,74.9,16.87,3.49,93.5,23.4,23.2,87.9,10.14,East_Block,164.01,22.05
REC-02647,5/16/2022,SW_Monsoon,5,469.14,77.6,17.16,2.56,98.5,21.1,19.5,84.4,13.41,Lower_Division,105.31,22.45
REC-02648,5/16/2022,SW_Monsoon,5,555.32,81.8,13.28,2.3,104.4,21.8,22.4,82.9,10.11,Upper_Division,121,21.79
REC-02649,5/16/2022,SW_Monsoon,5,621.38,80.4,16.83,4.5,92.6,23.1,18.5,83.8,14.89,East_Block,138.82,22.34
REC-02650,5/14/2022,SW_Monsoon,5,442.98,75.3,17.09,3.19,96.4,23.9,20.2,90.6,10.04,Middle_Division,101.73,22.97
REC-02651,5/14/2022,SW_Monsoon,5,308.48,76.9,14.2,2.88,97,24.3,24.7,81,13.77,Middle_Division,68.8,22.3
REC-02652,5/12/2022,SW_Monsoon,5,692.05,74.6,17.55,3.29,100.4,27.7,18.9,86.1,12.42,Lower_Division,159.11,22.99
REC-02653,5/12/2022,SW_Monsoon,5,747.88,78.4,16.32,2.61,92.6,28.1,21,86.2,8.36,East_Block,162.94,21.79
REC-02654,5/12/2022,SW_Monsoon,5,382.75,75.9,15.91,3.55,109.3,25.7,23.4,83.4,12.92,West_Block,85.7,22.39
REC-02655,5/11/2022,SW_Monsoon,5,361.83,81.7,15.46,2.27,95.1,27.8,18.5,87.9,14.54,Middle_Division,80.25,22.18
REC-02656,5/10/2022,SW_Monsoon,5,656.46,78.5,17.82,2.71,95.6,27.1,22.8,90.9,9.41,West_Block,146.21,22.27
REC-02657,5/9/2022,SW_Monsoon,5,632.79,79.1,16.43,2.63,95.1,32.4,21.3,84.6,9.46,Middle_Division,138.97,21.96
REC-02658,5/9/2022,SW_Monsoon,5,452.21,75,15.64,2.64,103.3,25.2,24.4,90.9,10,West_Block,103.68,22.93
REC-02659,5/9/2022,SW_Monsoon,5,632.39,78.4,15.06,2.83,90.4,27.5,24.2,87.6,10.05,Upper_Division,142.51,22.54
REC-02660,5/9/2022,SW_Monsoon,5,528.33,82.1,14.79,3.71,103.1,26.3,19.8,90.7,13.74,East_Block,114.81,21.73
REC-02661,5/8/2022,SW_Monsoon,5,354.58,80,17.65,3.25,107.8,25.5,19.5,88.7,10.34,Upper_Division,79.78,22.5
REC-02662,5/8/2022,SW_Monsoon,5,654.06,79.5,14.72,2.05,106.4,25,22.6,80.2,10.34,Upper_Division,143.77,21.98
REC-02663,5/8/2022,SW_Monsoon,5,882.04,73.3,15.14,3.74,90.7,22,24.8,81.3,9.04,East_Block,186.88,21.19
REC-02664,5/8/2022,SW_Monsoon,5,562.98,78.8,14.66,3.76,100.5,25.2,18.8,81.1,13.52,West_Block,124.95,22.19
REC-02665,5/8/2022,SW_Monsoon,5,599.77,79.8,18.35,2.32,100,28.9,24.2,88.8,12.18,Upper_Division,126.01,21.01
REC-02666,5/7/2022,SW_Monsoon,5,560.51,78.7,17.54,3.04,98.1,25.1,18.2,84.8,14.58,East_Block,128.65,22.95
REC-02667,5/7/2022,SW_Monsoon,5,390.49,76.9,16.88,3.74,94.1,27.1,19.2,83.2,9.3,West_Block,85.46,21.89
REC-02668,5/6/2022,SW_Monsoon,5,640.4,84.9,13.83,3.43,102.1,25.9,20.7,89.6,10.63,East_Block,139.14,21.73
REC-02669,5/6/2022,SW_Monsoon,5,609.31,77.2,14.03,3.12,102.7,29.2,23.2,84.4,12.36,East_Block,133.47,21.9
REC-02670,5/6/2022,SW_Monsoon,5,683.95,82.2,15.91,3.62,94.7,28.3,23.9,80.2,14.53,Upper_Division,144.76,21.17
REC-02671,5/6/2022,SW_Monsoon,5,410.66,78.5,14.3,3.16,95.3,25.7,23.3,89.9,12.3,East_Block,93.63,22.8
REC-02672,5/5/2022,SW_Monsoon,5,675.97,78.7,18.76,3.37,100.5,24.3,19.4,80.2,9.21,East_Block,150.43,22.25
REC-02673,5/5/2022,SW_Monsoon,5,539.83,80.3,18.44,2.51,98.7,27.2,20.2,83.9,9.8,Middle_Division,121.98,22.6
REC-02674,5/5/2022,SW_Monsoon,5,471.27,74.3,15.22,2,102,31.4,22.6,87.8,10.07,Upper_Division,100.52,21.33
REC-02675,5/3/2022,SW_Monsoon,5,490.47,80.7,15.45,2.86,94.7,29.2,24.2,86.5,10.96,West_Block,111.05,22.64
REC-02676,5/3/2022,SW_Monsoon,5,583.53,81.7,13.18,2.47,100.1,32.3,21.9,89.1,9.3,Upper_Division,124.29,21.3
REC-02677,5/3/2022,SW_Monsoon,5,633.13,81,16.05,3.14,97.6,25.7,20.5,84.5,13.49,East_Block,139.58,22.05
REC-02678,5/3/2022,SW_Monsoon,5,712.72,77,17.19,2.91,96.6,29,20.5,80.2,11.56,Middle_Division,160.55,22.53
REC-02679,5/2/2022,SW_Monsoon,5,551.16,74.6,18.69,3.26,99.9,27.5,22.3,90.3,11.2,Middle_Division,126.79,23
REC-02680,5/2/2022,SW_Monsoon,5,680.34,78.4,14.87,2.44,94.2,23.8,19.2,84.9,10.7,Lower_Division,154.08,22.65
REC-02681,5/2/2022,SW_Monsoon,5,751.66,77,13.48,2.83,101.9,27.5,23,89.1,12.88,Lower_Division,172.7,22.98
REC-02682,5/2/2022,SW_Monsoon,5,753.32,74.8,14.75,3.07,91.8,25.3,19.7,85.4,12.79,Middle_Division,166.2,22.06
REC-02683,5/1/2022,SW_Monsoon,5,555.35,78.3,17.83,3.2,102.4,19.1,24.8,89.6,10.87,Upper_Division,123.25,22.19
REC-02684,5/1/2022,SW_Monsoon,5,455.9,78.5,17.88,3.5,91.1,27.3,23.4,86.5,14.52,Upper_Division,98.39,21.58
REC-02685,5/1/2022,SW_Monsoon,5,436.57,72.1,12,3.62,97.3,23.8,19.4,83,12.74,East_Block,93.14,21.33
REC-02686,5/1/2022,SW_Monsoon,5,478.24,77.4,16.06,2.79,102.8,26.6,18.2,87,12.32,Lower_Division,109.4,22.88
REC-02687,5/1/2022,SW_Monsoon,5,565.37,74.7,16.07,3.16,101.7,26.4,24.2,87.6,12.76,Middle_Division,129.82,22.96
REC-02688,4/30/2022,SW_Monsoon,4,796.52,71.9,15.07,3.42,89.1,29.7,19,84.7,10.83,East_Block,171.23,21.5
REC-02689,4/30/2022,SW_Monsoon,4,578.72,78,17.11,3.52,94.6,20.8,23.2,81.6,9.52,West_Block,123.05,21.26
REC-02690,4/30/2022,SW_Monsoon,4,598.79,78.6,17,3.26,102.1,22.2,23,88.3,10.42,West_Block,138.25,23.09
REC-02691,4/30/2022,SW_Monsoon,4,446.14,78.6,15.55,3.34,94.4,26.7,22.2,89.6,14.84,Upper_Division,96.38,21.6
REC-02692,4/29/2022,SW_Monsoon,4,697.56,85,15.91,3.07,98.8,23.2,20.2,80,13.43,East_Block,153.32,21.98
REC-02693,4/29/2022,SW_Monsoon,4,541.32,80.8,17.05,3.15,94.6,24.6,22.8,91.8,9.94,East_Block,116.14,21.45
REC-02694,4/29/2022,SW_Monsoon,4,534.33,82.1,15.98,2.75,88.9,29.2,22.1,83.5,14.65,Middle_Division,111.9,20.94
REC-02695,4/29/2022,SW_Monsoon,4,742.48,77.6,16.53,3.01,104.6,27.1,18.6,87.4,10.61,East_Block,169.19,22.79
REC-02696,4/28/2022,SW_Monsoon,4,612.36,74.6,16.16,2.7,103.6,24.7,20.8,91.7,14.93,Middle_Division,139.29,22.75
REC-02697,4/28/2022,SW_Monsoon,4,276.43,76.5,16.29,3.45,97.4,26.5,18.1,91,11.67,Lower_Division,63.69,23.04
REC-02698,4/27/2022,SW_Monsoon,4,381.2,84.5,17.27,3.01,93.6,20.2,21.2,87.1,11.84,East_Block,81.18,21.3
REC-02699,4/27/2022,SW_Monsoon,4,250,78.4,17.56,2.69,103.3,22.7,23.2,88.3,13.68,Upper_Division,56.7,22.68
REC-02700,4/27/2022,SW_Monsoon,4,395.06,80.5,14.09,2,101.8,23.8,19.1,87.7,8.62,Upper_Division,83.36,21.1
REC-02701,4/27/2022,SW_Monsoon,4,851.29,73.8,17.67,2.99,104.3,30.1,22.6,89,12.79,East_Block,187.54,22.03
REC-02702,4/27/2022,SW_Monsoon,4,590.75,79.2,15.35,3.25,102.9,25.3,18.4,86.7,10.18,Lower_Division,135.22,22.89
REC-02703,4/26/2022,SW_Monsoon,4,551.98,78.8,18.32,2.05,96.8,20.1,19.8,89.1,10.62,West_Block,123.26,22.33
REC-02704,4/26/2022,SW_Monsoon,4,495.53,85,18.36,2.64,96,25.5,22.7,82.8,10.49,Upper_Division,106.94,21.58
REC-02705,4/26/2022,SW_Monsoon,4,484.03,74.2,16.2,2.64,98.4,21.1,23.8,82.7,8.91,Lower_Division,111.59,23.06
REC-02706,4/26/2022,SW_Monsoon,4,644.88,78.3,13.63,2.67,103.9,21.5,18.2,91.8,10.33,East_Block,148.54,23.03
REC-02707,4/25/2022,SW_Monsoon,4,667.98,77.4,17.18,2.93,94.5,23.8,20.9,87.4,9.52,Lower_Division,153.49,22.98
REC-02708,4/25/2022,SW_Monsoon,4,744.76,83.5,17.19,3.06,98.7,25,19.9,90.5,13.51,West_Block,168.8,22.67
REC-02709,4/25/2022,SW_Monsoon,4,691.83,78.7,15.61,2.84,100.9,23.4,20.9,85.8,13.44,West_Block,159.35,23.03
REC-02710,4/24/2022,SW_Monsoon,4,808.78,78.1,16.61,2.81,101.5,20.3,21.6,88.2,8.9,West_Block,183.1,22.64
REC-02711,4/23/2022,SW_Monsoon,4,605.83,81.1,16.79,2.81,93.7,25.1,20.8,90.9,8.96,Middle_Division,139.83,23.08
REC-02712,4/23/2022,SW_Monsoon,4,602.72,80.5,13.55,3.34,106.3,21.6,23.8,85.4,14.91,Upper_Division,128.04,21.24
REC-02713,4/23/2022,SW_Monsoon,4,647.41,72.1,14.68,2.87,99.7,22.2,19.5,85.1,9.88,West_Block,148.9,23
REC-02714,4/23/2022,SW_Monsoon,4,557.1,78.3,13.03,3.07,97.6,21.1,19.9,81,8.52,Lower_Division,125.9,22.6
REC-02715,4/22/2022,SW_Monsoon,4,606.73,80.9,15.21,2.47,94.5,29.3,24.9,87.1,9.01,Upper_Division,130.25,21.47
REC-02716,4/22/2022,SW_Monsoon,4,494.04,78.3,16.44,3.04,101.3,24.1,24.7,86.8,12.09,West_Block,113.19,22.91
REC-02717,4/22/2022,SW_Monsoon,4,752.39,81.1,17.04,3.26,95.8,26.2,24.4,89.8,9.81,Lower_Division,173.09,23
REC-02718,4/21/2022,SW_Monsoon,4,631.5,83.7,17.26,4.07,100.1,24.8,22.2,90.2,10.42,Upper_Division,136.42,21.6
REC-02719,4/21/2022,SW_Monsoon,4,250,79.5,15.11,2.31,96.2,25.9,19.2,85.7,14.93,Upper_Division,54.47,21.79
REC-02720,4/21/2022,SW_Monsoon,4,334.12,78.5,12.41,2.88,95.3,28,21,88.7,10.24,East_Block,72.64,21.74
REC-02721,4/21/2022,SW_Monsoon,4,474.93,76.7,17.17,2.6,106.2,24.8,21.9,81.8,9.56,Lower_Division,103.21,21.73
REC-02722,4/20/2022,SW_Monsoon,4,518.52,83.4,15.56,2.88,99.3,22.4,24.8,80.8,13.87,East_Block,116.76,22.52
REC-02723,4/19/2022,SW_Monsoon,4,478.09,80,13.7,2.48,90.9,24.3,20.9,89.1,13.63,West_Block,102.21,21.38
REC-02724,4/19/2022,SW_Monsoon,4,392.16,82.5,14.87,3.63,88.7,27,22.7,90.4,14.16,Upper_Division,82.11,20.94
REC-02725,4/19/2022,SW_Monsoon,4,280.22,78.2,16.06,2.8,94.5,24.9,20.9,80.1,13.13,Lower_Division,64.72,23.1
REC-02726,4/18/2022,SW_Monsoon,4,537.6,74.9,16.77,2.55,101.3,24.4,18.1,85.5,11.82,Lower_Division,123.59,22.99
REC-02727,4/18/2022,SW_Monsoon,4,600.16,78.6,14.23,2.98,98.1,29.4,18.5,85,10.51,Middle_Division,132.68,22.11
REC-02728,4/17/2022,SW_Monsoon,4,514.37,78.5,17.05,2.74,98.2,23.3,18.5,86.5,10.23,West_Block,118.4,23.02
REC-02729,4/17/2022,SW_Monsoon,4,620.55,78.4,13.52,2.97,105.7,24.6,23.1,91.3,10.55,Upper_Division,140.26,22.6
REC-02730,4/17/2022,SW_Monsoon,4,304.07,82.7,18.96,2.87,102.8,28.5,20.6,81,8.48,West_Block,68.43,22.51
REC-02731,4/17/2022,SW_Monsoon,4,355.77,76,15.05,2.21,96.9,27,19.6,81.3,14.66,Middle_Division,79.27,22.28
REC-02732,4/16/2022,SW_Monsoon,4,568.94,84,15.08,2.62,98.3,20,19.8,81.6,11.02,Middle_Division,124.48,21.88
REC-02733,4/16/2022,SW_Monsoon,4,489.44,76.1,19.9,3.26,108,29.5,18.2,86.5,9.09,Lower_Division,105.11,21.48
REC-02734,4/16/2022,SW_Monsoon,4,589.97,82.2,16.38,2.97,102.3,24.2,21.9,83.8,9.4,Middle_Division,135.31,22.93
REC-02735,4/16/2022,SW_Monsoon,4,469,81,14.31,2.25,100.6,23.8,22.1,82.7,8.61,West_Block,102.14,21.78
REC-02736,4/16/2022,SW_Monsoon,4,485.08,81.6,16.15,2.98,93.5,26.5,18.7,90.7,14.45,Upper_Division,109.06,22.48
REC-02737,4/15/2022,SW_Monsoon,4,551.67,80.6,17.05,3.58,94.8,27.1,24,88.4,12.57,East_Block,123.28,22.35
REC-02738,4/15/2022,SW_Monsoon,4,419.65,77.3,15.57,2.17,96.1,22.2,18.9,89.6,13.39,West_Block,95.56,22.77
REC-02739,4/15/2022,SW_Monsoon,4,733.13,82.4,17.17,2.13,97,21.5,19.5,84.9,13.42,Middle_Division,160.7,21.92
REC-02740,4/13/2022,SW_Monsoon,4,529.12,76.9,17.49,3.7,90.2,25.5,23.5,84.8,9.5,Middle_Division,112.66,21.29
REC-02741,4/13/2022,SW_Monsoon,4,411.67,80.1,15.4,2,101.2,20.9,19.5,89.8,13.01,Lower_Division,91.59,22.25
REC-02742,4/12/2022,SW_Monsoon,4,597.34,78.6,13.84,2.94,94.8,20.3,21.6,90.6,14.11,Lower_Division,137.11,22.95
REC-02743,4/11/2022,SW_Monsoon,4,486.92,78.4,15.86,2.51,102.9,24.8,21.1,91.4,11.45,Lower_Division,111.75,22.95
REC-02744,4/11/2022,SW_Monsoon,4,494.96,73.4,17.15,3.05,108.1,25.3,18.5,84.2,11.82,West_Block,110.35,22.29
REC-02745,4/11/2022,SW_Monsoon,4,483.77,79.9,18.54,3.16,102.5,25.5,23.2,90.8,12.01,East_Block,111.55,23.06
REC-02746,4/10/2022,SW_Monsoon,4,413.26,80.4,15.74,3.2,98.2,27.1,22.5,84.2,9.46,Lower_Division,95.22,23.04
REC-02747,4/10/2022,SW_Monsoon,4,497.19,77,15.63,2.37,93.1,20,20.4,90.9,10.57,Upper_Division,105.95,21.31
REC-02748,4/10/2022,SW_Monsoon,4,594.07,77.1,17.84,2.83,106,21.8,19.1,89.6,13.86,Upper_Division,128.34,21.6
REC-02749,4/10/2022,SW_Monsoon,4,678.02,79.3,15.79,3.62,93.6,22.2,23.4,81.4,13.19,Lower_Division,156.06,23.02
REC-02750,4/9/2022,SW_Monsoon,4,575.46,77,14.7,2.15,97.6,28.2,24.5,81.4,13.52,Lower_Division,132.48,23.02
REC-02751,4/9/2022,SW_Monsoon,4,570.41,78.7,13.72,2.68,96.6,22.4,22,87.1,14.36,East_Block,127.83,22.41
REC-02752,4/8/2022,SW_Monsoon,4,362.56,74.6,17.37,3.25,94.2,24.4,20.4,84.7,13.35,East_Block,80.44,22.19
REC-02753,4/8/2022,SW_Monsoon,4,648.16,76.8,15.85,4.16,96.1,27.9,21.9,88,12.66,West_Block,145.39,22.43
REC-02754,4/8/2022,SW_Monsoon,4,476.6,72.8,17.34,3.17,103.3,28.3,22.5,88.5,13.82,West_Block,105.91,22.22
REC-02755,4/7/2022,SW_Monsoon,4,505.43,85,16.72,3.03,95.8,25.6,20.5,81.1,9.89,Upper_Division,111.13,21.99
REC-02756,4/5/2022,SW_Monsoon,4,632.47,80.2,17.04,2,97.7,25.6,20.1,86.8,14.95,East_Block,139.12,22
REC-02757,4/5/2022,SW_Monsoon,4,678.98,77.5,14.2,3,102.4,27.3,24.8,80.7,14.49,West_Block,155.95,22.97
REC-02758,4/5/2022,SW_Monsoon,4,637.86,79.1,17.35,2.32,104.5,20.1,23.8,84.2,13.1,West_Block,143.32,22.47
REC-02759,4/4/2022,SW_Monsoon,4,694.6,70,15.85,2.46,95.7,24.7,21.3,89.7,12.1,Lower_Division,156.69,22.56
REC-02760,4/3/2022,SW_Monsoon,4,495.53,76.8,15.49,3.53,85.7,25,20.8,89.3,13.87,East_Block,106.57,21.51
REC-02761,4/3/2022,SW_Monsoon,4,611.32,80.2,15.37,2.38,91.2,26.2,20.1,91.4,14.18,West_Block,135.47,22.16
REC-02762,4/2/2022,SW_Monsoon,4,561.11,78.6,16.87,2.59,93,25.1,20.9,86,8.99,Lower_Division,129.02,22.99
REC-02763,4/2/2022,SW_Monsoon,4,660.18,74.3,13.07,2.8,97,24,23.2,83.3,11.24,Upper_Division,148.77,22.54
REC-02764,4/1/2022,SW_Monsoon,4,508.86,82.6,15.45,2.22,96.7,29.9,18.5,88.8,11.46,Middle_Division,113.23,22.25
REC-02765,4/1/2022,SW_Monsoon,4,528.7,77.9,12.96,2.6,94.8,24.2,18.1,83.5,8.43,East_Block,114.68,21.69
REC-02766,3/31/2022,Western,3,689.1,81.8,15.53,3.13,99.7,25.7,16.9,79.6,3.13,Upper_Division,138.43,20.09
REC-02767,3/31/2022,Western,3,732.28,74.9,17.81,2.88,92.1,19.7,15.9,70.5,2.66,Upper_Division,139.95,19.11
REC-02768,3/31/2022,Western,3,584.26,80.5,14.4,2.52,107.4,28.2,20.5,77.5,4.31,East_Block,110.72,18.95
REC-02769,3/31/2022,Western,3,548.4,73.9,16.12,3.14,91,28.9,18,82.2,3.11,Middle_Division,110.7,20.19
REC-02770,3/31/2022,Western,3,417.71,82.2,18.48,3.38,90.6,25.6,18.7,84.4,3.69,Lower_Division,86.36,20.68
REC-02771,3/31/2022,Western,3,476.48,76,14.49,4.35,101.2,23.2,20.3,81,4.46,Upper_Division,94.72,19.88
REC-02772,3/31/2022,Western,3,586.7,78.6,16.17,2.53,93.4,26.2,20.8,80.9,2.96,Upper_Division,119.13,20.31
REC-02773,3/31/2022,Western,3,512.54,79.4,16.18,2.86,108.5,25.3,19.3,84.9,1.98,Middle_Division,101.62,19.83
REC-02774,3/30/2022,Western,3,642.21,77.3,15.55,2.55,98.9,23.5,18.9,72.6,4.52,Lower_Division,134.5,20.94
REC-02775,3/29/2022,Western,3,656.5,80.1,13.72,3.08,87.5,24.2,17.4,82.3,2.73,Upper_Division,120.68,18.38
REC-02776,3/29/2022,Western,3,429.69,79.9,16.83,2.64,96.4,26.5,19.8,83.7,3.3,Middle_Division,87.86,20.45
REC-02777,3/27/2022,Western,3,510.84,74.7,16.04,2.36,96.9,29.4,17.5,75.1,4.97,East_Block,100.39,19.65
REC-02778,3/27/2022,Western,3,773.42,77.2,17.84,2.36,105.1,24.6,15.9,83.7,2.34,Middle_Division,159.24,20.59
REC-02779,3/26/2022,Western,3,397.59,77.7,12.28,2.66,101.4,26.5,16.3,74.4,2.31,Middle_Division,78.95,19.86
REC-02780,3/26/2022,Western,3,641.34,80.5,16.98,3.12,97.8,28.4,16.3,82.6,4.82,West_Block,131.83,20.55
REC-02781,3/26/2022,Western,3,448.8,80.9,17.6,2.54,97.7,31.1,21.4,78.1,2.54,Upper_Division,86.88,19.36
REC-02782,3/26/2022,Western,3,304.45,82.1,15.79,2,98.8,24.3,15,84.2,2.52,Lower_Division,63.04,20.71
REC-02783,3/26/2022,Western,3,538.5,80.4,14.13,2.94,96.2,22.3,15.8,77.6,3.46,East_Block,110.45,20.51
REC-02784,3/26/2022,Western,3,497.66,79.6,16.82,2.04,102.8,24.8,21.7,81.5,4.06,West_Block,95.6,19.21
REC-02785,3/26/2022,Western,3,327.11,76.5,16.36,2.85,104.8,25.6,17.6,83.1,4.27,Middle_Division,67.79,20.72
REC-02786,3/26/2022,Western,3,625.94,75.8,18.68,2.22,98.4,27.3,15.1,81.7,3.42,East_Block,121.94,19.48
REC-02787,3/25/2022,Western,3,538.08,73.3,15.89,3.66,99.7,23.4,18.9,83.6,2.13,Lower_Division,110.66,20.57
REC-02788,3/25/2022,Western,3,562.89,77.7,15.52,2.35,105.7,28.5,16.2,73.5,3.37,East_Block,110.56,19.64
REC-02789,3/25/2022,Western,3,539.64,80.1,16.2,2.57,95.5,24.5,18.1,82,3.38,East_Block,109.43,20.28
REC-02790,3/24/2022,Western,3,719.15,75.3,17.26,2.58,99.6,28.2,21.2,70.7,1.81,Upper_Division,137.78,19.16
REC-02791,3/24/2022,Western,3,601.88,79.7,16.07,2.59,108.5,23.5,17.9,77.9,3.35,Lower_Division,125.58,20.86
REC-02792,3/24/2022,Western,3,619.95,73.9,12.58,3.02,100.2,31.5,21.8,82.3,2.23,Middle_Division,120.89,19.5
REC-02793,3/24/2022,Western,3,678.16,79.1,17.94,4,93.8,23.3,16.8,72.9,4.47,Upper_Division,131.74,19.43
REC-02794,3/23/2022,Western,3,775.19,76.9,16.12,2.68,92.6,29.1,18.5,77.4,3.1,Upper_Division,150.37,19.4
REC-02795,3/23/2022,Western,3,413.57,75.4,16.33,3.44,97.3,23.6,17.3,79.7,3.32,Middle_Division,87.17,21.08
REC-02796,3/23/2022,Western,3,645.67,78.6,14.95,3.16,103.5,27.5,19.2,77.8,2.85,West_Block,133,20.6
REC-02797,3/22/2022,Western,3,831.64,76.7,18.41,3.04,108.9,26.9,19.6,82.9,2.59,Lower_Division,175.5,21.1
REC-02798,3/22/2022,Western,3,632.24,81.8,19.45,2.46,100.1,21.7,18.2,75,3.25,East_Block,121.08,19.15
REC-02799,3/22/2022,Western,3,306.86,72.6,15.72,3.98,97.4,22,18.9,74.4,2.36,West_Block,61.24,19.96
REC-02800,3/21/2022,Western,3,562.71,73.8,15.14,2.79,92.3,27.4,21,79.5,3.48,Lower_Division,116.49,20.7
REC-02801,3/21/2022,Western,3,726.73,78,16.21,3.15,100,25.3,21.2,74.7,2.95,Lower_Division,158.1,21.76
REC-02802,3/21/2022,Western,3,438.92,85,15.37,2.86,106.2,24,19.7,77.6,3.83,East_Block,90.28,20.57
REC-02803,3/21/2022,Western,3,626.16,83.3,19.48,2.75,93,23,17.8,81.4,1.69,West_Block,114.91,18.35
REC-02804,3/21/2022,Western,3,428.41,75.9,15.26,2.47,90,30.6,18.2,81.9,3.8,West_Block,80.54,18.8
REC-02805,3/21/2022,Western,3,612.57,75.2,16.13,2.97,106.4,22.6,20.2,81.7,3.43,West_Block,120.88,19.73
REC-02806,3/21/2022,Western,3,493.81,81,15.63,2.43,104,25.8,20.9,77,3.34,East_Block,96.2,19.48
REC-02807,3/20/2022,Western,3,625.25,74.9,16.14,2.46,99.5,20.7,20.6,84.2,4.16,East_Block,120.61,19.29
REC-02808,3/19/2022,Western,3,588.12,73.7,16.3,3,98.5,22.4,21.8,70.1,2.69,Lower_Division,123.17,20.94
REC-02809,3/19/2022,Western,3,638.84,78.9,14.67,2.91,106.3,25.5,17.6,82.1,2.11,West_Block,127.47,19.95
REC-02810,3/19/2022,Western,3,250,77.1,15.06,2.24,99.1,23.2,18.1,79.2,4.77,Middle_Division,51.68,20.67
REC-02811,3/18/2022,Western,3,631.49,80.9,15.5,3.05,95.7,20.9,21.9,74.4,2.39,Lower_Division,124.91,19.78
REC-02812,3/18/2022,Western,3,536.78,77.3,17.17,3.88,91.7,25.4,20.4,77.1,4.85,Middle_Division,105.99,19.74
REC-02813,3/17/2022,Western,3,502.12,78.4,15.91,2,96.1,30.3,15,83.3,4.62,Lower_Division,99.87,19.89
REC-02814,3/16/2022,Western,3,448.05,80.5,16.6,2.54,98.1,19.9,20.8,82,4.99,Middle_Division,88.55,19.76
REC-02815,3/15/2022,Western,3,593.85,70.4,14.19,2.74,98.5,29,16.9,83.1,2.2,East_Block,114.24,19.24
REC-02816,3/15/2022,Western,3,485.59,81.6,18.49,3.31,99,24.5,17.5,80.1,4.83,Lower_Division,98.95,20.38
REC-02817,3/15/2022,Western,3,662.4,78.1,15.55,2.63,98.4,29.4,18.7,72.5,3.15,Lower_Division,138.54,20.91
REC-02818,3/15/2022,Western,3,654.07,77,17.05,3.08,93.8,22.1,16.4,81.7,2.2,Upper_Division,127.53,19.5
REC-02819,3/15/2022,Western,3,590.23,76.2,15.12,3.8,101.5,27,18.4,79.2,1.97,Middle_Division,120.52,20.42
REC-02820,3/15/2022,Western,3,525.08,82.3,15.79,3.55,109.1,29.7,18.5,77.4,4.75,Lower_Division,100.95,19.23
REC-02821,3/14/2022,Western,3,299.76,77,17.54,2.18,104.1,28.5,16.8,70.8,3.32,Lower_Division,58.63,19.56
REC-02822,3/14/2022,Western,3,692.47,78,15.52,3.32,93.6,27.8,21.8,77.3,3.62,East_Block,137.52,19.86
REC-02823,3/13/2022,Western,3,541.37,76.5,16.74,2.42,99.7,27.7,18.1,79.8,2.78,Middle_Division,105.34,19.46
REC-02824,3/13/2022,Western,3,510.27,76.2,13.73,2,92.5,25.1,15.5,82,3.97,West_Block,99.02,19.4
REC-02825,3/12/2022,Western,3,671.32,75.3,15.05,3.15,90.9,23.1,16.6,79.7,3.42,Middle_Division,135.21,20.14
REC-02826,3/12/2022,Western,3,452.36,74.3,14.41,3.35,104.8,26.1,20,75.8,2.49,West_Block,91.21,20.16
REC-02827,3/11/2022,Western,3,532.73,73,19.13,2.63,101,25.9,18.4,75.8,4.15,Lower_Division,111.46,20.92
REC-02828,3/11/2022,Western,3,606.89,76.5,14.92,2.74,97.8,19.1,21.9,83,4.42,Middle_Division,120.13,19.79
REC-02829,3/10/2022,Western,3,302.74,78.6,17.75,2.55,98.7,26.2,16.1,77.1,4.13,Middle_Division,60.88,20.11
REC-02830,3/9/2022,Western,3,370.95,81,17.29,2.34,102.6,21.8,15.3,77.6,3.3,Middle_Division,71.52,19.28
REC-02831,3/8/2022,Western,3,372.35,78.1,12.21,3.58,93.8,27.6,19.6,73.2,2.22,Middle_Division,68.7,18.45
REC-02832,3/7/2022,Western,3,598.36,73.4,14.6,2.98,97.1,22.2,18.5,79,3.61,Middle_Division,120.31,20.11
REC-02833,3/7/2022,Western,3,568.23,80.4,18.77,3.41,94,26.1,19.4,72.9,2.86,Upper_Division,113,19.89
REC-02834,3/7/2022,Western,3,481.27,75.3,15.66,2.85,99.4,29.3,20.7,82.9,3.43,Upper_Division,98.05,20.37
REC-02835,3/6/2022,Western,3,786.92,77,18.38,2.01,92.8,18.2,17.4,84.9,2.79,Lower_Division,156.51,19.89
REC-02836,3/6/2022,Western,3,611.35,73.6,16.65,2.88,90.2,20.5,19.6,76,3.72,West_Block,118.76,19.43
REC-02837,3/6/2022,Western,3,600.59,80.7,17.9,2.19,97.6,28.6,18.2,73.4,3.52,Middle_Division,116.19,19.35
REC-02838,3/6/2022,Western,3,435.4,82.3,14.95,3.49,103.2,30,19.2,75.4,4.79,East_Block,84.89,19.5
REC-02839,3/6/2022,Western,3,515.83,74.6,16.1,3.15,102.9,21.9,18.3,73.7,1.68,Lower_Division,106.07,20.56
REC-02840,3/6/2022,Western,3,498.27,78.1,17.03,2.33,98.1,24.4,18.1,74.3,2.73,Lower_Division,101.35,20.34
REC-02841,3/5/2022,Western,3,771.57,82.7,17.21,3.23,104.4,24.1,17.6,82.3,4.55,Middle_Division,161.37,20.91
REC-02842,3/4/2022,Western,3,813.16,76.3,16.45,2.72,94.2,23.9,18.4,82.5,3.45,Middle_Division,165.12,20.31
REC-02843,3/4/2022,Western,3,582.11,74.1,15.93,3.32,100.9,26.1,18.1,78.6,2.11,West_Block,119.23,20.48
REC-02844,3/4/2022,Western,3,563.45,79,15.51,2.66,97.8,24.8,20.9,80.6,3.68,Upper_Division,116.82,20.73
REC-02845,3/3/2022,Western,3,359.16,77.8,16.49,3.33,94.2,25.1,19.2,78.7,3.25,Lower_Division,77.11,21.47
REC-02846,3/3/2022,Western,3,541.01,77.1,19.14,2.63,101,27.5,21.6,83.8,4.39,Lower_Division,111.66,20.64
REC-02847,3/3/2022,Western,3,432.92,78,16.21,3.24,96,26.1,15.8,76.2,2.77,Middle_Division,93.64,21.63
REC-02848,3/3/2022,Western,3,501.16,75.8,17.19,2.61,87.5,26.1,21.7,79.6,2.54,Lower_Division,100.44,20.04
REC-02849,3/2/2022,Western,3,381.99,80.5,13.72,2.47,101.7,19,16.7,83.4,2.94,East_Block,74.75,19.57
REC-02850,3/2/2022,Western,3,426.24,76.3,17.71,3.34,98,22.8,16.6,70.9,4.97,West_Block,91.28,21.42
REC-02851,3/2/2022,Western,3,709.58,76.1,16.36,2.77,100.9,31.5,21.8,80.2,4.66,Middle_Division,145.15,20.46
REC-02852,3/1/2022,Western,3,518.66,75.7,17.26,3.64,95.2,23.8,19.3,76.3,4.8,West_Block,111.4,21.48
REC-02853,3/1/2022,Western,3,510.32,80.5,18.61,3.3,94.2,22.4,20.8,79.2,2.45,Lower_Division,104.87,20.55
REC-02854,3/1/2022,Western,3,536.5,78.2,16.3,2.69,91.1,24.9,17.6,81,2.67,Upper_Division,104.35,19.45
REC-02855,3/1/2022,Western,3,437.09,75,13.96,3.97,95.7,31.9,19.2,75.6,4.78,Upper_Division,82.65,18.91
REC-02856,3/1/2022,Western,3,387.32,78.7,15.94,2.31,97.6,23.6,21.7,72.9,3.87,East_Block,77.68,20.05
REC-02857,2/27/2022,Off_Season,2,530.32,76,16.96,3.22,95.9,23.2,15.5,70.2,2.48,East_Block,104.25,19.66
REC-02858,2/26/2022,Off_Season,2,564.9,82.3,15.93,3.33,99.7,24.9,16.6,68.2,2.19,Middle_Division,102.43,18.13
REC-02859,2/26/2022,Off_Season,2,743.62,78.8,16.83,2.47,102.5,21.7,15.7,79,2.62,East_Block,133.77,17.99
REC-02860,2/26/2022,Off_Season,2,507.62,74,17.33,2.84,95.1,24.9,20.7,72.6,2.43,Lower_Division,95.36,18.79
REC-02861,2/25/2022,Off_Season,2,722.34,78.8,16.17,2.62,95.3,24.4,15.7,73.1,2.38,Middle_Division,140.79,19.49
REC-02862,2/25/2022,Off_Season,2,663.44,76.4,19.49,2.77,102.5,24.7,20.8,79.1,1.08,Upper_Division,119.53,18.02
REC-02863,2/25/2022,Off_Season,2,379.79,83.6,14.12,3.39,110.1,27.6,15.9,71.6,2.96,West_Block,65.29,17.19
REC-02864,2/25/2022,Off_Season,2,546.76,80.4,14.98,2.72,102.2,26.4,15.8,77,1.35,West_Block,102.51,18.75
REC-02865,2/24/2022,Off_Season,2,476.69,77.6,16.14,2.77,93.6,28.4,16.1,72.9,2.11,Lower_Division,87.63,18.38
REC-02866,2/24/2022,Off_Season,2,553.54,80.4,18.34,3.11,94.4,19.4,15.1,70.8,1.95,Lower_Division,103.7,18.73
REC-02867,2/24/2022,Off_Season,2,712.57,75.3,17.58,3.07,98.2,22.3,15.8,74.8,1.22,East_Block,135.32,18.99
REC-02868,2/24/2022,Off_Season,2,669.4,77.2,15.55,2.42,100.7,24.6,17.9,68.3,3.12,Lower_Division,128.49,19.2
REC-02869,2/23/2022,Off_Season,2,407.72,77.1,17.12,2.15,98.1,26.6,17.9,76.4,2.52,West_Block,73.82,18.11
REC-02870,2/23/2022,Off_Season,2,418.28,80.1,17.14,2.85,106.5,23.7,16.2,79.6,1.76,Middle_Division,76.2,18.22
REC-02871,2/23/2022,Off_Season,2,648.28,77.1,14.84,3.18,95.9,21.1,17.4,71.1,1.32,West_Block,123.37,19.03
REC-02872,2/23/2022,Off_Season,2,473.29,74.7,16.48,3.65,93.9,21.1,15.7,68.9,1.27,East_Block,85.23,18.01
REC-02873,2/23/2022,Off_Season,2,651.74,79.7,17.93,2,93.8,21.6,17.7,75,2.77,Lower_Division,116.95,17.94
REC-02874,2/22/2022,Off_Season,2,454.92,76.3,16.48,3.1,102,28.6,18.8,76.7,2.14,Upper_Division,84.05,18.48
REC-02875,2/22/2022,Off_Season,2,511.85,77.8,13.59,2.53,96.1,29.6,15.9,69.9,3.08,East_Block,96.78,18.91
REC-02876,2/22/2022,Off_Season,2,426.87,79.8,16.82,2.58,96,31.1,19.5,71.1,1.78,Upper_Division,80.98,18.97
REC-02877,2/22/2022,Off_Season,2,495.7,75.4,16.97,3.82,97.1,25.1,15.9,75.5,2.79,Middle_Division,93.72,18.91
REC-02878,2/22/2022,Off_Season,2,423.87,76.5,15.16,3.53,97.5,24.4,18.9,73,1.17,West_Block,81.66,19.27
REC-02879,2/22/2022,Off_Season,2,438.79,74.4,16.24,2.89,95.7,25.6,18.4,74.3,3.16,Upper_Division,83.26,18.97
REC-02880,2/21/2022,Off_Season,2,493.58,76.4,13.53,2.05,97.4,23.5,16.5,71.6,2.06,Lower_Division,94.37,19.12
REC-02881,2/20/2022,Off_Season,2,722.89,78.8,16.4,2.13,88.6,21.6,18.1,71.7,1.59,Upper_Division,123.23,17.05
REC-02882,2/20/2022,Off_Season,2,693.87,83.4,15.74,3.09,94,19.9,20,81.2,2.09,East_Block,128.76,18.56
REC-02883,2/19/2022,Off_Season,2,414.89,80.6,17.02,3.39,91.3,23.4,18.8,69.5,3.26,West_Block,78.98,19.04
REC-02884,2/19/2022,Off_Season,2,530.92,79.8,14.47,2.47,92.4,27.2,20.4,76.8,1.78,Middle_Division,96.6,18.2
REC-02885,2/19/2022,Off_Season,2,585.34,81.3,16.97,2.65,88.4,26.9,20.4,73.6,1.87,East_Block,105.12,17.96
REC-02886,2/19/2022,Off_Season,2,435.99,82.4,17.61,2.25,97,22.4,15.2,79.9,2.14,Lower_Division,83.48,19.15
REC-02887,2/18/2022,Off_Season,2,657.85,77.3,17.19,2.11,103.9,26.1,20.8,73,1.26,Upper_Division,115.63,17.58
REC-02888,2/18/2022,Off_Season,2,530.61,77.9,14.81,3.05,98.2,26.5,20.8,71.2,1.75,Lower_Division,103.03,19.42
REC-02889,2/18/2022,Off_Season,2,596.46,80.1,17.82,3.52,97.8,20.8,15.2,71.1,2.58,Upper_Division,106.03,17.78
REC-02890,2/18/2022,Off_Season,2,358.6,80.6,14.69,2,100.2,24.8,16.7,79.8,3.33,West_Block,64.67,18.03
REC-02891,2/17/2022,Off_Season,2,779.81,76.8,15.77,2.86,99.5,20.2,16.5,72.3,2.37,Middle_Division,146.38,18.77
REC-02892,2/17/2022,Off_Season,2,674.26,77,16.35,3.27,95.4,21.3,19.6,78.7,3.32,West_Block,126.89,18.82
REC-02893,2/17/2022,Off_Season,2,487,78.1,13.1,3.15,96.1,27,18.5,75.3,1.17,West_Block,95.07,19.52
REC-02894,2/17/2022,Off_Season,2,600.78,71.1,16.18,3.13,90.2,28.2,16.6,75,2.46,Middle_Division,109.48,18.22
REC-02895,2/17/2022,Off_Season,2,526.84,75.2,17.49,2.97,94.4,26.1,15.3,73.2,1.19,Lower_Division,100.61,19.1
REC-02896,2/17/2022,Off_Season,2,582.91,81.1,15.74,2.61,98.4,24.5,17,77,2.88,Middle_Division,112.88,19.36
REC-02897,2/16/2022,Off_Season,2,458.27,77.5,14.7,3.43,101.2,24.6,19.1,73.4,2.31,Upper_Division,86.26,18.82
REC-02898,2/16/2022,Off_Season,2,589.72,78.5,13.36,2.76,102.1,22.5,19.1,77.5,2.43,Upper_Division,111.35,18.88
REC-02899,2/15/2022,Off_Season,2,754.37,77,13.61,3.03,95.6,27,18.2,76.2,3.21,West_Block,140.67,18.65
REC-02900,2/15/2022,Off_Season,2,413.45,80.5,16.84,2.87,95.1,22.8,15.8,71.1,2.58,East_Block,80.99,19.59
REC-02901,2/15/2022,Off_Season,2,629.38,78.5,15.56,3.41,85,26.3,18.2,72.3,1.74,Upper_Division,118.25,18.79
REC-02902,2/14/2022,Off_Season,2,669.09,81.5,15.77,2.18,95.3,26.2,20,79.3,3.17,West_Block,127.21,19.01
REC-02903,2/13/2022,Off_Season,2,522.34,78.1,12,2.13,95.3,23,21,73.9,3.16,East_Block,91.29,17.48
REC-02904,2/12/2022,Off_Season,2,460.74,75.9,17.21,3.09,96,22,19.4,77.5,2.12,Middle_Division,87.02,18.89
REC-02905,2/12/2022,Off_Season,2,477.77,82.8,14.63,2.84,94.8,25.4,19.7,75.7,1.01,East_Block,85.55,17.91
REC-02906,2/11/2022,Off_Season,2,643.69,75.1,13.86,3.23,94.4,19.4,19.8,75.1,1.88,Lower_Division,120.66,18.75
REC-02907,2/11/2022,Off_Season,2,609.19,77.2,14.08,2.63,95.7,24.5,19.4,79.7,3.01,West_Block,113.43,18.62
REC-02908,2/11/2022,Off_Season,2,654.28,80.2,16.41,3.26,101.3,28.1,21,78.8,1.82,West_Block,119.21,18.22
REC-02909,2/11/2022,Off_Season,2,722.61,85,16.52,2.9,99.6,23.2,19.6,73.3,2.65,West_Block,133.87,18.53
REC-02910,2/10/2022,Off_Season,2,554.3,83,15.24,2.6,99.9,29.3,15.9,73.7,2.76,Upper_Division,105.59,19.05
REC-02911,2/10/2022,Off_Season,2,577.53,78.6,16.35,2.95,87.8,23.1,20.7,74.1,1.87,Lower_Division,108.67,18.82
REC-02912,2/10/2022,Off_Season,2,713.27,75.4,15.11,2.91,94.8,27.3,16.4,74.4,2.91,East_Block,133.62,18.73
REC-02913,2/9/2022,Off_Season,2,763.1,78.5,17.01,3.22,94.9,25.6,20.5,75.1,2.53,Middle_Division,142.65,18.69
REC-02914,2/9/2022,Off_Season,2,551.59,77.1,16.03,2.93,95,26.3,15.8,68.7,2.35,East_Block,103.78,18.81
REC-02915,2/9/2022,Off_Season,2,537.72,71.6,16.93,2.65,87.9,23.3,20.4,68.7,2.83,Lower_Division,93.5,17.39
REC-02916,2/9/2022,Off_Season,2,292.72,77.9,13.9,3.04,98.2,28.8,19.4,72.6,2.37,East_Block,53.79,18.37
REC-02917,2/8/2022,Off_Season,2,407.01,77.2,14.81,2.78,91.4,24,17.2,76.5,1.34,Lower_Division,75.1,18.45
REC-02918,2/8/2022,Off_Season,2,287.65,78,18.91,3.47,95.5,22.3,16.8,81.6,3.28,Upper_Division,52.67,18.31
REC-02919,2/7/2022,Off_Season,2,250,75.1,15.21,2.22,98.9,25.5,20.6,69.9,2.64,Lower_Division,46.08,18.43
REC-02920,2/7/2022,Off_Season,2,532.88,75.7,17.74,2.29,108.4,25.5,17.5,69.2,2.39,Lower_Division,98.86,18.55
REC-02921,2/7/2022,Off_Season,2,513.44,83.1,14.19,2.28,108.9,20.9,15.9,69.2,2.74,Lower_Division,89.29,17.39
REC-02922,2/7/2022,Off_Season,2,701.26,85,16.58,2.42,95.7,21,16.9,75.2,1.83,Lower_Division,124.55,17.76
REC-02923,2/6/2022,Off_Season,2,276.35,75.5,18.48,2.27,96.2,19.6,18.2,78.1,2.12,East_Block,48.58,17.58
REC-02924,2/6/2022,Off_Season,2,639.26,75.8,15.5,3.11,99.2,24,20,71.5,1.57,West_Block,122.42,19.15
REC-02925,2/6/2022,Off_Season,2,383.92,79,14.58,3.03,104,22.3,20.6,72.5,2.65,Upper_Division,76.17,19.84
REC-02926,2/5/2022,Off_Season,2,518.44,71.3,14.62,3.12,101,29,15.9,71,1.67,Middle_Division,92.95,17.93
REC-02927,2/5/2022,Off_Season,2,400.65,77.7,16.13,3.21,106.2,26.9,20.3,77.2,3.15,East_Block,75.03,18.73
REC-02928,2/5/2022,Off_Season,2,488.84,73.3,14.97,2.77,93.1,27.3,21,68.7,2.82,East_Block,90,18.41
REC-02929,2/4/2022,Off_Season,2,489.64,80.8,14.46,2.8,89.6,25.4,20.6,81,2.08,East_Block,88.3,18.03
REC-02930,2/4/2022,Off_Season,2,414.59,76.7,14.31,3.07,93.3,23.2,16.4,71.5,2.18,Lower_Division,80.84,19.5
REC-02931,2/4/2022,Off_Season,2,597.53,78.7,16.09,4.5,102.5,18.9,16.9,76.8,1.1,Middle_Division,113.33,18.97
REC-02932,2/3/2022,Off_Season,2,405.61,74.4,15.08,2.98,90.6,25,17.4,72.5,2.92,East_Block,76.09,18.76
REC-02933,2/3/2022,Off_Season,2,656.27,71.5,16.31,3.03,98.6,24.6,18.7,79.6,2.54,East_Block,118.58,18.07
REC-02934,2/3/2022,Off_Season,2,569.15,79.7,14.77,2.89,103.1,26.7,15.4,73.8,2.61,Middle_Division,112.94,19.84
REC-02935,2/3/2022,Off_Season,2,516.3,76.2,14.33,4.36,100.3,26.3,17.2,80.9,1.9,West_Block,96.96,18.78
REC-02936,2/3/2022,Off_Season,2,361.03,76.5,14.14,2.79,93.3,25,20.4,79.1,1.07,West_Block,68.56,18.99
REC-02937,2/2/2022,Off_Season,2,412.34,77.6,14.76,2.98,91.8,25.3,17.8,74.3,1,Upper_Division,77.52,18.8
REC-02938,2/2/2022,Off_Season,2,529,75.3,15.14,2.39,109.8,23.3,16.8,81.9,1.76,Middle_Division,96.33,18.21
REC-02939,2/2/2022,Off_Season,2,767.53,75.3,12.88,3.79,106.4,23.1,16,78.7,2.36,Middle_Division,133.06,17.34
REC-02940,2/2/2022,Off_Season,2,558.43,79.7,13.12,2.51,94.7,26.1,17.1,78.7,2.46,Lower_Division,103.28,18.5
REC-02941,2/1/2022,Off_Season,2,694.38,81,15.93,2.72,95.5,25,20.4,68.9,3.14,East_Block,128,18.43
REC-02942,2/1/2022,Off_Season,2,672.45,74.8,16.95,2.47,103.9,24,16.3,74.9,2.82,West_Block,124.26,18.48
REC-02943,1/31/2022,Western,1,438.33,80.5,14.56,3.61,101.3,24.6,16.2,78.8,1.72,Lower_Division,83.9,19.14
REC-02944,1/31/2022,Western,1,680.19,76.8,15.36,3.23,98.9,19.9,15.9,80.1,4.47,Upper_Division,135.79,19.96
REC-02945,1/31/2022,Western,1,411.02,76.9,16.13,3.15,109,24.8,20.5,78.3,2.61,West_Block,83.45,20.3
REC-02946,1/30/2022,Western,1,643.74,76.3,15.57,4,98.4,26.5,20.2,73.5,2.75,East_Block,127.09,19.74
REC-02947,1/30/2022,Western,1,630.09,82.6,14.56,4.07,92.6,28,21.9,70.9,1.91,Upper_Division,118.3,18.78
REC-02948,1/30/2022,Western,1,641.95,74.3,16.53,3.04,93.5,28,18.8,83.9,1.79,Upper_Division,124.17,19.34
REC-02949,1/29/2022,Western,1,698.16,81.7,15.4,2.66,97,23.9,18.4,74,3.37,East_Block,143.27,20.52
REC-02950,1/29/2022,Western,1,541.84,79.2,16.65,3.1,96.5,30.5,20.3,80.3,3.82,Lower_Division,110.92,20.47
REC-02951,1/29/2022,Western,1,568.78,75.6,15.64,3.08,90.6,25.7,21.6,80.8,2.38,East_Block,114.09,20.06
REC-02952,1/29/2022,Western,1,582.85,77.4,16,3.1,95.9,23,21.5,78.8,4.18,Middle_Division,122.24,20.97
REC-02953,1/29/2022,Western,1,518.78,81.5,17.85,3.21,98.3,24.4,19.7,81.8,1.75,West_Block,107.03,20.63
REC-02954,1/28/2022,Western,1,442.65,77.6,13.82,3.62,94.4,26.2,22,74.8,3.36,East_Block,84.21,19.02
REC-02955,1/28/2022,Western,1,515.64,83.2,16.78,3.1,94.6,28.9,15.3,76.9,3.12,West_Block,99.84,19.36
REC-02956,1/27/2022,Western,1,716.99,78.3,15.52,4.14,85.8,28.3,20.9,74.7,2.21,Middle_Division,131.04,18.28
REC-02957,1/27/2022,Western,1,524.46,71.8,15.45,4.03,91.4,24.9,16.4,78.6,3.03,Middle_Division,98.46,18.77
REC-02958,1/26/2022,Western,1,432.56,74.6,16.36,3.21,95.5,27.8,15.7,82.3,4.96,Middle_Division,88.15,20.38
REC-02959,1/25/2022,Western,1,663.24,75.7,15.79,2.4,105.7,22.9,20.6,71,3.55,East_Block,130.2,19.63
REC-02960,1/25/2022,Western,1,579.48,83.3,17.24,3.23,104.6,23.2,21.5,77.5,3.51,Lower_Division,115.51,19.93
REC-02961,1/25/2022,Western,1,572.78,80.4,15.44,2.6,90.4,25.4,15.7,82,2.52,West_Block,112.99,19.73
REC-02962,1/25/2022,Western,1,521.34,81.3,15.52,2.86,95.5,25.4,19.7,72.3,2.58,East_Block,108.53,20.82
REC-02963,1/25/2022,Western,1,551.09,80.2,15.1,2.97,94.8,29.1,16,72.5,3.23,Upper_Division,104.78,19.01
REC-02964,1/24/2022,Western,1,454.28,83.6,15.81,2.63,102.1,24.3,19.3,70.8,4.63,Lower_Division,95.09,20.93
REC-02965,1/24/2022,Western,1,572.79,77.4,18.12,2.83,92.6,23.9,21.9,81.4,1.68,West_Block,118.51,20.69
REC-02966,1/24/2022,Western,1,810.51,74.1,16.1,3.85,104,23.2,15.4,78.8,3.2,Lower_Division,163.97,20.23
REC-02967,1/23/2022,Western,1,395.72,75.9,15.62,3.53,99.7,22.2,18.1,84.9,3.04,East_Block,81.71,20.65
REC-02968,1/23/2022,Western,1,610.85,83.1,16.64,3.19,99.9,22.1,19.7,82.6,2.84,West_Block,121.79,19.94
REC-02969,1/23/2022,Western,1,473,77,16.11,2.76,99.8,24.1,19,74.3,2.89,East_Block,98.24,20.77
REC-02970,1/22/2022,Western,1,591.76,70,16.69,3.08,101.4,26.4,20.8,83.9,4.1,Middle_Division,118.05,19.95
REC-02971,1/22/2022,Western,1,671.27,74.9,15.87,3.34,103.2,25.7,18.8,84.1,3.98,Upper_Division,132.56,19.75
REC-02972,1/22/2022,Western,1,533.67,74,17.77,3.41,107.6,20.5,19.7,79.5,4.9,Upper_Division,106.43,19.94
REC-02973,1/22/2022,Western,1,656.58,75.3,16.06,3.04,100.3,25.5,19.2,81.8,1.83,Middle_Division,138.02,21.02
REC-02974,1/22/2022,Western,1,490.64,75.9,17.14,3.01,98.3,20.3,16.6,80.2,4.65,Lower_Division,101.92,20.77
REC-02975,1/21/2022,Western,1,625.33,74.4,15.06,2.27,93.6,27.2,15.8,84.3,2.65,Lower_Division,120.66,19.3
REC-02976,1/21/2022,Western,1,670.05,72.5,14.92,2.13,95.4,26.5,17.1,79.5,4.96,East_Block,129.53,19.33
REC-02977,1/21/2022,Western,1,482.63,79.4,15.9,3.39,97.8,23.2,15.5,79.5,1.7,Upper_Division,101.3,20.99
REC-02978,1/20/2022,Western,1,502.61,79.9,15.61,3.15,96.7,22.2,20,80.6,4.99,Lower_Division,108.48,21.58
REC-02979,1/19/2022,Western,1,661.51,73.1,15.81,3.16,99.7,27.4,17.7,70.2,1.75,East_Block,135.1,20.42
REC-02980,1/19/2022,Western,1,464.22,76.4,15.34,3.35,99.6,23.6,19,77.6,3.4,Middle_Division,97.27,20.95
REC-02981,1/19/2022,Western,1,475.75,73.7,14.03,2.94,93.7,22.6,15.7,81.4,4.29,East_Block,91.13,19.16
REC-02982,1/19/2022,Western,1,464.92,76.9,18.98,2.87,101.7,28,20.1,80.6,2.6,Middle_Division,93.13,20.03
REC-02983,1/19/2022,Western,1,515.11,78.3,17.51,2.77,108.5,23.5,18.2,78.3,3.31,Upper_Division,101.08,19.62
REC-02984,1/19/2022,Western,1,484.7,80,16.38,3.31,94.4,33.3,15.6,75.5,2.19,Upper_Division,97.41,20.1
REC-02985,1/18/2022,Western,1,539.44,78.4,17.57,2.64,92.2,24.6,19.4,70.2,2.49,Lower_Division,115.45,21.4
REC-02986,1/18/2022,Western,1,456.62,78.6,14.59,3.2,107.7,22.9,20.2,77.8,2.35,East_Block,91.69,20.08
REC-02987,1/17/2022,Western,1,467.38,80.9,15.46,3.07,98.8,28,16.2,80,2.6,Upper_Division,90.13,19.28
REC-02988,1/17/2022,Western,1,718.28,79.9,16.14,2.05,97.9,26.8,16.8,73,4.58,West_Block,144.86,20.17
REC-02989,1/17/2022,Western,1,513.64,82,17.18,3.62,91.2,21.3,16,78.3,3.75,Lower_Division,99.3,19.33
REC-02990,1/16/2022,Western,1,512.81,81.4,17.06,3.35,99.1,26.5,19.9,83.8,4.37,West_Block,102.96,20.08
REC-02991,1/16/2022,Western,1,323.56,75.2,15.58,3.94,94,20.1,17.9,84,4.02,East_Block,62.65,19.36
REC-02992,1/15/2022,Western,1,523.4,79.1,19.2,2.85,89.5,26.4,17.9,81.9,4.98,West_Block,102.84,19.65
REC-02993,1/15/2022,Western,1,518.56,81.7,16.99,3.75,97.8,23.8,18.8,78.1,2.4,East_Block,103.13,19.89
REC-02994,1/14/2022,Western,1,509.81,81.1,14.76,3.29,93.5,25.6,17.9,84.9,1.74,Lower_Division,100.48,19.71
REC-02995,1/13/2022,Western,1,442.38,84.7,14.69,2,98.6,25.7,16.3,82.2,3.24,East_Block,85.72,19.38
REC-02996,1/12/2022,Western,1,557.32,78.9,18.85,2.81,88.6,27.6,18.9,74.2,1.81,Upper_Division,103.99,18.66
REC-02997,1/12/2022,Western,1,778.87,84.1,15.73,3.54,91.9,20.4,21.3,80.4,2.87,Lower_Division,154.97,19.9
REC-02998,1/12/2022,Western,1,394.62,77.3,18.27,3.65,91.6,25.6,17.6,79.5,3.33,West_Block,76.3,19.33
REC-02999,1/11/2022,Western,1,416.41,79,14.54,2.8,95.9,26.7,17.8,72,3.62,West_Block,82.37,19.78
REC-03000,1/11/2022,Western,1,472.48,79.3,16.82,2.6,93.8,26.2,19.7,72.9,3.27,Upper_Division,92.1,19.49
REC-03001,1/11/2022,Western,1,384.19,73.3,15.61,2.75,101.5,19.7,21.1,81.4,1.86,Lower_Division,79.06,20.58
REC-03002,1/11/2022,Western,1,351.93,75.8,15.2,2.81,99.5,23.9,18.6,73.2,4.12,Middle_Division,72.32,20.55
REC-03003,1/10/2022,Western,1,694.99,77.7,16.7,2.82,95.1,25.7,18.6,70.1,2.93,West_Block,139.69,20.1
REC-03004,1/10/2022,Western,1,771.05,80.9,16.72,3.77,94.8,23.6,18,84.2,3.08,Upper_Division,143.73,18.64
REC-03005,1/10/2022,Western,1,851.23,78.8,13.64,3.7,95.7,24,15.6,84.3,3.3,Middle_Division,163.46,19.2
REC-03006,1/9/2022,Western,1,818.05,79.2,15.04,2.92,97.4,28,15.4,71.8,2.72,Lower_Division,173.46,21.2
REC-03007,1/9/2022,Western,1,362.05,73.4,16.03,3.4,99.5,28.2,17.3,81.9,3.25,East_Block,70.56,19.49
REC-03008,1/9/2022,Western,1,546.53,77.1,16.88,3.34,92.3,20.1,15.3,83.3,4.32,Middle_Division,112.9,20.66
REC-03009,1/9/2022,Western,1,328.61,81.8,17.79,3.1,99.4,27.3,21,77.4,2.27,Lower_Division,68.08,20.72
REC-03010,1/9/2022,Western,1,464.94,79.1,17.33,3.08,99.9,29.3,20.7,83.4,4.67,Middle_Division,92.68,19.93
REC-03011,1/8/2022,Western,1,533.84,81.9,16.47,3.68,94.9,22.9,19.6,71.1,2.62,Upper_Division,103.4,19.37
REC-03012,1/8/2022,Western,1,542.55,77.8,13.78,3.05,94.2,18,15.2,83.2,4.34,Lower_Division,107.98,19.9
REC-03013,1/8/2022,Western,1,530.27,78.9,16.5,3.56,106.1,27.6,17.1,81.2,3.66,Lower_Division,109.62,20.67
REC-03014,1/8/2022,Western,1,527.15,78.5,13.03,4.19,96.9,18,17.1,83.8,1.69,East_Block,100.22,19.01
REC-03015,1/7/2022,Western,1,643.98,76.8,16.79,2.62,95,23.9,16.9,83,4.23,Lower_Division,130.99,20.34
REC-03016,1/7/2022,Western,1,835.19,79.7,14.82,2.65,97.4,27.3,15.3,75.6,3.52,Upper_Division,173.22,20.74
REC-03017,1/7/2022,Western,1,538.78,82.2,16.6,3.9,100.6,19.8,19.4,79.8,3.62,Lower_Division,107.92,20.03
REC-03018,1/6/2022,Western,1,649.44,75.7,17.58,2.93,92,27.9,20.7,83.4,4.18,Lower_Division,131.08,20.18
REC-03019,1/6/2022,Western,1,524.96,78.7,15.64,2.59,100.9,24.8,17.9,76.1,4.39,West_Block,110.77,21.1
REC-03020,1/6/2022,Western,1,410.59,75.1,16.98,3.16,96.8,25.9,19.8,79.9,2.72,Upper_Division,84.02,20.46
REC-03021,1/5/2022,Western,1,849.47,79.1,16.37,3.32,98.5,24.3,16.8,84.7,2.46,West_Block,178.12,20.97
REC-03022,1/5/2022,Western,1,532.93,74.7,15.42,3.63,97.5,21.4,21.4,71.2,3.51,Middle_Division,102.97,19.32
REC-03023,1/5/2022,Western,1,524.11,80.7,14.87,2.97,92.4,29.7,18.8,75.7,2.1,Middle_Division,104.66,19.97
REC-03024,1/5/2022,Western,1,444.85,79.2,15.33,3.46,98.6,22.6,15.8,83.7,3.29,Upper_Division,90.7,20.39
REC-03025,1/4/2022,Western,1,727.66,73.7,15.26,2.22,97.2,23.3,15.8,72.7,3.34,West_Block,147.44,20.26
REC-03026,1/4/2022,Western,1,374.14,81.3,15.22,3.28,92.6,24.1,18.9,80.6,1.86,Middle_Division,76.93,20.56
REC-03027,1/4/2022,Western,1,411.23,81,17.37,2.7,93.7,24.5,20.8,82.8,3,West_Block,85.48,20.79
REC-03028,1/4/2022,Western,1,633.08,81.3,14.72,3.35,102.6,24.2,18.8,70.2,2.15,Lower_Division,127.87,20.2
REC-03029,1/3/2022,Western,1,460.97,74.4,14.17,3.38,105.6,27.6,15.9,85,1.93,Lower_Division,96.08,20.84
REC-03030,1/3/2022,Western,1,398.26,80,17.26,2.67,96.3,21.8,18.3,70.8,4.98,Lower_Division,81.79,20.54
REC-03031,1/3/2022,Western,1,461.03,78.2,13.21,3.05,97.2,22.9,15,84,4.14,Lower_Division,93.59,20.3
REC-03032,1/2/2022,Western,1,665.32,81.4,18.39,2.59,104.9,20.9,20.3,76.8,1.74,Lower_Division,133.93,20.13
REC-03033,1/1/2022,Western,1,533.99,79.8,13.69,2.12,100.6,28,19.3,73,2.03,Upper_Division,102.52,19.2
REC-03034,1/1/2022,Western,1,685.76,78.2,16.55,3.73,97.3,24.4,21.6,82.9,4.84,West_Block,138.73,20.23
REC-03035,1/1/2022,Western,1,483.34,79.6,15.24,2.8,95.5,30.7,17.2,78.2,2.8,West_Block,98.41,20.36
REC-03036,12/31/2021,NE_Monsoon,12,736.97,77.3,15.8,3.31,98.3,24.7,18.5,87.2,7.97,Lower_Division,158.46,21.5
REC-03037,12/30/2021,NE_Monsoon,12,569.67,77.9,16.01,2.49,96,19.1,21,83.6,8.91,Middle_Division,113.59,19.94
REC-03038,12/29/2021,NE_Monsoon,12,616.75,78.9,17.34,2.86,90.8,21.4,22,86.3,10.03,Upper_Division,120.54,19.54
REC-03039,12/29/2021,NE_Monsoon,12,639.65,79.3,17.78,3.24,101,21.9,23.4,82.4,10.46,Middle_Division,134.69,21.06
REC-03040,12/28/2021,NE_Monsoon,12,460.74,74.7,19.63,3.13,101.2,25.2,21.5,88.8,6.59,West_Block,95.27,20.68
REC-03041,12/27/2021,NE_Monsoon,12,714.75,81.6,16.58,3.66,99.2,29.5,17.2,79.1,9.11,Lower_Division,148.43,20.77
REC-03042,12/27/2021,NE_Monsoon,12,759.32,76.5,18.06,3.15,94.4,32.3,20.9,87.2,6.81,Lower_Division,155.61,20.49
REC-03043,12/26/2021,NE_Monsoon,12,430.89,78,15.97,3.59,102.2,31.6,18.2,82.4,5.92,East_Block,88.38,20.51
REC-03044,12/26/2021,NE_Monsoon,12,801.77,76.1,14.06,2,98.1,23.7,18.4,86.5,9.65,East_Block,159.02,19.83
REC-03045,12/26/2021,NE_Monsoon,12,642.79,78.1,18.33,3,93.8,28.8,23.4,89.3,8.23,Lower_Division,134.62,20.94
REC-03046,12/25/2021,NE_Monsoon,12,459.21,73.8,15.88,2.84,91.2,23.3,19.3,81.8,5.52,Middle_Division,97.55,21.24
REC-03047,12/25/2021,NE_Monsoon,12,365.67,79.9,18.37,2.44,101.7,25.8,19.6,83,8.92,Upper_Division,75.42,20.63
REC-03048,12/25/2021,NE_Monsoon,12,538.14,78.1,14.88,2.99,88.3,29.5,17.9,79,7.28,Middle_Division,106.64,19.82
REC-03049,12/24/2021,NE_Monsoon,12,565.81,75.8,16.25,2.6,95.3,22,21.4,85,8.39,Middle_Division,118.75,20.99
REC-03050,12/23/2021,NE_Monsoon,12,421.86,78.6,12.14,3.81,93.2,26.1,20,81.4,8.84,West_Block,84.34,19.99
REC-03051,12/23/2021,NE_Monsoon,12,448.87,77.3,16.28,3.55,90.6,31.3,22.3,83.8,10.59,Middle_Division,91.32,20.35
REC-03052,12/23/2021,NE_Monsoon,12,440.39,77.3,15.13,2.65,89.2,18.8,23.5,79.2,10.25,Middle_Division,89.11,20.24
REC-03053,12/22/2021,NE_Monsoon,12,633.14,79.8,15.2,3.8,96.9,24.7,22.3,86.7,8.24,West_Block,132.25,20.89
REC-03054,12/22/2021,NE_Monsoon,12,722.57,78.5,15.56,3.54,97.6,25.5,17.9,80.9,5.17,West_Block,146.76,20.31
REC-03055,12/22/2021,NE_Monsoon,12,523.72,79.2,14.75,2.8,107,24.1,19.8,82.1,8.83,West_Block,107.95,20.61
REC-03056,12/21/2021,NE_Monsoon,12,457.89,85,16.04,2.07,104.2,20,17.3,81.8,5.71,West_Block,93.23,20.36
REC-03057,12/21/2021,NE_Monsoon,12,438.33,70.4,17.41,3.13,99.5,22.3,18.9,81.5,10.56,West_Block,90.62,20.67
REC-03058,12/21/2021,NE_Monsoon,12,563.52,78.2,17.32,3.54,102.2,22.3,19.8,85.2,7,Upper_Division,113.72,20.18
REC-03059,12/21/2021,NE_Monsoon,12,572.79,77.5,19.34,2.85,89.8,26.1,23.4,79.9,9.66,East_Block,115.07,20.09
REC-03060,12/21/2021,NE_Monsoon,12,457.57,81,16.05,2.48,93.6,27.8,23.8,81.7,10.32,East_Block,97.08,21.22
REC-03061,12/20/2021,NE_Monsoon,12,445.97,81,16.8,3.42,102.7,28.4,23.6,89.6,9.69,Upper_Division,89.46,20.06
REC-03062,12/20/2021,NE_Monsoon,12,486.93,74.8,17.06,2,104.8,21.1,23,87.2,7.97,Upper_Division,94.6,19.43
REC-03063,12/20/2021,NE_Monsoon,12,740.86,77.7,19.64,2.91,100.7,24.8,20,85.8,7.93,Middle_Division,153.54,20.72
REC-03064,12/20/2021,NE_Monsoon,12,584.96,78.3,16.44,2.5,91.9,27.7,22.9,80.8,7.94,Upper_Division,120.58,20.61
REC-03065,12/20/2021,NE_Monsoon,12,502.93,80.2,17.23,2.9,100.5,29.5,19.4,82.2,7.66,East_Block,102.22,20.32
REC-03066,12/20/2021,NE_Monsoon,12,623.93,83,18.83,3.08,101.2,28.7,22.1,79.6,10.07,Lower_Division,132.85,21.29
REC-03067,12/19/2021,NE_Monsoon,12,499.16,79.2,14.99,2.92,96.4,24.2,24,81.1,9.19,Lower_Division,105.75,21.19
REC-03068,12/19/2021,NE_Monsoon,12,409.62,70,17.89,2.35,100.3,27.1,19.9,80.4,7.62,Lower_Division,82.67,20.18
REC-03069,12/19/2021,NE_Monsoon,12,458.14,76.9,15.05,2.66,94.4,22.9,18.9,86.3,6.34,Middle_Division,94.84,20.7
REC-03070,12/18/2021,NE_Monsoon,12,799.05,74.6,16.87,3.49,99.2,29.2,23.7,87.7,6,East_Block,166.57,20.85
REC-03071,12/18/2021,NE_Monsoon,12,855.04,76.3,13.7,2.57,99.2,31.7,21.6,80.3,5.64,West_Block,175.52,20.53
REC-03072,12/17/2021,NE_Monsoon,12,541.51,80.8,14.71,4.17,85,30.5,21.7,83.2,8.65,West_Block,98.36,18.16
REC-03073,12/17/2021,NE_Monsoon,12,412.2,79.4,14.87,3.01,93.9,18.9,23.8,84.7,10.04,Lower_Division,83.31,20.21
REC-03074,12/16/2021,NE_Monsoon,12,627.76,79.5,15.12,3.1,95,21.7,21.9,86.5,6.98,Middle_Division,128.95,20.54
REC-03075,12/16/2021,NE_Monsoon,12,392.23,82.4,18.67,2,100,27.5,18.6,88.5,5.4,Lower_Division,78.08,19.91
REC-03076,12/15/2021,NE_Monsoon,12,608.94,79.4,17.54,2.76,105.4,24.5,20.7,89.2,5.47,Upper_Division,125.3,20.58
REC-03077,12/14/2021,NE_Monsoon,12,496.95,70,13.61,2.75,97.6,21.4,21.7,84.2,9.88,Upper_Division,99.69,20.06
REC-03078,12/14/2021,NE_Monsoon,12,495.13,80.4,14.09,2.6,106.5,25.7,18.1,83.8,9.33,Middle_Division,101.85,20.57
REC-03079,12/14/2021,NE_Monsoon,12,608.9,74.9,13.81,3.18,104.9,30.4,18,86.7,8.95,Middle_Division,125.57,20.62
REC-03080,12/13/2021,NE_Monsoon,12,464.94,84,16.03,3.04,98.7,20.5,23.7,87.3,8.03,Middle_Division,92.24,19.84
REC-03081,12/13/2021,NE_Monsoon,12,474.69,76.5,14.74,3.51,93.6,26.1,20.7,82.6,6.7,Middle_Division,97.82,20.61
REC-03082,12/13/2021,NE_Monsoon,12,713.85,77.4,17.04,3.43,100.9,30.4,21.7,84.8,10.64,Lower_Division,148.66,20.83
REC-03083,12/13/2021,NE_Monsoon,12,618.97,76.9,14.71,2.55,108.1,22.6,23.5,86.5,6.91,Middle_Division,127.5,20.6
REC-03084,12/12/2021,NE_Monsoon,12,548.18,76.1,18.72,3.89,96,24.5,21,82.4,7.72,Middle_Division,110.07,20.08
REC-03085,12/11/2021,NE_Monsoon,12,560.21,81.8,14.3,2.77,103.1,25.4,18.1,85.4,8.85,Middle_Division,112.61,20.1
REC-03086,12/11/2021,NE_Monsoon,12,406.94,70.6,16.77,2.82,103.9,22.3,22.3,83.8,5.52,Upper_Division,81.51,20.03
REC-03087,12/10/2021,NE_Monsoon,12,490.45,75.2,16.01,3.38,90.4,29.1,19.7,89.8,10.47,East_Block,100.48,20.49
REC-03088,12/10/2021,NE_Monsoon,12,454.7,81.2,18.13,3.33,94.3,21.4,20.2,79.7,10.22,Upper_Division,87.85,19.32
REC-03089,12/10/2021,NE_Monsoon,12,394.72,75.9,16.4,3.97,102,21.6,22.4,79.7,7.42,Upper_Division,79.77,20.21
REC-03090,12/9/2021,NE_Monsoon,12,406.59,72.6,16.28,3.16,91.7,22,18.8,88.5,8.64,Upper_Division,78.1,19.21
REC-03091,12/9/2021,NE_Monsoon,12,291.51,75.9,15.22,2.15,93.9,23.4,23.2,85.3,10.43,East_Block,61.38,21.05
REC-03092,12/9/2021,NE_Monsoon,12,658.46,81.5,19.79,3.91,106.1,27.2,23.7,89.4,7.39,East_Block,125.12,19
REC-03093,12/8/2021,NE_Monsoon,12,567.59,81.9,15.21,3.03,91.1,23.4,23.4,80.2,9.61,Upper_Division,113.57,20.01
REC-03094,12/8/2021,NE_Monsoon,12,575.79,78,15.71,2.3,100.8,22,17.7,88.9,7.59,Middle_Division,120.24,20.88
REC-03095,12/7/2021,NE_Monsoon,12,350.37,78.1,14.46,3.24,89.7,24,21.6,87.5,8.49,Upper_Division,67.56,19.28
REC-03096,12/7/2021,NE_Monsoon,12,438.08,82.9,16.89,2.65,96,25.1,18.4,87,9.25,Upper_Division,87.19,19.9
REC-03097,12/7/2021,NE_Monsoon,12,632.63,79.8,16.21,3.43,90.9,21.6,18.5,89.1,9.29,West_Block,130.93,20.7
REC-03098,12/7/2021,NE_Monsoon,12,586.82,77.6,14.66,2.53,88.6,27.1,17.5,80.3,8.45,West_Block,119.5,20.36
REC-03099,12/7/2021,NE_Monsoon,12,538.25,80.8,15.5,3,102.2,22.2,17.2,84.9,9.73,Upper_Division,115.79,21.51
REC-03100,12/7/2021,NE_Monsoon,12,555.22,75.6,16.94,2.87,96.6,21.1,20.1,85.2,7.47,East_Block,117.36,21.14
REC-03101,12/6/2021,NE_Monsoon,12,612.66,77,14.57,3.33,99.3,22.9,23.1,82,6.32,Upper_Division,124.24,20.28
REC-03102,12/6/2021,NE_Monsoon,12,372.64,79.4,14.86,2,93.3,25.6,24,82,9.71,Lower_Division,77.21,20.72
REC-03103,12/6/2021,NE_Monsoon,12,494.02,85,15.33,3.5,103.1,25.5,18.3,83.2,9.94,Upper_Division,98.9,20.02
REC-03104,12/5/2021,NE_Monsoon,12,513.8,79.3,14.41,2.95,92.5,23.3,23.2,84.8,9.24,Upper_Division,104.78,20.39
REC-03105,12/5/2021,NE_Monsoon,12,595.51,83.8,17.13,2.72,95.2,26,19.9,83.3,10.36,Lower_Division,126.36,21.22
REC-03106,12/5/2021,NE_Monsoon,12,556.17,77.1,14.25,3.04,89.3,26.9,23.8,82.9,5.4,Upper_Division,111.73,20.09
REC-03107,12/4/2021,NE_Monsoon,12,337.09,76.7,15.65,2.46,91.7,26.6,17.5,82.9,9.24,Upper_Division,67.45,20.01
REC-03108,12/4/2021,NE_Monsoon,12,810.43,75.7,15.73,2.28,95.5,27.5,23.5,78.9,5.09,Upper_Division,163.54,20.18
REC-03109,12/4/2021,NE_Monsoon,12,449.57,79.4,15.1,3.09,97.7,23.9,22.8,82.2,6.11,West_Block,93.83,20.87
REC-03110,12/4/2021,NE_Monsoon,12,567.1,82,14.81,2.81,85.7,29.3,23.7,85.9,6.92,Middle_Division,105.93,18.68
REC-03111,12/3/2021,NE_Monsoon,12,677.32,83.5,15.43,3.17,102.9,20.1,21.5,87.7,9.18,West_Block,137.52,20.3
REC-03112,12/3/2021,NE_Monsoon,12,597.92,74.3,15.27,3.64,99.2,24.5,20.7,88.3,9.06,Middle_Division,118.57,19.83
REC-03113,12/2/2021,NE_Monsoon,12,454.76,76.7,16.6,2.95,93.3,28.3,22.9,79.4,9.6,Middle_Division,91.42,20.1
REC-03114,12/1/2021,NE_Monsoon,12,490.56,79.6,15.59,4.08,100.3,25.9,23.7,87.1,6.69,Lower_Division,100.91,20.57
REC-03115,11/30/2021,NE_Monsoon,11,776.22,79.3,18.59,2.75,99.2,23.1,17.2,84.2,8.3,Upper_Division,167.91,21.63
REC-03116,11/30/2021,NE_Monsoon,11,560.28,72.1,15.73,3.31,94.9,24.3,23.2,87.7,9.43,Upper_Division,113.01,20.17
REC-03117,11/29/2021,NE_Monsoon,11,648.77,78.4,15.73,2.48,89.2,29.3,18.9,89.3,8.06,Middle_Division,126.47,19.49
REC-03118,11/28/2021,NE_Monsoon,11,563.68,79.2,18.14,2.51,97.4,23.2,18.3,79.5,5.04,Lower_Division,119.08,21.13
REC-03119,11/28/2021,NE_Monsoon,11,548.77,77.4,12.97,2,98.3,18,22.8,78.4,9.92,West_Block,109.62,19.98
REC-03120,11/28/2021,NE_Monsoon,11,356.12,70.7,14.88,3.67,100.9,20.2,17.4,89.1,9.8,Lower_Division,70.39,19.77
REC-03121,11/27/2021,NE_Monsoon,11,565.24,81,18.63,2.66,97.7,23,19,84.9,9.8,Lower_Division,121.44,21.48
REC-03122,11/27/2021,NE_Monsoon,11,440.65,79.2,17.12,2.37,96.1,27.3,23.1,86,6.97,Middle_Division,90.91,20.63
REC-03123,11/26/2021,NE_Monsoon,11,642.14,81.3,15.76,2.89,102.1,25.6,17.3,85.6,7.67,West_Block,134.82,21
REC-03124,11/26/2021,NE_Monsoon,11,740.61,75.1,15.15,3.39,101.4,24.8,23.6,81.2,5.82,West_Block,160.77,21.71
REC-03125,11/26/2021,NE_Monsoon,11,250,75.8,15.47,3.27,98.9,21.9,20.8,81.9,7.3,Middle_Division,50.36,20.15
REC-03126,11/25/2021,NE_Monsoon,11,750.51,79.4,16.52,3.03,104.7,26.2,18.1,80.9,8.81,West_Block,160.48,21.38
REC-03127,11/25/2021,NE_Monsoon,11,607.76,76.1,15.47,3.32,93.2,31.1,18,87.2,5.73,West_Block,127.93,21.05
REC-03128,11/25/2021,NE_Monsoon,11,559.79,78.4,15.9,2.65,85.3,28.2,20,83.2,7.15,Upper_Division,112.34,20.07
REC-03129,11/24/2021,NE_Monsoon,11,647.73,82.3,14.95,3.13,105.1,25.9,18.6,79.6,6.71,Upper_Division,128.49,19.84
REC-03130,11/24/2021,NE_Monsoon,11,540.25,75.3,16.28,3.63,100.2,26.1,17.2,79.2,9.1,West_Block,112.14,20.76
REC-03131,11/24/2021,NE_Monsoon,11,492.66,83.4,13.71,3.06,97,22.3,23.1,80.2,6.5,Upper_Division,98.71,20.04
REC-03132,11/23/2021,NE_Monsoon,11,550.4,82.3,17.21,2.74,91.3,20.4,22,87.5,6.19,West_Block,109.5,19.9
REC-03133,11/23/2021,NE_Monsoon,11,540.8,81.2,15.68,2.6,96.7,25.8,18.2,88.4,6.44,Middle_Division,114.23,21.12
REC-03134,11/23/2021,NE_Monsoon,11,565.65,77.7,15.83,2.69,102.9,23.7,20.9,80.5,6.33,Middle_Division,120.82,21.36
REC-03135,11/22/2021,NE_Monsoon,11,562.91,74.1,14.73,2.92,97.7,32.1,18.7,87.2,7.1,Lower_Division,119.77,21.28
REC-03136,11/22/2021,NE_Monsoon,11,390.24,85,16.3,3.26,100.9,24.3,21.7,89.8,8.02,Middle_Division,79.48,20.37
REC-03137,11/22/2021,NE_Monsoon,11,426.96,77.3,14.12,2.92,91.6,29.7,20.5,83.6,6.31,West_Block,86.74,20.32
REC-03138,11/21/2021,NE_Monsoon,11,488.75,75.6,14.35,3.32,88.2,26.1,22.9,84.9,6.68,Upper_Division,95.29,19.5
REC-03139,11/20/2021,NE_Monsoon,11,534.64,80.4,15.74,2.96,104.8,23.1,18.6,81,10.59,Upper_Division,114.11,21.34
REC-03140,11/20/2021,NE_Monsoon,11,409.84,75.5,16.52,2.98,91.4,23.4,21.1,83.7,5.68,Middle_Division,88.87,21.68
REC-03141,11/20/2021,NE_Monsoon,11,636.98,72.9,14.75,3.6,102.1,25.4,22.2,84,5.5,West_Block,129.62,20.35
REC-03142,11/19/2021,NE_Monsoon,11,454.05,81.8,15.94,3.72,104.6,22.7,22.3,87.6,5.86,East_Block,94.33,20.78
REC-03143,11/18/2021,NE_Monsoon,11,482.33,79.2,15.64,2.68,96.3,24.2,22.4,89.2,10.14,Lower_Division,106.68,22.12
REC-03144,11/17/2021,NE_Monsoon,11,492.15,77.3,15.64,2.66,97.9,22.1,18.7,86.1,9.7,West_Block,106.64,21.67
REC-03145,11/17/2021,NE_Monsoon,11,576.39,85,13.92,2.04,95,25.1,19.3,86.3,6.59,Middle_Division,118.25,20.52
REC-03146,11/17/2021,NE_Monsoon,11,481.05,80.7,17.53,2.72,106.7,23.3,23.6,84.9,7,East_Block,95.66,19.89
REC-03147,11/17/2021,NE_Monsoon,11,417.93,78.1,16.37,2.83,96.7,22.3,18.8,83.4,5.95,Upper_Division,83.4,19.96
REC-03148,11/16/2021,NE_Monsoon,11,590.42,78.3,16.62,3.01,99.1,26.9,19.8,84.7,7.15,Middle_Division,123.26,20.88
REC-03149,11/16/2021,NE_Monsoon,11,462.69,78,15.07,2.91,98.4,24.9,20.9,83.5,10.19,Lower_Division,100.71,21.77
REC-03150,11/16/2021,NE_Monsoon,11,619.49,81.6,15.71,3.33,105.8,18.8,21.1,87.3,5.72,East_Block,124.46,20.09
REC-03151,11/14/2021,NE_Monsoon,11,555.1,78.8,15.4,2.3,94.7,24.9,19.9,83.6,5.66,East_Block,110.65,19.93
REC-03152,11/14/2021,NE_Monsoon,11,511.51,72.1,16.56,2.78,98.5,24.1,17.5,84.5,6.76,Middle_Division,106.52,20.83
REC-03153,11/13/2021,NE_Monsoon,11,652.21,74,16.65,2.84,92.4,29,18.3,89.4,9.13,West_Block,135.43,20.76
REC-03154,11/13/2021,NE_Monsoon,11,660.14,80.1,17.52,2.04,100.2,26.1,18.6,78.4,6.65,Middle_Division,133.42,20.21
REC-03155,11/13/2021,NE_Monsoon,11,523.93,75,18.5,2.45,99.6,28.5,19.6,82.2,6.1,East_Block,104.49,19.94
REC-03156,11/13/2021,NE_Monsoon,11,543.84,82.9,14.83,3.06,97.7,26.4,21.7,84.4,5.84,Upper_Division,115.57,21.25
REC-03157,11/12/2021,NE_Monsoon,11,423.41,78.5,19.49,2.63,94.1,23.3,20,84.3,6.75,Lower_Division,87.23,20.6
REC-03158,11/11/2021,NE_Monsoon,11,575.6,70.6,16.67,2.98,101.8,29.9,17.5,88.9,8.78,Upper_Division,116.15,20.18
REC-03159,11/11/2021,NE_Monsoon,11,609.06,80.4,18.3,3.21,97.8,26.4,19.7,86,8.01,East_Block,121.57,19.96
REC-03160,11/11/2021,NE_Monsoon,11,767.32,79.3,16.01,3.01,96,29.5,22.3,83,5.38,Upper_Division,157.45,20.52
REC-03161,11/11/2021,NE_Monsoon,11,411.15,70,14.91,2.82,94.6,20.6,21.1,82.3,10.21,West_Block,82.78,20.13
REC-03162,11/10/2021,NE_Monsoon,11,724.11,74.5,18.69,3.14,100.1,21.5,21.6,83.4,9.41,Middle_Division,144.45,19.95
REC-03163,11/10/2021,NE_Monsoon,11,489.96,77.4,15.21,2.64,105.8,24.8,23.3,84.1,10.59,East_Block,104.87,21.4
REC-03164,11/10/2021,NE_Monsoon,11,449.47,75.4,16.16,2.65,96.8,21.7,19.7,88,5.85,Lower_Division,93.53,20.81
REC-03165,11/10/2021,NE_Monsoon,11,436.23,77.6,13.92,2.52,97,21,18.5,81.4,5.71,Lower_Division,91.37,20.95
REC-03166,11/10/2021,NE_Monsoon,11,439.59,78.2,18.35,2.83,92.3,23.3,21.6,86.9,9.87,West_Block,91.44,20.8
REC-03167,11/10/2021,NE_Monsoon,11,886.27,81.4,18.68,3.41,95.6,23.9,19.3,86.9,5.15,Upper_Division,172.91,19.51
REC-03168,11/9/2021,NE_Monsoon,11,690.72,84,18.04,3.01,99.6,30.3,20.4,89.3,6.39,Upper_Division,132.89,19.24
REC-03169,11/9/2021,NE_Monsoon,11,534.24,77.5,14.77,3.56,100.8,25.8,18.5,88.4,7.91,Lower_Division,109.85,20.56
REC-03170,11/9/2021,NE_Monsoon,11,442.16,72.8,13.19,3.85,97.3,21.7,23.3,87,5.13,East_Block,88.43,20
REC-03171,11/9/2021,NE_Monsoon,11,657.56,73.6,14.07,2.46,102.9,23.1,21.5,81.5,8.15,Upper_Division,128.22,19.5
REC-03172,11/8/2021,NE_Monsoon,11,530.84,79,15.34,3.34,95.6,26.6,21.1,83.2,6.53,East_Block,116.26,21.9
REC-03173,11/8/2021,NE_Monsoon,11,626.04,81,15.77,3.52,100.1,20.4,22.2,80.8,8.38,Lower_Division,126.15,20.15
REC-03174,11/8/2021,NE_Monsoon,11,345.94,78.1,14.83,2,97.9,29.9,17.1,84.6,7.72,East_Block,67.64,19.55
REC-03175,11/8/2021,NE_Monsoon,11,736.3,79.3,13.86,2.53,97.5,23.9,19.3,80.1,10.25,West_Block,165.85,22.52
REC-03176,11/7/2021,NE_Monsoon,11,365.13,79.8,14.48,2.32,106.1,21.8,18.7,85,10.55,Lower_Division,74.77,20.48
REC-03177,11/7/2021,NE_Monsoon,11,728.19,79,15.32,3.59,113.7,22.4,21.7,83.9,9.65,East_Block,141.99,19.5
REC-03178,11/6/2021,NE_Monsoon,11,558.79,79.5,16.93,3.1,100.3,24.4,17.6,87.6,9.56,Middle_Division,121.8,21.8
REC-03179,11/6/2021,NE_Monsoon,11,487.47,80.3,16.2,2.9,92.5,26.7,23.8,78.5,7.16,West_Block,99.77,20.47
REC-03180,11/6/2021,NE_Monsoon,11,545.63,79.3,14.28,3.08,99.3,26.2,19.7,86.5,9.27,East_Block,113.22,20.75
REC-03181,11/6/2021,NE_Monsoon,11,617.4,77.8,18.88,2.95,90.6,26,22.8,87.1,6.03,Lower_Division,128.3,20.78
REC-03182,11/6/2021,NE_Monsoon,11,341.33,75.8,17.71,2.9,98.1,28.3,20.5,87.5,8.96,East_Block,70.84,20.75
REC-03183,11/5/2021,NE_Monsoon,11,493.83,77.1,18.91,2.99,92.5,29.4,19.9,81.8,5.51,Middle_Division,99.79,20.21
REC-03184,11/5/2021,NE_Monsoon,11,686.39,77.1,15.98,3.65,85,18,17.8,79.5,6.01,Upper_Division,128.83,18.77
REC-03185,11/3/2021,NE_Monsoon,11,686.91,77.7,17.43,3.04,95.1,24.4,21,79.4,7.72,East_Block,144.36,21.02
REC-03186,11/3/2021,NE_Monsoon,11,656.29,79.3,15.01,2.79,100.6,22,20.9,88.5,5.39,Lower_Division,141.71,21.59
REC-03187,11/3/2021,NE_Monsoon,11,423.64,78.5,16.75,3.29,101.6,22,23.9,83.9,7.56,Middle_Division,85.56,20.2
REC-03188,11/2/2021,NE_Monsoon,11,492.97,74,17.29,3.4,101.9,26.7,18.8,87.5,5.87,Upper_Division,99.86,20.26
REC-03189,11/2/2021,NE_Monsoon,11,591.46,75.7,14.74,3.33,91.4,30.1,20.5,81.7,5.83,East_Block,117.13,19.8
REC-03190,11/2/2021,NE_Monsoon,11,427.75,74.2,16.78,3.09,90.4,27.9,23.7,79.8,8.23,Upper_Division,86.05,20.12
REC-03191,11/2/2021,NE_Monsoon,11,589.51,78.8,14.69,3.6,104.2,29.9,17.3,89.5,6.26,East_Block,116.07,19.69
REC-03192,11/2/2021,NE_Monsoon,11,602.39,82.7,17.85,3.01,91,23.8,17.4,79.3,8.41,East_Block,118.25,19.63
REC-03193,11/2/2021,NE_Monsoon,11,638.19,81.2,17.19,2.3,99.5,24.8,18.2,83.1,6.1,West_Block,124.26,19.47
REC-03194,11/2/2021,NE_Monsoon,11,612.3,83.1,16.28,2.36,91.2,25.7,20,87.8,10.05,Upper_Division,120.34,19.65
REC-03195,11/1/2021,NE_Monsoon,11,250,77.2,16.27,2.9,89.5,20.7,23.3,88.6,9.3,Upper_Division,46.68,18.67
REC-03196,11/1/2021,NE_Monsoon,11,641.36,78.7,18.29,2.52,99.3,27.4,17.6,82.1,7.88,Middle_Division,135.38,21.11
REC-03197,11/1/2021,NE_Monsoon,11,452.51,75.3,16.08,2.84,96.3,26,21.4,80.4,10.66,East_Block,98.04,21.67
REC-03198,11/1/2021,NE_Monsoon,11,451.17,76.7,17.27,3.09,93,28.2,22.2,81.3,5.1,East_Block,90.54,20.07
REC-03199,10/31/2021,NE_Monsoon,10,434.46,77.9,16.75,3.83,105.5,26.9,17.8,82.9,10,West_Block,93.36,21.49
REC-03200,10/31/2021,NE_Monsoon,10,310.6,81.9,15.2,3.45,108.4,28.9,18.8,81,7.1,Upper_Division,63.04,20.3
REC-03201,10/30/2021,NE_Monsoon,10,591.46,73.6,15.62,2.47,97.4,25.6,19.4,88.2,7.8,Middle_Division,123.15,20.82
REC-03202,10/30/2021,NE_Monsoon,10,462.31,81.9,15.38,3.27,97.7,29.3,21.7,78.5,7.53,Upper_Division,92.81,20.07
REC-03203,10/29/2021,NE_Monsoon,10,610.74,76.7,17.56,3.62,95.9,23.5,20,82.6,10.55,Lower_Division,130.39,21.35
REC-03204,10/29/2021,NE_Monsoon,10,491.07,74.6,15.6,2.81,101.4,21.1,18.4,83.2,7.43,Middle_Division,102.64,20.9
REC-03205,10/29/2021,NE_Monsoon,10,530.18,78.3,15.92,3.28,93.9,26.7,21.9,80.3,5.68,Lower_Division,111.31,21
REC-03206,10/27/2021,NE_Monsoon,10,671.74,78.5,16.42,3.44,104.2,24.3,18.4,78.5,5.82,Middle_Division,142.25,21.18
REC-03207,10/27/2021,NE_Monsoon,10,702.12,76.6,17.61,3.38,108.1,18,23.4,78.1,5.3,West_Block,143.79,20.48
REC-03208,10/27/2021,NE_Monsoon,10,392.72,78.4,15.01,3.34,101,27.8,23.8,83.7,6.26,East_Block,83.32,21.22
REC-03209,10/26/2021,NE_Monsoon,10,652.08,80.4,13.75,2.5,101.4,19.9,23,86.6,9.68,Upper_Division,122.93,18.85
REC-03210,10/26/2021,NE_Monsoon,10,554.36,83.2,14.65,3.11,92.3,25.8,23.3,79.9,7.8,Middle_Division,111.26,20.07
REC-03211,10/26/2021,NE_Monsoon,10,418.72,77.2,14.56,3.21,102.1,31,23.3,82.6,6.77,East_Block,85.53,20.43
REC-03212,10/25/2021,NE_Monsoon,10,411.27,75,15.8,3.76,94.4,20.7,22.5,89.9,9.42,East_Block,83.65,20.34
REC-03213,10/25/2021,NE_Monsoon,10,585.71,80.6,16.98,2.63,101.4,24.7,18.1,87.6,7.02,Lower_Division,124.34,21.23
REC-03214,10/24/2021,NE_Monsoon,10,673.2,81.4,16.39,4.06,93.7,23.4,21.6,82.2,8.64,West_Block,131.48,19.53
REC-03215,10/24/2021,NE_Monsoon,10,385.66,76.2,18.89,2.46,93.9,26.6,18.6,87.3,7.75,West_Block,78,20.23
REC-03216,10/24/2021,NE_Monsoon,10,619.58,79.5,14.65,2.74,103,19.7,17.6,82.8,9.26,Lower_Division,125.42,20.24
REC-03217,10/24/2021,NE_Monsoon,10,317.44,79.4,15.34,2.69,98.8,23.6,21.4,83.4,9.38,East_Block,66.53,20.96
REC-03218,10/23/2021,NE_Monsoon,10,429.12,74.7,16.86,2.76,95,24.7,23.4,81.2,8.07,Lower_Division,88.98,20.73
REC-03219,10/23/2021,NE_Monsoon,10,746.73,81.8,19.01,3.49,96,26.3,19.9,85.6,5.52,East_Block,151.32,20.26
REC-03220,10/22/2021,NE_Monsoon,10,565.02,78.1,16.62,2.96,92,18,23.8,89.3,10.4,West_Block,114.81,20.32
REC-03221,10/22/2021,NE_Monsoon,10,567.85,74.5,16.19,2.47,103.2,26.4,20.4,86,5.63,East_Block,114.76,20.21
REC-03222,10/22/2021,NE_Monsoon,10,633.75,79.7,13.88,3.72,92.8,23,23.4,87.4,8.55,East_Block,124.4,19.63
REC-03223,10/21/2021,NE_Monsoon,10,604.01,76.6,12,2.69,98.8,24.8,18.3,87.1,8.79,West_Block,123.64,20.47
REC-03224,10/21/2021,NE_Monsoon,10,617.77,77.9,14.6,3.17,99.4,26.6,20.8,80.8,10.52,Lower_Division,132.09,21.38
REC-03225,10/21/2021,NE_Monsoon,10,760.54,76.3,14.28,2.57,86.5,27.2,17.6,86.5,8.03,Middle_Division,155.63,20.46
REC-03226,10/21/2021,NE_Monsoon,10,426.77,84.1,15.78,3.26,97,21.7,21,83.5,10.13,East_Block,85.84,20.11
REC-03227,10/21/2021,NE_Monsoon,10,752.92,77.9,18,2,94.2,27.8,23.9,89.7,6.3,Upper_Division,146.42,19.45
REC-03228,10/20/2021,NE_Monsoon,10,509.18,75.5,14.32,2.31,93.8,27.3,19.1,86.5,7.09,Upper_Division,100.54,19.75
REC-03229,10/20/2021,NE_Monsoon,10,510.63,78.4,15.25,3.19,97.4,22.8,21.9,84.4,8.24,Lower_Division,110.32,21.6
REC-03230,10/20/2021,NE_Monsoon,10,661.28,81,14.36,3.44,100.1,25.5,19.3,84.4,7.04,East_Block,141.4,21.38
REC-03231,10/19/2021,NE_Monsoon,10,614.93,83,16.16,2.54,90.7,28,17,81.7,6.44,East_Block,126.2,20.52
REC-03232,10/19/2021,NE_Monsoon,10,536.01,73.2,15.76,2.73,94.7,24.6,19.2,84.7,6.95,Middle_Division,111.11,20.73
REC-03233,10/19/2021,NE_Monsoon,10,515.45,75.7,14.89,3.14,109,27.4,17.9,80.7,8.83,Middle_Division,105.67,20.5
REC-03234,10/18/2021,NE_Monsoon,10,565.86,76.6,15.97,2.45,91.2,27.3,19.3,87.8,10.63,Upper_Division,117.83,20.82
REC-03235,10/18/2021,NE_Monsoon,10,726.73,80.3,16.26,3.2,93,27.2,23.7,78.7,6.96,Upper_Division,143.54,19.75
REC-03236,10/17/2021,NE_Monsoon,10,603.92,78.1,15.3,2.78,95.2,29.4,17.5,85.6,5.85,Upper_Division,120.13,19.89
REC-03237,10/17/2021,NE_Monsoon,10,381.8,78.8,16.79,3.33,104.2,28.7,20.5,81.2,8.52,Upper_Division,78.21,20.48
REC-03238,10/17/2021,NE_Monsoon,10,621.73,74.3,16.27,3.08,98,25.4,18.5,83.4,5.97,East_Block,128.06,20.6
REC-03239,10/16/2021,NE_Monsoon,10,452.51,77.9,15.4,2.71,101.2,24.2,17.7,88.8,9.74,Upper_Division,93.93,20.76
REC-03240,10/16/2021,NE_Monsoon,10,689.3,77.1,16.56,2.85,100.8,23,22.4,81.3,7.73,Middle_Division,146.36,21.23
REC-03241,10/15/2021,NE_Monsoon,10,581.61,79.4,18.16,2.62,100.4,26,23.2,82.1,6.56,East_Block,120.07,20.64
REC-03242,10/15/2021,NE_Monsoon,10,594.83,81.2,16.39,3.13,104.6,24.4,20.2,79.5,5.19,West_Block,123.7,20.8
REC-03243,10/15/2021,NE_Monsoon,10,408.59,81,15.92,3.55,101.6,26.4,19.3,79.9,6.34,Lower_Division,86.86,21.26
REC-03244,10/15/2021,NE_Monsoon,10,493.34,79.6,15.93,3.46,93.3,18,19.2,85.3,10.48,Middle_Division,102.77,20.83
REC-03245,10/15/2021,NE_Monsoon,10,565.44,82.5,12.9,2.37,100.2,24.6,23.9,78.3,6.08,Lower_Division,117.07,20.71
REC-03246,10/15/2021,NE_Monsoon,10,598.9,80.6,16.11,2.16,89.4,25.2,19.5,86.6,8.51,West_Block,115.63,19.31
REC-03247,10/14/2021,NE_Monsoon,10,467.31,80.7,15.75,3.27,92.4,27.8,19.6,88.5,8.08,West_Block,96.46,20.64
REC-03248,10/14/2021,NE_Monsoon,10,564.6,79.3,17.69,2.97,98.3,25.5,21.3,83.1,10.42,Upper_Division,120.79,21.39
REC-03249,10/14/2021,NE_Monsoon,10,430.48,81.4,14.46,2.78,99.7,26.3,20.8,80.7,9.46,Upper_Division,83.38,19.37
REC-03250,10/14/2021,NE_Monsoon,10,647.65,78.7,14.78,2.41,100.8,25.9,17.4,87.3,9.83,West_Block,131.98,20.38
REC-03251,10/14/2021,NE_Monsoon,10,663.93,79,20,2.19,103.1,24.5,21.5,84,6.51,East_Block,137.28,20.68
REC-03252,10/13/2021,NE_Monsoon,10,452.99,80.8,16.77,2.68,100.1,26.5,19.7,82.3,5.84,East_Block,91.75,20.25
REC-03253,10/13/2021,NE_Monsoon,10,602.03,77.3,14.64,2.09,96.1,24.5,20.9,87,9.97,Middle_Division,123.81,20.57
REC-03254,10/13/2021,NE_Monsoon,10,437.73,75.7,19.71,2.93,98.1,25.1,18.2,84.5,7.01,Lower_Division,91.79,20.97
REC-03255,10/13/2021,NE_Monsoon,10,513.57,78.5,16.38,3.24,99,21,20.7,86.5,9.36,East_Block,103.26,20.11
REC-03256,10/11/2021,NE_Monsoon,10,647.83,80.8,15.1,2.34,92.6,24.7,19.1,81.6,10.08,East_Block,136.06,21
REC-03257,10/11/2021,NE_Monsoon,10,469.03,82,14.81,3.69,91.7,25.6,17.9,83.4,5.72,West_Block,95.44,20.35
REC-03258,10/11/2021,NE_Monsoon,10,581.63,75.2,16.62,2.27,104.8,24.7,23.5,85,6.05,Lower_Division,122.8,21.11
REC-03259,10/10/2021,NE_Monsoon,10,669.19,75.5,17.74,3.02,99.6,24,21.3,83.4,6.15,West_Block,144.68,21.62
REC-03260,10/10/2021,NE_Monsoon,10,365.72,78.2,16.9,2.44,103.8,18.6,23.2,89.9,5.91,Lower_Division,74.41,20.35
REC-03261,10/10/2021,NE_Monsoon,10,505.62,81.9,17.89,2.55,109.1,27.6,21.5,83,5.09,West_Block,104.11,20.59
REC-03262,10/10/2021,NE_Monsoon,10,593.84,76.7,14.33,3.32,103.6,22.5,22.6,81.9,5.13,West_Block,126.78,21.35
REC-03263,10/9/2021,NE_Monsoon,10,525.55,78.7,14.33,3.42,92.5,29.3,20.2,78.1,6.22,Upper_Division,105.9,20.15
REC-03264,10/8/2021,NE_Monsoon,10,428.52,77.5,14.54,3.31,95.4,23.2,17.7,79.8,10.09,Upper_Division,88.44,20.64
REC-03265,10/8/2021,NE_Monsoon,10,602.76,79.4,13.49,3.15,85,22.3,17.7,79.8,5.35,East_Block,119.09,19.76
REC-03266,10/7/2021,NE_Monsoon,10,415.7,78.5,12.09,2.33,100.9,23.3,23.7,86.3,5.86,Upper_Division,81.01,19.49
REC-03267,10/7/2021,NE_Monsoon,10,604.15,80.4,14.54,2.74,100.3,24.6,23.1,83,8,East_Block,121.45,20.1
REC-03268,10/6/2021,NE_Monsoon,10,532.08,77.2,15.49,2.59,101.3,26.7,21.5,89,10.16,East_Block,118.21,22.22
REC-03269,10/6/2021,NE_Monsoon,10,628.02,77.1,16.55,2.39,107.5,25.6,17.9,86.7,7.99,Lower_Division,134.27,21.38
REC-03270,10/6/2021,NE_Monsoon,10,549.15,78.1,16.02,3.09,98.7,24.8,21,87,10.34,East_Block,120.65,21.97
REC-03271,10/6/2021,NE_Monsoon,10,424.79,75.6,17.46,3.23,94.8,22.7,21.5,87.5,8.3,East_Block,87.67,20.64
REC-03272,10/5/2021,NE_Monsoon,10,568.24,76,17.91,2.7,102.2,25.1,17.3,83,5.1,East_Block,115.79,20.38
REC-03273,10/5/2021,NE_Monsoon,10,558.21,74.6,15.75,2.87,99.1,26.6,19.2,83.7,9.74,Upper_Division,115.42,20.68
REC-03274,10/5/2021,NE_Monsoon,10,560.27,77.6,14.97,2.66,96.6,23.7,19.7,84.7,10.53,Upper_Division,115.89,20.68
REC-03275,10/5/2021,NE_Monsoon,10,573.37,75,14.83,4.05,111.5,25,18.1,83.1,5.35,Middle_Division,113.31,19.76
REC-03276,10/4/2021,NE_Monsoon,10,668.24,71.9,16.6,3.11,93,21.3,23.4,84.5,5.53,West_Block,138.86,20.78
REC-03277,10/4/2021,NE_Monsoon,10,505.94,82.2,18.79,2.53,93,27.3,21.1,85.8,9.39,Lower_Division,102.18,20.2
REC-03278,10/3/2021,NE_Monsoon,10,464.7,75.9,16.09,2.8,99.3,27.6,17.4,85.9,10.24,Middle_Division,102.92,22.15
REC-03279,10/3/2021,NE_Monsoon,10,473.31,76.2,17.01,2.14,101.7,22.8,21.1,87.5,9.96,East_Block,98.5,20.81
REC-03280,10/3/2021,NE_Monsoon,10,464.35,76.6,17.22,3.15,88.7,30.3,20.5,79.3,5.94,East_Block,92.94,20.01
REC-03281,10/3/2021,NE_Monsoon,10,556.86,77,19.8,4.41,100.2,24.8,22.5,83.7,9.96,Middle_Division,113.79,20.43
REC-03282,10/2/2021,NE_Monsoon,10,623.1,82.9,17.47,3.42,103.3,31.4,18.3,87.9,6.77,Lower_Division,131.4,21.09
REC-03283,10/2/2021,NE_Monsoon,10,684.7,72.8,18.97,2.27,97.7,21.8,23.6,83.1,8.32,East_Block,130.94,19.12
REC-03284,10/2/2021,NE_Monsoon,10,370.89,79,13.86,2.5,103.2,26.6,19.4,79.6,8.62,East_Block,80.47,21.7
REC-03285,10/2/2021,NE_Monsoon,10,637.81,76.8,15.76,2.19,93.8,23.6,20.7,78.6,8.51,Upper_Division,123.94,19.43
REC-03286,10/2/2021,NE_Monsoon,10,518.58,77,16.69,3.25,98.8,21.6,17.5,89.6,9.33,West_Block,109.54,21.12
REC-03287,10/2/2021,NE_Monsoon,10,450.5,72.4,15.48,2.99,101.9,29.2,17.7,81.7,8.61,East_Block,96.65,21.45
REC-03288,10/1/2021,NE_Monsoon,10,595.81,78.4,13.84,2.98,102.9,25.6,18.3,83.9,8.64,West_Block,127.93,21.47
REC-03289,9/30/2021,Quality_Season,9,451.26,76.2,15.76,3.62,91.9,28.4,22.2,82.9,4.28,West_Block,83.27,18.45
REC-03290,9/30/2021,Quality_Season,9,559.12,82.1,16.8,3.61,101,30.9,17.7,72.8,5.07,West_Block,107.62,19.25
REC-03291,9/29/2021,Quality_Season,9,326.61,82.8,16.71,2.28,96.8,24.8,19.8,72.5,4.74,East_Block,62.35,19.09
REC-03292,9/28/2021,Quality_Season,9,396.38,74.3,12.73,3.27,95.9,30.8,20.3,79.9,4.53,East_Block,74.99,18.92
REC-03293,9/28/2021,Quality_Season,9,769.24,81.5,14.33,3.47,97.8,29,17.1,77.9,4,West_Block,150.47,19.56
REC-03294,9/28/2021,Quality_Season,9,506.73,80.1,17.52,3.19,94.2,19.4,20.8,72.8,2.82,Middle_Division,95.63,18.87
REC-03295,9/27/2021,Quality_Season,9,698.83,81.2,17.94,3,96.9,26.6,17.6,83,5.88,West_Block,136.71,19.56
REC-03296,9/27/2021,Quality_Season,9,573.22,73.9,16.93,3.37,103.8,29.4,21.9,82.5,2.94,Upper_Division,104.49,18.23
REC-03297,9/27/2021,Quality_Season,9,551.08,77.5,18.48,3.66,93.2,20,22.2,73.5,2.73,East_Block,106.37,19.3
REC-03298,9/27/2021,Quality_Season,9,381.14,79.8,15.63,2.99,92.5,19.7,17.5,73,2.75,Lower_Division,74.73,19.61
REC-03299,9/27/2021,Quality_Season,9,550.98,76.7,15.29,2,104.1,25.9,20.8,77.1,3.94,East_Block,108.84,19.75
REC-03300,9/27/2021,Quality_Season,9,456.61,76.4,16.28,3.4,96.8,19.2,20.5,74.6,4.41,West_Block,93.06,20.38
REC-03301,9/26/2021,Quality_Season,9,439.46,78,18.3,3.17,99.1,24.5,22.2,74.2,3.09,East_Block,88.86,20.22
REC-03302,9/26/2021,Quality_Season,9,486.83,81.7,15.81,3.71,103.7,23.8,16.6,79.2,3.07,West_Block,96.41,19.8
REC-03303,9/25/2021,Quality_Season,9,427.58,76.4,18.52,2.83,106.3,21.2,16.7,82,4.23,Lower_Division,82.78,19.36
REC-03304,9/25/2021,Quality_Season,9,615.55,80.9,17.63,2.81,92.4,22.6,22.4,83.9,4.51,Lower_Division,120.38,19.56
REC-03305,9/25/2021,Quality_Season,9,308.63,79.3,16.95,2.74,103.3,21.9,19.9,75.8,3.22,Lower_Division,64.92,21.04
REC-03306,9/24/2021,Quality_Season,9,654.91,78.1,16.05,3.09,104.3,27.1,20.3,81.3,2.96,Upper_Division,127.39,19.45
REC-03307,9/24/2021,Quality_Season,9,453.33,74.6,18.5,2.33,96.5,24.3,21.8,73.5,2.97,Upper_Division,85.86,18.94
REC-03308,9/24/2021,Quality_Season,9,718.51,78.3,14.78,3.21,97.6,24.4,18.3,79.3,3.14,West_Block,143.6,19.99
REC-03309,9/24/2021,Quality_Season,9,460.02,70,16.37,3.55,105.8,23.3,18,78.6,3.17,Upper_Division,85.48,18.58
REC-03310,9/24/2021,Quality_Season,9,410.28,83.3,14.29,3.2,91.4,26.6,18.9,79.7,4.67,Middle_Division,77.62,18.92
REC-03311,9/23/2021,Quality_Season,9,446.08,76.5,14.33,2.69,98.8,23.7,21.4,77.8,4.23,Lower_Division,91.48,20.51
REC-03312,9/23/2021,Quality_Season,9,642.12,70.6,15.29,2.64,108,20.9,18.2,83.4,4.56,Lower_Division,126.72,19.73
REC-03313,9/23/2021,Quality_Season,9,465.05,78.6,16.67,2.13,95.4,24.9,16.5,77.3,3.74,West_Block,90.13,19.38
REC-03314,9/23/2021,Quality_Season,9,440.28,81.3,14.04,2.74,101.8,24.9,18,82,2.7,Upper_Division,85.91,19.51
REC-03315,9/23/2021,Quality_Season,9,492.06,79.9,16.36,2.55,96.9,24.2,21.1,73.1,3.09,Lower_Division,103.76,21.09
REC-03316,9/23/2021,Quality_Season,9,506.15,78.7,14,3.62,100.5,22.7,19.8,83.5,5.56,East_Block,100.85,19.92
REC-03317,9/23/2021,Quality_Season,9,389.51,83.5,14.05,2.65,93.3,20,17.4,82.5,2.87,Upper_Division,67.33,17.29
REC-03318,9/22/2021,Quality_Season,9,714.51,70.7,16.49,2.23,110.1,23.4,17.7,81.8,5.48,East_Block,130.39,18.25
REC-03319,9/21/2021,Quality_Season,9,476.7,79.9,18.9,2.19,103.8,25.6,21.1,82.7,3.87,Lower_Division,91.63,19.22
REC-03320,9/21/2021,Quality_Season,9,588.7,76,16.91,3.2,89.2,23.3,18.5,75.5,5.34,Lower_Division,112.31,19.08
REC-03321,9/21/2021,Quality_Season,9,531.76,81.1,15.91,2.97,93,23.8,18.4,83.3,5.55,East_Block,105.84,19.9
REC-03322,9/20/2021,Quality_Season,9,510.43,79.1,17.87,2.55,99.5,20,18,73.6,3.86,Lower_Division,99.02,19.4
REC-03323,9/20/2021,Quality_Season,9,562.55,81.5,18.19,2.32,102.3,26.4,22,74.1,3.94,Upper_Division,103.82,18.46
REC-03324,9/19/2021,Quality_Season,9,566.34,77.6,17.41,3.59,93.9,24.9,20.2,79.6,4.69,Middle_Division,109.26,19.29
REC-03325,9/19/2021,Quality_Season,9,469.8,81.1,14.03,3,105.3,26.1,20.4,72.4,5.17,Middle_Division,89.51,19.05
REC-03326,9/18/2021,Quality_Season,9,580.09,85,13.8,4.05,103.7,24.5,21.6,84.1,3.57,Middle_Division,108.25,18.66
REC-03327,9/17/2021,Quality_Season,9,512.8,78.2,16.68,2.5,98.6,23.4,21.4,84.4,3.69,Lower_Division,104.93,20.46
REC-03328,9/17/2021,Quality_Season,9,407.44,77.4,16.69,2.72,100.8,25,16.8,81.1,3.22,West_Block,83.31,20.45
REC-03329,9/17/2021,Quality_Season,9,393.33,73.7,16.41,3.19,93,23,19.4,75,5.32,Upper_Division,77.46,19.69
REC-03330,9/15/2021,Quality_Season,9,539.22,72.6,14.05,2,99.7,23,20.8,73.1,5.04,Upper_Division,100.51,18.64
REC-03331,9/15/2021,Quality_Season,9,547.55,79.8,14.69,2.44,99,27.6,22.5,80,4.38,Lower_Division,109.6,20.02
REC-03332,9/15/2021,Quality_Season,9,640.04,78.1,14,3.09,103,30.2,20.6,72.7,5.08,Upper_Division,123.34,19.27
REC-03333,9/15/2021,Quality_Season,9,683.63,77.6,14.27,2,100.1,28.2,17.5,75.8,5.28,Lower_Division,130.73,19.12
REC-03334,9/14/2021,Quality_Season,9,648.16,79.8,17.38,3,92.2,22.9,19.2,73.6,3.69,Middle_Division,125.2,19.32
REC-03335,9/14/2021,Quality_Season,9,662.83,85,14.71,2.71,99.4,23.6,17.2,84.5,2.69,Upper_Division,128.66,19.41
REC-03336,9/14/2021,Quality_Season,9,594.17,79.7,12.47,3.62,100.6,24.8,18,83.2,5.48,West_Block,110.34,18.57
REC-03337,9/14/2021,Quality_Season,9,362.54,80.3,16.59,3.57,101.6,23.6,16.2,78.6,5.52,Lower_Division,71.56,19.74
REC-03338,9/12/2021,Quality_Season,9,466.65,81.3,17.81,3.1,97.5,28.9,21.3,76.4,4.55,Upper_Division,88.96,19.06
REC-03339,9/12/2021,Quality_Season,9,595.72,79.8,15.63,2.92,111.5,25.2,19.1,76.7,3.56,East_Block,111.98,18.8
REC-03340,9/12/2021,Quality_Season,9,448.23,80.7,17.62,3.16,90.5,27.3,17.6,76.3,5.56,East_Block,88.09,19.65
REC-03341,9/12/2021,Quality_Season,9,408.51,77.9,13.46,2.67,96.2,24.1,19.2,81.4,5.87,West_Block,81.14,19.86
REC-03342,9/12/2021,Quality_Season,9,817.36,82.9,14.03,2.65,101.5,25.7,19.2,84.2,5.01,West_Block,161.08,19.71
REC-03343,9/11/2021,Quality_Season,9,523.33,81,15.84,3.07,96.1,23.7,18.7,76.3,2.97,East_Block,103.89,19.85
REC-03344,9/10/2021,Quality_Season,9,608.12,75.1,17.75,3.02,103.8,26.6,22.4,72.3,3.5,Lower_Division,123.22,20.26
REC-03345,9/10/2021,Quality_Season,9,621.37,76.6,15.76,3.12,92.2,25.7,17.3,75,3.92,Upper_Division,122.82,19.77
REC-03346,9/10/2021,Quality_Season,9,386.79,81.3,15.55,2,106.6,23.9,17.5,83.9,3.95,East_Block,74.1,19.16
REC-03347,9/10/2021,Quality_Season,9,778.03,76.5,15.71,2.97,91,22.3,20.3,79.5,5.2,West_Block,158.79,20.41
REC-03348,9/10/2021,Quality_Season,9,716.79,85,13.85,2.77,101.3,23.6,21.5,81.1,5.23,Upper_Division,138.68,19.35
REC-03349,9/10/2021,Quality_Season,9,286.94,73.4,14.83,3.17,99.8,24.9,22.4,81.9,2.67,Lower_Division,58.97,20.55
REC-03350,9/10/2021,Quality_Season,9,399.99,73.4,18.11,3.67,97.8,27.6,17.8,78.2,2.75,East_Block,78.03,19.51
REC-03351,9/10/2021,Quality_Season,9,500.64,80.4,16.32,3.41,100.6,28.4,18.7,79.7,5.35,West_Block,98.18,19.61
REC-03352,9/9/2021,Quality_Season,9,577.44,76.8,18.53,2.42,103.1,23.6,16.1,75,3.78,East_Block,112.87,19.55
REC-03353,9/9/2021,Quality_Season,9,578.3,78.6,15.25,2.45,98.3,23.9,17.2,73.9,5.8,Lower_Division,115.59,19.99
REC-03354,9/9/2021,Quality_Season,9,488.14,78.8,16.88,3.1,100.1,29.2,20.5,83.5,5.43,West_Block,96.2,19.71
REC-03355,9/8/2021,Quality_Season,9,530.88,81.2,15.92,3.54,94.4,24.7,22.9,83.5,5.63,Upper_Division,99.4,18.72
REC-03356,9/8/2021,Quality_Season,9,578.62,80.8,14.31,2.43,90.1,25.6,21.3,80.8,4.43,East_Block,106.73,18.45
REC-03357,9/8/2021,Quality_Season,9,447.75,78.2,15.45,2.97,97.8,21.8,21.2,76.3,4.91,Upper_Division,86.51,19.32
REC-03358,9/7/2021,Quality_Season,9,577.71,80.5,17.39,3.13,97.4,27.1,22.2,82,3.62,Middle_Division,113.21,19.6
REC-03359,9/7/2021,Quality_Season,9,515.01,75.6,15.57,3.19,100,26.4,20.4,75.6,3.42,Lower_Division,108.07,20.98
REC-03360,9/7/2021,Quality_Season,9,410.98,78.8,14.59,2.91,106.2,24.6,20.7,76,3.72,East_Block,79.73,19.4
REC-03361,9/6/2021,Quality_Season,9,702.17,79.9,14.96,3.15,94.6,28.3,19.1,74.6,5.75,West_Block,132.76,18.91
REC-03362,9/6/2021,Quality_Season,9,800.39,73.8,19.29,3.31,92.8,33.2,17.9,79.2,4.39,Lower_Division,152.5,19.05
REC-03363,9/6/2021,Quality_Season,9,729.17,82.1,15.93,3.41,94.1,28.9,22.3,75,3.89,Middle_Division,141.75,19.44
REC-03364,9/6/2021,Quality_Season,9,342.5,73.8,14.29,2.71,99.1,22.2,19.6,78.2,3.36,West_Block,70.05,20.45
REC-03365,9/5/2021,Quality_Season,9,575.6,73.4,16.93,3.65,101,26.9,19.6,77.7,2.93,Lower_Division,112.45,19.54
REC-03366,9/5/2021,Quality_Season,9,596.27,77.3,16.31,3.27,100.6,24.3,18.1,74.8,5.92,Lower_Division,126.29,21.18
REC-03367,9/5/2021,Quality_Season,9,494.97,77.7,17.84,2.66,99.6,26.2,17.2,77,5.3,East_Block,100.25,20.25
REC-03368,9/5/2021,Quality_Season,9,312.9,78.7,17.15,2.95,95,27,20.3,83.1,3.07,Middle_Division,62.45,19.96
REC-03369,9/4/2021,Quality_Season,9,489.81,74.7,12.71,3.21,101.2,22.7,18,82.1,4.3,East_Block,94.61,19.32
REC-03370,9/4/2021,Quality_Season,9,348.15,77.6,16.06,3.13,97.6,30.4,19.3,76.8,5.32,Upper_Division,67.09,19.27
REC-03371,9/4/2021,Quality_Season,9,676.19,80.5,14.98,3.1,96.7,20.5,18.4,74.4,3.51,West_Block,135.89,20.1
REC-03372,9/4/2021,Quality_Season,9,409.65,74,16.07,3.82,98,27.9,17.4,73.8,3.87,Middle_Division,81.98,20.01
REC-03373,9/4/2021,Quality_Season,9,450.69,76.2,15.88,2.75,109.1,28.2,17.1,83.9,3.78,Lower_Division,89.88,19.94
REC-03374,9/3/2021,Quality_Season,9,560.56,75.7,13.05,2.99,106.5,25.2,16.2,76.5,4.26,Lower_Division,109.9,19.61
REC-03375,9/3/2021,Quality_Season,9,598.08,73.5,14.62,2.33,99.3,26.1,18.2,82.9,2.99,Upper_Division,114.32,19.12
REC-03376,9/3/2021,Quality_Season,9,657.5,76.5,14.52,4.01,93.4,27.7,16.3,81,5.43,Lower_Division,127.91,19.45
REC-03377,9/3/2021,Quality_Season,9,736.99,75.4,15.48,3.74,97.7,27.9,21.4,83.8,3.16,West_Block,145.49,19.74
REC-03378,9/1/2021,Quality_Season,9,350.33,77.2,15.61,2.24,103.7,22.6,20.1,80.5,5.19,East_Block,69.04,19.71
REC-03379,9/1/2021,Quality_Season,9,458.45,76.6,14.86,3.36,102.6,27.1,17,76.6,3.82,Middle_Division,86.64,18.9
REC-03380,9/1/2021,Quality_Season,9,292.88,82.4,18.04,3.39,92,24.7,20.5,79,2.86,West_Block,57.54,19.65
REC-03381,9/1/2021,Quality_Season,9,564.43,79.6,14.41,2.85,101.6,26.8,18.9,77.2,5.85,Upper_Division,108.48,19.22
REC-03382,9/1/2021,Quality_Season,9,614.89,76.8,15.22,4.39,95.7,23.9,16.9,78.7,5.25,West_Block,120.38,19.58
REC-03383,9/1/2021,Quality_Season,9,647.83,76.6,14.5,2.4,100.1,24.9,18.3,82.4,5.4,Upper_Division,121.81,18.8
REC-03384,8/31/2021,Quality_Season,8,501.63,74.1,16.28,3.5,95.4,30.2,16.7,82.1,3,Lower_Division,97.99,19.53
REC-03385,8/30/2021,SW_Monsoon,8,674.91,79.3,16.56,2.89,101.9,22.8,21.7,78.9,10.25,West_Block,151.57,22.46
REC-03386,8/29/2021,SW_Monsoon,8,599.75,79.5,14.38,2.44,90.2,21.8,23,86.9,9.56,Middle_Division,121.98,20.34
REC-03387,8/28/2021,SW_Monsoon,8,462.67,81.5,17.14,3.42,104.3,23.7,19.8,85.5,8.66,Upper_Division,100.05,21.62
REC-03388,8/28/2021,Quality_Season,8,342.33,79.7,15,3.57,93.7,27.4,21.3,81.9,3.51,Lower_Division,67.37,19.68
REC-03389,8/28/2021,Quality_Season,8,597.02,78.4,12.76,3.45,102.1,23.9,18.2,78.6,3.29,Lower_Division,115.77,19.39
REC-03390,8/28/2021,SW_Monsoon,8,655.3,82.9,17.53,3.23,104.1,20,21.5,79.4,10.09,West_Block,142.72,21.78
REC-03391,8/28/2021,SW_Monsoon,8,845.8,76.3,17.32,2.94,105.7,19.9,17.9,80.3,6.67,East_Block,170.38,20.14
REC-03392,8/27/2021,SW_Monsoon,8,491.69,72.9,18.07,3.3,97.1,25.7,19,88.4,11.35,West_Block,108.31,22.03
REC-03393,8/27/2021,Quality_Season,8,582.83,78.1,15,2.7,99.8,25.9,18.3,75.9,5.68,West_Block,118.08,20.26
REC-03394,8/27/2021,SW_Monsoon,8,725.96,83.5,14.67,3.86,97.6,27.3,23.8,86.7,11.24,Upper_Division,153.2,21.1
REC-03395,8/27/2021,Quality_Season,8,552.39,76,17.21,2.61,90.6,23,19.3,83.6,3.31,West_Block,110.03,19.92
REC-03396,8/27/2021,Quality_Season,8,499.81,77.3,13.49,2.94,101.7,22.2,22.1,78.2,5.96,West_Block,100.35,20.08
REC-03397,8/27/2021,SW_Monsoon,8,413.86,80.8,15.57,3.2,98.6,29.4,19.8,84.8,9.39,East_Block,90.05,21.76
REC-03398,8/27/2021,SW_Monsoon,8,540.65,79.7,16.1,3.46,98.1,24.5,22.1,82.9,7.28,West_Block,120.27,22.25
REC-03399,8/27/2021,Quality_Season,8,538.22,76.8,18.02,3.23,93.7,22.8,22.4,84.4,3.13,East_Block,104.02,19.33
REC-03400,8/26/2021,Quality_Season,8,597.87,71.3,15.78,3.54,102.8,31.6,20.4,81.5,2.99,Upper_Division,106.82,17.87
REC-03401,8/26/2021,Quality_Season,8,348.08,78.8,15.06,2.38,101.1,22.8,16.3,83.2,5.2,Lower_Division,70.14,20.15
REC-03402,8/26/2021,SW_Monsoon,8,633.7,79.6,15.13,3.15,96.2,29.7,21.5,83,8.13,Middle_Division,140.94,22.24
REC-03403,8/26/2021,SW_Monsoon,8,534.99,78.3,15.29,3.39,88.1,27.4,22.7,80.3,7.33,Lower_Division,117.21,21.91
REC-03404,8/26/2021,Quality_Season,8,322.89,75.6,15.62,3.66,98.3,24.1,18.2,82.9,5.26,East_Block,65.14,20.17
REC-03405,8/24/2021,SW_Monsoon,8,707.11,77.1,13.09,3.01,99.2,25.7,18.1,84.4,9.73,Upper_Division,153.52,21.71
REC-03406,8/23/2021,Quality_Season,8,510.64,78.8,16.79,3.79,91,20.7,20.7,72.6,3.34,East_Block,97.08,19.01
REC-03407,8/23/2021,SW_Monsoon,8,515.66,77.9,14.19,2.61,97.2,21.2,23.3,88.1,6.78,Lower_Division,113.48,22.01
REC-03408,8/22/2021,Quality_Season,8,435.62,77.3,14.29,3.44,109.5,22.4,22.8,74.3,4.78,Lower_Division,86.83,19.93
REC-03409,8/22/2021,Quality_Season,8,390.31,75.5,17.35,2.47,98.5,27,16.2,73.5,3.38,Middle_Division,74.76,19.15
REC-03410,8/21/2021,SW_Monsoon,8,756.94,77,17.37,3.38,109.1,26.1,19.3,89.8,8.59,Upper_Division,165.86,21.91
REC-03411,8/21/2021,SW_Monsoon,8,661.79,74.3,15.67,2.94,102.1,27.1,23.7,85.5,11.44,Upper_Division,146.58,22.15
REC-03412,8/20/2021,SW_Monsoon,8,513.93,77.4,14.76,4.09,97.6,26.3,23.3,87.6,7.24,Lower_Division,115.39,22.45
REC-03413,8/20/2021,SW_Monsoon,8,589.3,76.2,14.69,3.88,99.1,30.4,18.1,80.6,11.18,West_Block,121.66,20.64
REC-03414,8/20/2021,Quality_Season,8,456.32,79.2,14.67,3.23,99.5,27.6,16.4,80.3,5,East_Block,89.72,19.66
REC-03415,8/20/2021,Quality_Season,8,549.46,72.4,12.93,3.24,94.9,27.6,16.3,74.7,4.15,Upper_Division,102.49,18.65
REC-03416,8/20/2021,SW_Monsoon,8,480.8,78.6,17.03,2.9,97.3,27.5,18,87,9.53,Lower_Division,109.06,22.68
REC-03417,8/19/2021,SW_Monsoon,8,685.55,79.2,16.76,2.42,95,25.7,17.6,88.4,8.41,Lower_Division,154.22,22.5
REC-03418,8/19/2021,Quality_Season,8,709.04,78.2,19.56,2.82,97.4,28.7,20.9,78.5,3.88,Lower_Division,135.43,19.1
REC-03419,8/19/2021,Quality_Season,8,402.87,82.2,16.34,3.17,101.2,23.8,18.1,76.8,2.94,Middle_Division,78.94,19.59
REC-03420,8/19/2021,Quality_Season,8,466.7,82.3,16.88,3,93.1,29.2,17.4,83.3,5.01,Upper_Division,88.98,19.07
REC-03421,8/19/2021,Quality_Season,8,467.58,75,16.69,2.41,94.9,21.9,22.8,81.8,5.27,East_Block,83.74,17.91
REC-03422,8/17/2021,Quality_Season,8,580.95,81,17.45,3.13,96.1,22.6,17.3,82.6,3.77,Upper_Division,112.34,19.34
REC-03423,8/17/2021,Quality_Season,8,614.06,79.2,14.51,2.85,94.7,25.8,17.6,84.4,4.74,Upper_Division,120.46,19.62
REC-03424,8/17/2021,SW_Monsoon,8,651.09,78.3,15.47,3.28,103.1,27.6,18.5,89.8,10.75,Lower_Division,147.4,22.64
REC-03425,8/16/2021,Quality_Season,8,499.61,77.7,14.94,3.07,99.8,25.8,21.2,83.8,5.76,East_Block,101.18,20.25
REC-03426,8/15/2021,Quality_Season,8,511.77,80.9,16.51,2.21,104.9,25.8,20.3,82.8,4.36,Upper_Division,95.72,18.7
REC-03427,8/15/2021,SW_Monsoon,8,740.47,77.2,19.15,3.39,90.1,29,20.9,89.2,9.26,Middle_Division,162.14,21.9
REC-03428,8/15/2021,SW_Monsoon,8,399.04,70.2,13.48,2.17,101,27.9,21.1,87.9,8.64,West_Block,84.89,21.27
REC-03429,8/15/2021,Quality_Season,8,457.16,82.1,14.1,3.47,99.1,26.2,22.9,77.7,5.47,Upper_Division,85.94,18.8
REC-03430,8/15/2021,Quality_Season,8,689.01,76.1,15.81,2.76,102.8,25,19.3,73.1,5.32,West_Block,142.64,20.7
REC-03431,8/15/2021,Quality_Season,8,468.94,79.2,18.17,2.42,100.4,23.5,16.1,79.6,3.15,West_Block,88.55,18.88
REC-03432,8/14/2021,SW_Monsoon,8,424.26,79.6,13.59,3.18,97.1,26.1,21.9,88.4,10.09,Upper_Division,93.26,21.98
REC-03433,8/14/2021,SW_Monsoon,8,550.95,76.7,16.57,2.95,98.2,24.9,24,88.4,11.33,Upper_Division,124.05,22.52
REC-03434,8/14/2021,Quality_Season,8,654.9,75.7,17.88,2.8,95.8,28.5,16.3,77.3,4.88,Lower_Division,129.57,19.78
REC-03435,8/14/2021,SW_Monsoon,8,661.02,79.3,14.01,2.93,102.5,27.7,21,79.2,7.37,West_Block,147.02,22.24
REC-03436,8/14/2021,Quality_Season,8,339.59,82.4,15.04,3.35,102.3,21.2,17.6,78.7,5.39,Middle_Division,67.17,19.78
REC-03437,8/13/2021,Quality_Season,8,656.98,80.2,16.77,3.05,87.5,26.9,18.3,76.2,4.88,Middle_Division,125.43,19.09
REC-03438,8/13/2021,SW_Monsoon,8,643.14,77.5,15.57,2.52,105.9,25.3,19.5,78.8,9.73,Middle_Division,138.86,21.59
REC-03439,8/13/2021,SW_Monsoon,8,431.82,77.1,17.44,2.93,94.1,25.4,23.7,85.9,8.04,Lower_Division,93.06,21.55
REC-03440,8/12/2021,SW_Monsoon,8,582.14,76.7,17.34,2.64,88.8,21.9,17.8,88.3,8.48,Lower_Division,121.21,20.82
REC-03441,8/12/2021,Quality_Season,8,375.41,80,16.87,3.83,105.1,23.2,19.2,84.5,5.09,Upper_Division,71.39,19.02
REC-03442,8/12/2021,SW_Monsoon,8,656.01,82.6,14.78,3.37,106.3,27.6,20.6,83,6.89,Lower_Division,140.68,21.44
REC-03443,8/12/2021,Quality_Season,8,525.59,73.7,15.07,2.7,94,24.5,22.9,84.1,3.84,Upper_Division,99.45,18.92
REC-03444,8/12/2021,SW_Monsoon,8,304.14,81,15.23,2.58,101.9,22.3,21.1,85.7,10.03,East_Block,66.6,21.9
REC-03445,8/11/2021,SW_Monsoon,8,604.94,76.1,13.71,3.02,94,24.2,21.8,83,8.07,Middle_Division,128.56,21.25
REC-03446,8/11/2021,Quality_Season,8,588.84,80.7,16.15,3.31,92.2,24.7,18.2,80.7,2.77,Middle_Division,113.27,19.24
REC-03447,8/11/2021,SW_Monsoon,8,618.04,78.9,14.85,2.94,100.4,30.3,21.5,88.9,7.37,Lower_Division,134.63,21.78
REC-03448,8/10/2021,Quality_Season,8,510.76,77.6,16.66,2.63,105.3,25.4,21,82.7,3.19,Upper_Division,102.64,20.1
REC-03449,8/10/2021,Quality_Season,8,725.84,78.8,16.69,2.48,96.8,29.9,17.1,74.9,4.99,West_Block,139.16,19.17
REC-03450,8/10/2021,SW_Monsoon,8,446.4,80,13.18,2,96.1,25.8,19.5,82.3,9.18,Upper_Division,95.34,21.36
REC-03451,8/10/2021,Quality_Season,8,505.86,82.2,16.54,2.58,98.4,24.8,17.1,81.3,3.77,Middle_Division,100.67,19.9
REC-03452,8/9/2021,SW_Monsoon,8,669.83,76.7,13.13,2.93,100.8,21.9,23.6,87.6,7.77,East_Block,143.58,21.44
REC-03453,8/9/2021,SW_Monsoon,8,790.45,76.4,17.14,2.87,103.6,21.6,17.3,86.9,7.04,Lower_Division,177.42,22.45
REC-03454,8/8/2021,Quality_Season,8,556.93,78.5,14.95,2.89,97.7,26.4,16.1,75.5,5.01,Upper_Division,108.39,19.46
REC-03455,8/8/2021,Quality_Season,8,440.25,77.1,12,2.94,92.3,22.4,21.7,74.6,5.18,Middle_Division,87.6,19.9
REC-03456,8/7/2021,Quality_Season,8,448.36,75.9,13.36,3.91,94.4,23.4,22.3,72.1,5.97,East_Block,82.92,18.49
REC-03457,8/7/2021,SW_Monsoon,8,434.05,76.3,16.07,3.14,97.2,29.1,18.3,78.8,9.44,East_Block,91.16,21
REC-03458,8/7/2021,Quality_Season,8,588.2,78.9,14.89,3.38,95.6,28.1,20,82,3.65,Lower_Division,117.7,20.01
REC-03459,8/6/2021,SW_Monsoon,8,743.82,77.7,16.32,3.39,105,29,20.3,85.8,8.48,Middle_Division,162.36,21.83
REC-03460,8/6/2021,SW_Monsoon,8,624.25,79.5,14.72,2.48,93.2,26.5,21.8,89.1,7.45,Middle_Division,127.69,20.46
REC-03461,8/6/2021,Quality_Season,8,420.87,74.5,17.39,3.28,89.5,23.5,16.4,84.4,3.72,Lower_Division,78.97,18.76
REC-03462,8/5/2021,Quality_Season,8,622.78,76.7,14.57,2.87,93.5,28.7,19.3,72.8,5.74,East_Block,117.77,18.91
REC-03463,8/5/2021,Quality_Season,8,586.47,77,14.54,3.85,95.1,26.1,20.6,72.1,5.52,Lower_Division,115.61,19.71
REC-03464,8/4/2021,Quality_Season,8,668.2,78.9,17.02,2.56,91.3,33,18,84.9,5.12,East_Block,130.15,19.48
REC-03465,8/4/2021,SW_Monsoon,8,427.3,77.8,15.16,2.39,94.9,19.4,18.6,85.4,7.04,East_Block,89.55,20.96
REC-03466,8/4/2021,Quality_Season,8,635.43,73.4,13.27,2.9,94.5,23.9,18.8,80.2,4.76,Lower_Division,126.6,19.92
REC-03467,8/3/2021,Quality_Season,8,480.89,77.9,13.66,3.44,95.5,20.1,22.7,73.6,3.08,Upper_Division,91.78,19.09
REC-03468,8/3/2021,Quality_Season,8,684.56,85,14.63,2.61,101.9,32.5,22.1,72.3,3.72,Lower_Division,132.43,19.35
REC-03469,8/2/2021,Quality_Season,8,341.05,85,17.02,3.66,97.3,31.3,17.9,82.3,5.13,Lower_Division,65.86,19.31
REC-03470,8/2/2021,SW_Monsoon,8,410.85,76.3,13.43,2.48,95.9,28.3,20.4,83.5,7.45,West_Block,82.49,20.08
REC-03471,8/2/2021,Quality_Season,8,708.4,73.4,15.3,2.66,94.1,25.5,20.8,76.1,3.46,East_Block,140.28,19.8
REC-03472,8/2/2021,Quality_Season,8,438.15,72,14.57,2.22,97.5,31,19.3,78.8,5.96,Upper_Division,81.27,18.55
REC-03473,8/2/2021,Quality_Season,8,611.34,77.4,14.78,3.36,94,26.5,19.1,82.9,4.76,Middle_Division,118.53,19.39
REC-03474,8/1/2021,Quality_Season,8,326.49,76.1,16.06,2.73,91,22.3,16.5,76.4,2.94,Middle_Division,64.14,19.64
REC-03475,8/1/2021,SW_Monsoon,8,571.85,78.9,17.27,3.43,99.2,26.3,23.1,82.4,11.53,Middle_Division,124.48,21.77
REC-03476,7/31/2021,Quality_Season,7,425.02,79.7,18.1,2.85,99.4,24.2,17.1,83.2,3.46,Lower_Division,87.58,20.61
REC-03477,7/30/2021,Quality_Season,7,537.11,72.9,14.77,2.89,95.3,28.4,22.8,74.2,3.76,Upper_Division,102.51,19.09
REC-03478,7/30/2021,SW_Monsoon,7,617.96,79.5,15.82,2.28,104.8,27.3,22.6,81.2,8.75,West_Block,129.65,20.98
REC-03479,7/30/2021,Quality_Season,7,680.31,79.5,14.78,3.47,94,25,18.4,82.8,2.89,Middle_Division,135.86,19.97
REC-03480,7/29/2021,Quality_Season,7,557.02,77.7,17.19,2.26,97.9,27.4,18.8,74.7,3.79,East_Block,105.1,18.87
REC-03481,7/29/2021,Quality_Season,7,608.15,79.1,18.23,3.43,100,24.1,20.4,81.3,3.15,Lower_Division,125.53,20.64
REC-03482,7/28/2021,SW_Monsoon,7,609.82,75.9,14.95,2.82,92.9,23.7,23.9,79.3,8.7,Middle_Division,132.69,21.76
REC-03483,7/28/2021,SW_Monsoon,7,610.81,77.6,16.13,2.65,89.4,23.4,22.8,78.3,10.32,West_Block,130.43,21.35
REC-03484,7/28/2021,Quality_Season,7,560.09,77.7,16.36,2.47,98.6,23.7,21.3,74.1,4.65,Lower_Division,111.43,19.89
REC-03485,7/27/2021,SW_Monsoon,7,705.5,82,16.98,3.19,91.9,22.6,18.1,81.4,11.33,East_Block,153.21,21.72
REC-03486,7/27/2021,SW_Monsoon,7,288.63,75.8,15.89,3.5,97.7,31.2,18.1,78.6,7.47,East_Block,63.35,21.95
REC-03487,7/26/2021,Quality_Season,7,528.6,77.8,15.76,3.1,100.4,22.3,22,73.4,4.7,West_Block,106.23,20.1
REC-03488,7/26/2021,SW_Monsoon,7,576.49,79.1,17.96,3.03,98.1,29,18.1,87.7,10.47,Upper_Division,125.89,21.84
REC-03489,7/26/2021,Quality_Season,7,483.39,80,19.23,2.85,94,28.4,19.1,72.7,4.78,West_Block,92.28,19.09
REC-03490,7/25/2021,Quality_Season,7,648.17,80.1,15.54,2.68,103.3,25.9,17.1,72.6,3.89,Upper_Division,128.79,19.87
REC-03491,7/24/2021,Quality_Season,7,531.45,77.9,16.01,2.41,96.9,25.7,22.2,76,4.65,Middle_Division,102.36,19.26
REC-03492,7/24/2021,SW_Monsoon,7,546.55,76.1,16.28,4.1,98.4,23.3,18.3,82.6,7.67,Middle_Division,119.14,21.8
REC-03493,7/24/2021,SW_Monsoon,7,427.61,75.2,17.21,2.4,100.2,26,21.4,79.9,8.43,West_Block,93.31,21.82
REC-03494,7/24/2021,SW_Monsoon,7,440.09,75.5,15.92,2.53,102.3,29.6,23.3,83.8,11.47,Lower_Division,97.62,22.18
REC-03495,7/23/2021,SW_Monsoon,7,686.74,84.1,16.09,3.82,99.3,30.9,19,80.4,8.06,Lower_Division,149.86,21.82
REC-03496,7/23/2021,SW_Monsoon,7,507.81,80.7,16.52,2,104.8,30.7,19,89,11.34,West_Block,110.15,21.69
REC-03497,7/22/2021,SW_Monsoon,7,556.6,81.2,16.19,3.59,91.9,25.9,20.4,79.3,7.86,West_Block,119.57,21.48
REC-03498,7/21/2021,SW_Monsoon,7,729.55,74.5,15.97,3.22,105.4,23.1,18.1,78.1,7.07,East_Block,157.39,21.57
REC-03499,7/21/2021,Quality_Season,7,449.22,84,17.4,2.99,109.2,21.9,19.7,84.8,3.76,East_Block,81.47,18.14
REC-03500,7/21/2021,SW_Monsoon,7,509.83,74.9,17.97,3.88,93.2,23.5,18.2,88.6,9.41,Middle_Division,105.38,20.67
REC-03501,7/21/2021,SW_Monsoon,7,508.68,78.3,15.85,2.55,99,22.7,21.3,86.1,11.52,Lower_Division,117.27,23.05
REC-03502,7/20/2021,SW_Monsoon,7,483.25,75.3,17.8,2.13,105.7,28.7,19.1,82.6,8.5,East_Block,100.8,20.86
REC-03503,7/19/2021,SW_Monsoon,7,528.07,76.9,17.33,2.55,98.6,26.7,18.8,86.9,8.91,East_Block,114.03,21.59
REC-03504,7/19/2021,Quality_Season,7,415.59,79.8,14.78,2.44,92.1,25.1,19.2,78.5,5.99,West_Block,79.3,19.08
REC-03505,7/19/2021,SW_Monsoon,7,617.73,74,14.56,3.62,94.1,23.6,20.3,80,7.01,Lower_Division,130.04,21.05
REC-03506,7/18/2021,Quality_Season,7,900,76.7,16.03,2.55,98.1,21.1,19.7,81.9,4.6,Middle_Division,175.59,19.51
REC-03507,7/18/2021,SW_Monsoon,7,540.44,82.1,15.25,2.24,96.1,23.2,21.7,85.7,9.69,East_Block,115.9,21.45
REC-03508,7/17/2021,Quality_Season,7,477.95,77.3,15.19,2.2,101.2,26.8,16.2,78.9,3.78,Upper_Division,89.65,18.76
REC-03509,7/17/2021,SW_Monsoon,7,554.66,73.5,15.72,2.64,105.6,20.4,18.1,87,7.74,Lower_Division,121.16,21.84
REC-03510,7/17/2021,SW_Monsoon,7,564.29,82.7,15.13,2.62,97.2,27.9,21.5,87.8,8.1,East_Block,126.43,22.41
REC-03511,7/16/2021,Quality_Season,7,702.18,76.1,14.58,3.01,106.2,23.8,17.6,78.7,3.54,Lower_Division,144.38,20.56
REC-03512,7/16/2021,Quality_Season,7,556.23,83.9,18.3,3.16,93.7,25.4,18.2,76.6,3.82,East_Block,102.35,18.4
REC-03513,7/16/2021,SW_Monsoon,7,548.67,74.7,13.35,3.2,105.6,29.7,21.7,81,7.19,East_Block,113.34,20.66
REC-03514,7/16/2021,SW_Monsoon,7,633.48,77.2,17.81,2.97,101.4,25.3,18.8,81.9,7.65,Lower_Division,142.74,22.53
REC-03515,7/16/2021,Quality_Season,7,574.48,76.4,14.62,3.43,99.5,26.5,20.8,80.9,5.74,East_Block,116.01,20.19
REC-03516,7/16/2021,Quality_Season,7,540.25,77.6,16.12,2.45,100.2,28.1,21.5,79.4,5.36,East_Block,102.8,19.03
REC-03517,7/15/2021,Quality_Season,7,627.49,81.5,14.98,3.08,102.8,31.1,21.9,73.2,3.23,West_Block,123.58,19.7
REC-03518,7/15/2021,SW_Monsoon,7,372.53,77.9,19.89,3.09,104.2,24,17.1,85.5,7.03,Upper_Division,79.74,21.4
REC-03519,7/14/2021,Quality_Season,7,766.72,81.3,15.45,3.59,99,33.2,16.6,77.3,4.4,Upper_Division,148.44,19.36
REC-03520,7/14/2021,SW_Monsoon,7,523.05,78.5,18.3,3.86,94.9,28.2,20.4,84.9,7.31,Middle_Division,107.61,20.57
REC-03521,7/13/2021,SW_Monsoon,7,513.07,76.2,14.4,2.48,94.9,26.1,22.3,81.2,9.14,Lower_Division,108.42,21.13
REC-03522,7/13/2021,Quality_Season,7,744.64,79.8,15.09,2.57,98,23.4,20.9,78.9,4.97,West_Block,157.4,21.14
REC-03523,7/13/2021,Quality_Season,7,582.67,71.1,16.65,2.92,104.4,30.8,17.7,81.5,5.43,Upper_Division,110.48,18.96
REC-03524,7/13/2021,SW_Monsoon,7,693.33,79,15.54,3.28,99.9,27.4,17.6,86.2,7.11,West_Block,157.65,22.74
REC-03525,7/13/2021,Quality_Season,7,555.26,73.6,15.68,2.97,92,27.3,20.2,84.6,3.07,Lower_Division,108.6,19.56
REC-03526,7/12/2021,Quality_Season,7,447.56,81.8,15.48,3.74,97.4,26.6,19.5,83.4,5.13,Lower_Division,90.11,20.13
REC-03527,7/12/2021,SW_Monsoon,7,784.03,77.1,13.89,3.14,101.7,28,18.6,86.3,9.05,West_Block,171.91,21.93
REC-03528,7/12/2021,SW_Monsoon,7,585.69,74.3,13.63,3.44,95,28.9,23.6,85.3,7.88,Middle_Division,122.11,20.85
REC-03529,7/12/2021,SW_Monsoon,7,690,76.4,19.14,2.19,94.3,19.8,18.5,82.2,9.68,West_Block,141.36,20.49
REC-03530,7/11/2021,SW_Monsoon,7,657.1,73.9,14.5,3.12,95,32,18.3,83.2,10.5,Lower_Division,145.15,22.09
REC-03531,7/11/2021,Quality_Season,7,725.46,78,16.08,3.25,105.4,27.3,20,78.3,5.56,Middle_Division,140.88,19.42
REC-03532,7/11/2021,SW_Monsoon,7,611.2,82.7,16.84,4.06,98.2,24.7,23.3,83.2,11.13,West_Block,131.02,21.44
REC-03533,7/10/2021,SW_Monsoon,7,525.49,72.5,17.58,2.82,85,24.8,19.6,88.9,9.49,Lower_Division,110.32,20.99
REC-03534,7/10/2021,SW_Monsoon,7,362.85,78.4,15.54,2.07,99.8,25.7,22,82.3,9.67,Upper_Division,76.98,21.22
REC-03535,7/9/2021,Quality_Season,7,760.14,82.1,15.94,2.7,108.1,27.4,20.4,74.6,3.71,East_Block,150.22,19.76
REC-03536,7/9/2021,Quality_Season,7,492.16,77.3,18.15,2.82,96.7,24.9,18.4,81.1,5.92,Lower_Division,98.27,19.97
REC-03537,7/9/2021,Quality_Season,7,776.02,80,15.51,2.62,96.6,27.5,17.7,73.8,4.43,East_Block,153.95,19.84
REC-03538,7/9/2021,SW_Monsoon,7,466.89,73.5,17.03,3.29,103.1,25.4,21.3,80.4,7.39,Lower_Division,103.61,22.19
REC-03539,7/8/2021,Quality_Season,7,661.79,82.7,18.25,2.41,106.4,23.4,22.2,81.3,4.54,Lower_Division,130.99,19.79
REC-03540,7/7/2021,Quality_Season,7,487.91,80.9,15.88,2.43,100.7,18.6,19.9,84.1,4.29,East_Block,92.72,19
REC-03541,7/7/2021,Quality_Season,7,681.95,80.2,14.97,3.84,97,24.3,22.9,73.9,4.81,Lower_Division,134.9,19.78
REC-03542,7/6/2021,Quality_Season,7,623.54,83.1,13.46,2.99,96.2,21.1,16.5,79.9,4.69,East_Block,115.57,18.53
REC-03543,7/5/2021,Quality_Season,7,440.25,82,16.72,2.67,97.2,25.5,22.8,84.3,6,Middle_Division,88.2,20.03
REC-03544,7/4/2021,Quality_Season,7,652.08,79.2,12.39,2.87,97.5,18.9,22.6,76.7,5.72,East_Block,123.83,18.99
REC-03545,7/4/2021,SW_Monsoon,7,692.4,83.3,17.57,2.49,100.1,26.4,18.8,87.6,8.69,Middle_Division,144.37,20.85
REC-03546,7/4/2021,SW_Monsoon,7,487.04,85,14.83,3.77,85,21.2,23.1,78.5,9.74,Middle_Division,95.63,19.64
REC-03547,7/4/2021,SW_Monsoon,7,396.83,80,16.55,3.4,94.5,19.5,22.4,87,8.39,Lower_Division,85.53,21.55
REC-03548,7/3/2021,SW_Monsoon,7,387.93,83.6,17.05,2.49,92.4,30.5,17.4,85.8,8.31,East_Block,78.3,20.18
REC-03549,7/3/2021,SW_Monsoon,7,382.53,78.8,16.46,3.38,108.1,23.8,20.1,90,10.11,East_Block,83.52,21.83
REC-03550,7/3/2021,SW_Monsoon,7,486.98,78.7,14.65,3.74,98.3,24.8,17.1,85.4,10.22,Lower_Division,106.62,21.89
REC-03551,7/3/2021,Quality_Season,7,540.33,78.7,19.24,2.59,101.5,24.3,18.3,79.7,5.12,West_Block,104.03,19.25
REC-03552,7/2/2021,SW_Monsoon,7,662.86,82,17.62,3.14,98.9,22.2,22.5,86.4,9.54,East_Block,143.3,21.62
REC-03553,7/2/2021,SW_Monsoon,7,406.25,83.6,18.72,2.67,103.8,24.4,21.9,84.4,7.34,Middle_Division,87.36,21.5
REC-03554,7/1/2021,SW_Monsoon,7,477.51,73.9,17.86,2.32,107.6,24.4,21.9,89.2,6.98,Upper_Division,98.4,20.61
REC-03555,7/1/2021,SW_Monsoon,7,607.29,77,13.36,2.36,100.4,23.1,17,80.9,9.25,Lower_Division,135.22,22.27
REC-03556,7/1/2021,SW_Monsoon,7,389.06,77.7,15.88,2.25,94.5,25.7,23.2,86.6,8.3,Middle_Division,79.3,20.38
REC-03557,7/1/2021,Quality_Season,7,638.41,78.3,18.24,3.1,104.9,26.2,16.6,73.4,3.98,Lower_Division,133.31,20.88
REC-03558,7/1/2021,Quality_Season,7,716.6,77.4,14.58,4.21,96.8,22.9,22.6,82.9,3.71,West_Block,139.09,19.41
REC-03559,6/30/2021,SW_Monsoon,6,453.48,77.7,17.61,2.56,89.4,21.8,18.1,91,10.69,Middle_Division,97.35,21.47
REC-03560,6/30/2021,SW_Monsoon,6,608.9,79.2,19.33,2.81,96.6,28.6,22.8,82.2,10.27,West_Block,139.45,22.9
REC-03561,6/30/2021,SW_Monsoon,6,571.57,75.4,14.99,2.61,100.9,22.5,24.6,84.9,11.87,Upper_Division,126.9,22.2
REC-03562,6/30/2021,SW_Monsoon,6,706.49,78.6,17.8,3.62,103.1,30.7,19.6,89,14.12,West_Block,157.91,22.35
REC-03563,6/29/2021,SW_Monsoon,6,362.18,76.2,15.13,3.53,96.9,26.4,18.8,80.2,14.97,West_Block,81.88,22.61
REC-03564,6/28/2021,SW_Monsoon,6,565.27,78.8,16.23,4.17,94.9,22.5,20,83.6,10.85,Middle_Division,122.74,21.71
REC-03565,6/27/2021,SW_Monsoon,6,519.97,79.8,12.45,3.25,95.2,23.8,18.9,88.7,14.49,East_Block,115.79,22.27
REC-03566,6/27/2021,SW_Monsoon,6,758.07,75.9,16.95,3.37,92.7,21.7,19.7,88,13.45,Upper_Division,163.4,21.55
REC-03567,6/27/2021,SW_Monsoon,6,462.27,72.2,15.75,3.48,103.1,27.4,18.7,85,14.05,Middle_Division,104.13,22.53
REC-03568,6/27/2021,SW_Monsoon,6,604.68,74.2,17.31,3.94,95.7,25.6,22.3,91.1,8.78,East_Block,132.11,21.85
REC-03569,6/26/2021,SW_Monsoon,6,434.06,76,15.54,3.01,90.3,21.8,20.8,88.4,9.13,Upper_Division,91.73,21.13
REC-03570,6/26/2021,SW_Monsoon,6,630.44,80.8,14.01,3.45,100.3,24.8,24.9,91.6,11.71,Lower_Division,145.45,23.07
REC-03571,6/26/2021,SW_Monsoon,6,572.33,85,19.17,2.75,104.4,25,21.9,85.9,14.02,Upper_Division,120.55,21.06
REC-03572,6/26/2021,SW_Monsoon,6,526.8,79.2,14.91,3.19,101,26,23.7,87.2,8.68,Lower_Division,120.43,22.86
REC-03573,6/26/2021,SW_Monsoon,6,622.24,76.3,18.26,3.38,90.1,29.3,23.8,86.6,14.12,Upper_Division,135.15,21.72
REC-03574,6/25/2021,SW_Monsoon,6,541.43,73.9,14.97,3.23,92.4,24.8,19.4,82.2,9.99,East_Block,119.66,22.1
REC-03575,6/25/2021,SW_Monsoon,6,484.86,80.3,16.29,3.32,89,24.5,21.5,89,13.69,Lower_Division,108.84,22.45
REC-03576,6/25/2021,SW_Monsoon,6,622.2,80.9,14.95,2.89,93,29.4,23.1,82.3,14.88,West_Block,137.13,22.04
REC-03577,6/25/2021,SW_Monsoon,6,798.95,82.2,17.94,2.71,98.2,21.7,24.5,82.2,10.35,Upper_Division,166.96,20.9
REC-03578,6/25/2021,SW_Monsoon,6,448.91,84.7,15.34,2.9,104.5,29.3,22,88.5,12.53,Lower_Division,101.67,22.65
REC-03579,6/23/2021,SW_Monsoon,6,611.78,80.8,13.78,2.74,97.6,22.3,24.4,83.4,14.98,Middle_Division,136.31,22.28
REC-03580,6/23/2021,SW_Monsoon,6,531.55,78.9,14.55,3.7,91.1,32,18.3,86.7,10.79,Upper_Division,115.85,21.79
REC-03581,6/23/2021,SW_Monsoon,6,444.34,74.8,16.83,3.09,88.2,28.7,21.7,91.5,10.72,Upper_Division,97.07,21.85
REC-03582,6/22/2021,SW_Monsoon,6,651.27,77.9,14.77,2.51,96.6,18.5,22.8,81.3,9.22,East_Block,145.94,22.41
REC-03583,6/22/2021,SW_Monsoon,6,653.54,80.6,16.28,3.23,91.2,28.8,24.9,85.6,10.8,East_Block,141.21,21.61
REC-03584,6/21/2021,SW_Monsoon,6,568.29,74.8,15.95,3.66,93.2,22.5,19.7,86.9,9.84,East_Block,121.61,21.4
REC-03585,6/20/2021,SW_Monsoon,6,697.91,78.7,16.18,2.34,108.1,24.4,20.5,86.8,10.28,Lower_Division,157.31,22.54
REC-03586,6/20/2021,SW_Monsoon,6,565.69,81,14.04,3.16,98.2,30,19.5,81.3,12.35,West_Block,124.09,21.94
REC-03587,6/20/2021,SW_Monsoon,6,431.22,80.3,19.72,3.21,94.8,18,21.9,82.9,11.19,Upper_Division,91.1,21.13
REC-03588,6/19/2021,SW_Monsoon,6,685.98,75.6,16.1,2.99,104,26.9,20.9,87.1,9.05,Lower_Division,155.76,22.71
REC-03589,6/19/2021,SW_Monsoon,6,770.46,81.4,14.95,2.59,99.3,22.5,23.6,87.3,10.45,Upper_Division,171.68,22.28
REC-03590,6/19/2021,SW_Monsoon,6,437.71,78.8,16.69,2.67,103.3,22.3,20.2,87.8,10.16,West_Block,100.91,23.06
REC-03591,6/18/2021,SW_Monsoon,6,516.6,72.1,17.48,3.04,95.6,23.1,22.8,88.4,8.52,East_Block,118.72,22.98
REC-03592,6/18/2021,SW_Monsoon,6,469.98,75.3,13.45,3.48,101.6,29.7,19.8,90,12.4,Lower_Division,104.45,22.22
REC-03593,6/18/2021,SW_Monsoon,6,316.23,78.5,14.26,2.45,94.8,24.2,24.2,82.1,14.87,West_Block,69.64,22.02
REC-03594,6/18/2021,SW_Monsoon,6,662.92,78.3,16.05,3.46,96.1,25.8,24.1,90.7,12.55,Middle_Division,152.67,23.03
REC-03595,6/17/2021,SW_Monsoon,6,603.06,77.5,14.49,2.41,96.2,29.7,20.2,86.3,13,Middle_Division,125.65,20.84
REC-03596,6/16/2021,SW_Monsoon,6,351.88,76.4,14.91,3.5,98.8,23.7,22.7,80.7,12.83,Upper_Division,76.21,21.66
REC-03597,6/15/2021,SW_Monsoon,6,668.94,78.4,15.34,3.04,101.3,22.8,23,87,8.67,Lower_Division,153.49,22.95
REC-03598,6/14/2021,SW_Monsoon,6,608.4,73.1,14.49,2,95.1,29.4,20.5,82.7,12.35,Lower_Division,134.03,22.03
REC-03599,6/14/2021,SW_Monsoon,6,534.64,78.9,15.94,2.88,97.2,24.6,18.1,87.9,9.88,Upper_Division,116.84,21.85
REC-03600,6/13/2021,SW_Monsoon,6,705.35,76.7,17.46,3.25,97.6,20.5,18.8,82.5,12.15,Upper_Division,151.24,21.44
REC-03601,6/11/2021,SW_Monsoon,6,567.76,76.8,17.47,3.48,108.4,25.5,23.4,85.2,10.68,West_Block,126.9,22.35
REC-03602,6/11/2021,SW_Monsoon,6,690.98,77.2,16.91,3.62,92.7,23.5,19.5,84,9.19,West_Block,154.65,22.38
REC-03603,6/10/2021,SW_Monsoon,6,653.64,77.8,16.32,3.11,99.2,24.8,24,82.1,14.14,East_Block,149.35,22.85
REC-03604,6/10/2021,SW_Monsoon,6,498.18,77.5,18.02,3.09,96.2,22.6,19.6,90.4,10.47,Upper_Division,112.81,22.64
REC-03605,6/9/2021,SW_Monsoon,6,617.14,81.7,15.6,3.79,101.5,25.3,23.9,87.7,12.9,East_Block,135.63,21.98
REC-03606,6/9/2021,SW_Monsoon,6,327.22,77.6,17.8,2.96,94.1,19.8,22,90,10.29,Lower_Division,72.5,22.16
REC-03607,6/8/2021,SW_Monsoon,6,652.63,78.9,17.05,3.89,94.7,21,23.3,91.1,11.59,Middle_Division,148.35,22.73
REC-03608,6/8/2021,SW_Monsoon,6,588.63,84,16.39,3.46,99.3,25.4,24.5,85.3,11.67,Middle_Division,131.89,22.41
REC-03609,6/8/2021,SW_Monsoon,6,536.94,75.1,14.6,3.47,93.6,28.3,19.4,82.8,13.71,East_Block,115.41,21.49
REC-03610,6/7/2021,SW_Monsoon,6,514.5,78.3,16.47,2.4,97,23.4,21,87.1,14.71,Upper_Division,115.81,22.51
REC-03611,6/6/2021,SW_Monsoon,6,526.91,77.8,14.4,2.98,90.3,26,24.4,87,9.51,Upper_Division,115.34,21.89
REC-03612,6/6/2021,SW_Monsoon,6,516.41,81.4,15.6,3.01,100.4,22.7,21.7,80.1,11.06,Middle_Division,119.63,23.17
REC-03613,6/6/2021,SW_Monsoon,6,711.48,77.2,15.34,4.14,98.1,25.9,20.5,85.8,10.68,Middle_Division,161.92,22.76
REC-03614,6/6/2021,SW_Monsoon,6,543.45,79.5,16.07,3.17,92.6,23.5,18.8,80.9,8.5,East_Block,121.96,22.44
REC-03615,6/5/2021,SW_Monsoon,6,508.81,74.6,16.14,3.42,99,21.5,19.7,86.1,9.92,East_Block,114.09,22.42
REC-03616,6/4/2021,SW_Monsoon,6,735.84,81.9,14.96,3.13,96,29.9,18.5,87.4,11.63,Lower_Division,160.39,21.8
REC-03617,6/4/2021,SW_Monsoon,6,775.46,77.8,14.06,2.47,93.4,32.8,22,90.6,13.46,Middle_Division,162.89,21.01
REC-03618,6/3/2021,SW_Monsoon,6,543.48,78.3,16.86,2.88,97.5,25.1,23.3,81.7,12.3,Upper_Division,121.71,22.39
REC-03619,6/2/2021,SW_Monsoon,6,689.24,76.8,13.64,3.8,104.4,22.2,24.2,80.6,13.12,Lower_Division,158.88,23.05
REC-03620,6/1/2021,SW_Monsoon,6,498.05,82.6,17.88,3.59,97.1,25,25,85.5,12.98,East_Block,114.72,23.03
REC-03621,6/1/2021,SW_Monsoon,6,589.08,74.9,18.04,3.99,94.9,24.4,24.1,87.7,14.82,East_Block,127.22,21.6
REC-03622,5/31/2021,SW_Monsoon,5,473.91,76.4,14.3,3.27,104.3,22.8,18.8,81.8,14.12,Lower_Division,109,23
REC-03623,5/31/2021,SW_Monsoon,5,313.34,79.9,15.36,3.9,105,30.1,22.9,81,10.24,West_Block,70.42,22.47
REC-03624,5/31/2021,SW_Monsoon,5,657.37,76.8,15.34,2.73,90.5,26.9,23.1,85.5,14.55,Middle_Division,151.29,23.01
REC-03625,5/31/2021,SW_Monsoon,5,649.62,75.1,18.13,2.19,95.2,24.3,19.6,85.5,10.43,Lower_Division,148.43,22.85
REC-03626,5/30/2021,SW_Monsoon,5,616.89,74.5,12.31,3.23,96.6,26.2,23.6,87.1,8.86,Upper_Division,134.94,21.87
REC-03627,5/29/2021,SW_Monsoon,5,621.61,75.3,14.82,2.82,97.7,30.4,24.2,91.3,14.4,Lower_Division,142.9,22.99
REC-03628,5/28/2021,SW_Monsoon,5,510.87,78.4,18.89,2.87,95.9,27.8,18.7,81.8,12.7,West_Block,115.84,22.68
REC-03629,5/28/2021,SW_Monsoon,5,869.23,79.7,15.65,3.03,102.6,22.2,23,87.8,9.77,Middle_Division,193.71,22.28
REC-03630,5/28/2021,SW_Monsoon,5,754.78,77.7,17.42,3.29,99.3,23.8,19.6,84.6,14.12,East_Block,167.13,22.14
REC-03631,5/28/2021,SW_Monsoon,5,696.06,76.6,16.6,3.2,97.1,25.1,24.9,87.3,12.03,East_Block,157.87,22.68
REC-03632,5/27/2021,SW_Monsoon,5,496.92,75.9,17.28,2.77,100.6,26.9,20.3,80.8,13.13,East_Block,109.7,22.08
REC-03633,5/27/2021,SW_Monsoon,5,726.73,84.1,14.11,3.33,99.7,22.9,22.8,88,9.79,East_Block,158.9,21.86
REC-03634,5/27/2021,SW_Monsoon,5,672.62,75.8,15.11,3.67,94.9,27.1,19.3,85.9,9.09,Lower_Division,152.09,22.61
REC-03635,5/27/2021,SW_Monsoon,5,548.63,76.7,15.02,3.2,102.8,24.5,21.9,82.1,12.88,West_Block,124.84,22.75
REC-03636,5/26/2021,SW_Monsoon,5,710.62,78.6,16.32,2.32,94.6,23.7,23.8,91.3,14.77,West_Block,163.55,23.01
REC-03637,5/26/2021,SW_Monsoon,5,657.77,83.3,15.6,4.5,100.8,27.1,18.4,86.7,12.65,East_Block,147.83,22.47
REC-03638,5/26/2021,SW_Monsoon,5,662.88,79.4,16.07,3.72,85,26.7,22.5,81.5,10.55,Upper_Division,144.16,21.75
REC-03639,5/26/2021,SW_Monsoon,5,489.33,79.2,16.14,3.25,90.2,27.1,24.8,90.7,11.45,East_Block,112.53,23
REC-03640,5/25/2021,SW_Monsoon,5,566.7,78.1,16.42,4.05,91.8,26.5,24.7,85.7,12.66,Lower_Division,130.27,22.99
REC-03641,5/25/2021,SW_Monsoon,5,544.17,79.8,14.5,3.99,97.1,24.1,20.3,89.3,11.1,West_Block,125,22.97
REC-03642,5/23/2021,SW_Monsoon,5,638.25,81,16.06,2.44,90.9,22.8,21.7,83.8,10.07,Middle_Division,137.89,21.6
REC-03643,5/23/2021,SW_Monsoon,5,556.32,73.3,18.2,3.54,96.2,22.5,18.5,81.4,9.24,East_Block,119.92,21.56
REC-03644,5/23/2021,SW_Monsoon,5,492.93,79.6,15.32,2.65,95.4,29.3,23.7,88,13.03,East_Block,113.76,23.08
REC-03645,5/23/2021,SW_Monsoon,5,493.41,80.5,15.61,2.91,104.1,24.5,21.1,85.4,12.42,Upper_Division,109.54,22.2
REC-03646,5/23/2021,SW_Monsoon,5,404.97,78,16.8,3.91,108.6,23.7,23.9,80,11.52,Upper_Division,89.18,22.02
REC-03647,5/23/2021,SW_Monsoon,5,627.75,77.7,15.71,3.68,104.6,23.8,23.2,88.6,11.87,West_Block,143.67,22.89
REC-03648,5/23/2021,SW_Monsoon,5,652.53,78.1,17.49,3.35,99.4,24.6,22.3,87.4,8.8,Lower_Division,150.38,23.04
REC-03649,5/22/2021,SW_Monsoon,5,581.19,76.4,14.63,2.18,102,23.5,19.2,89.7,9.32,East_Block,127.79,21.99
REC-03650,5/22/2021,SW_Monsoon,5,373.27,77.1,14.57,3.72,95.1,26.5,19.2,92,13.7,Middle_Division,85.02,22.78
REC-03651,5/22/2021,SW_Monsoon,5,782.68,80.4,18.38,2.74,98.9,29.4,20.2,91.7,9.3,Middle_Division,178.42,22.8
REC-03652,5/22/2021,SW_Monsoon,5,706.42,78.6,14.53,2.97,94.8,24.7,18.3,87,10.7,East_Block,154.84,21.92
REC-03653,5/22/2021,SW_Monsoon,5,577.84,80.9,16.01,2.79,92.8,24.4,24.7,85.9,14.08,West_Block,132.73,22.97
REC-03654,5/21/2021,SW_Monsoon,5,586.34,77,17.51,2.53,98.9,30.6,21.2,90.4,11.16,West_Block,134.08,22.87
REC-03655,5/21/2021,SW_Monsoon,5,465.89,79.4,14.94,2.87,92.1,24.8,20.8,83.2,11.75,Upper_Division,104.92,22.52
REC-03656,5/21/2021,SW_Monsoon,5,589.49,79.7,14.76,2.61,85,29.6,23.1,80.5,13.24,Lower_Division,128.87,21.86
REC-03657,5/21/2021,SW_Monsoon,5,545.85,73.5,18.2,3.01,107.7,22.7,21,81.3,11.03,East_Block,121.7,22.3
REC-03658,5/20/2021,SW_Monsoon,5,549.25,77.7,13.81,2.89,103.9,19.3,18.1,87.3,12.18,East_Block,124.65,22.69
REC-03659,5/19/2021,SW_Monsoon,5,612.49,78.9,13.15,2.48,101.3,25.5,18.4,90.4,14.53,Upper_Division,136.41,22.27
REC-03660,5/19/2021,SW_Monsoon,5,562.35,81.6,14.42,2.89,91.8,23.1,24.5,84.4,8.6,East_Block,124.63,22.16
REC-03661,5/18/2021,SW_Monsoon,5,468.71,74.6,16.19,3.05,95.8,28.2,20,80.4,13.21,Lower_Division,107.24,22.88
REC-03662,5/18/2021,SW_Monsoon,5,638.44,80.1,17.49,3.63,94.2,25.5,22.9,90.4,13.96,Middle_Division,140.12,21.95
REC-03663,5/18/2021,SW_Monsoon,5,512.11,70,16.71,3.32,91.9,23.1,19.9,86.6,9.36,Middle_Division,113.12,22.09
REC-03664,5/17/2021,SW_Monsoon,5,461.95,84.9,16.23,3.34,99.5,18,24.9,87.6,13.71,Lower_Division,103.29,22.36
REC-03665,5/16/2021,SW_Monsoon,5,663.95,81,14.14,2,92.8,24.7,22.9,82.1,11.69,Middle_Division,142.51,21.46
REC-03666,5/16/2021,SW_Monsoon,5,529.53,72.3,15.88,2.79,89.3,26.6,21.2,83.1,8.92,West_Block,115.01,21.72
REC-03667,5/15/2021,SW_Monsoon,5,676.63,81.1,16.96,3.46,91.9,28.4,24.2,84.8,9.96,East_Block,147.29,21.77
REC-03668,5/15/2021,SW_Monsoon,5,560.25,75.7,17.53,2.18,95.8,22.5,23.8,91.8,11.9,Lower_Division,128.96,23.02
REC-03669,5/15/2021,SW_Monsoon,5,572.28,80.9,16.93,4.19,98.7,28.1,21.9,88.4,12.59,West_Block,129.98,22.71
REC-03670,5/15/2021,SW_Monsoon,5,624.69,79.3,15.65,4.01,98.1,21.9,24.7,91.8,9.02,Upper_Division,141.72,22.69
REC-03671,5/14/2021,SW_Monsoon,5,614.8,77.6,16.07,2.91,86.2,26.7,21.6,81,10.16,West_Block,138.59,22.54
REC-03672,5/14/2021,SW_Monsoon,5,762.13,76.3,16.93,3.41,98.4,30.6,21.3,81.7,10.15,Upper_Division,168.67,22.13
REC-03673,5/13/2021,SW_Monsoon,5,400.16,78.4,17.09,2,94.4,21,21.7,84.4,10.24,Upper_Division,82.15,20.53
REC-03674,5/13/2021,SW_Monsoon,5,709.93,76.3,18.48,2.23,94.1,23.6,22.6,90.6,10.9,West_Block,153.62,21.64
REC-03675,5/13/2021,SW_Monsoon,5,414.79,79.6,14.84,3.59,105,25.8,19.2,89,9.54,Upper_Division,86.98,20.97
REC-03676,5/12/2021,SW_Monsoon,5,512.21,71.7,15.03,3.59,94.5,24.8,23.4,82.5,13.7,West_Block,112.44,21.95
REC-03677,5/12/2021,SW_Monsoon,5,723.22,75.4,14.61,3.61,93.6,25.9,19.9,87.8,11.38,East_Block,154.43,21.35
REC-03678,5/12/2021,SW_Monsoon,5,622.87,79.1,15.94,3.49,100.3,25.1,19.7,91.1,12.99,East_Block,143.37,23.02
REC-03679,5/11/2021,SW_Monsoon,5,591.81,77.7,16.37,3.19,105.7,28.9,23.4,84.4,11.66,Upper_Division,130.63,22.07
REC-03680,5/11/2021,SW_Monsoon,5,613.73,79.7,13.03,2.74,101.6,22.4,23.7,89.4,13.92,East_Block,141.01,22.98
REC-03681,5/11/2021,SW_Monsoon,5,469.61,82.4,15.74,3.14,92.8,23.6,20.2,88.6,11.37,West_Block,107.28,22.85
REC-03682,5/11/2021,SW_Monsoon,5,660.24,75.8,14.28,2.74,93.4,21.8,23.1,82.4,9.94,Lower_Division,147.39,22.32
REC-03683,5/11/2021,SW_Monsoon,5,573.6,78.6,12.71,3.38,91.3,22.9,24.4,85.5,9.63,Lower_Division,126.87,22.12
REC-03684,5/10/2021,SW_Monsoon,5,625.56,74.5,16.13,3.66,103.7,27.4,20.8,90.9,9.2,Lower_Division,142.4,22.76
REC-03685,5/10/2021,SW_Monsoon,5,425.97,77.7,15.47,2.65,99.5,25.8,19,86.7,10.69,West_Block,97.92,22.99
REC-03686,5/10/2021,SW_Monsoon,5,690.63,71.3,14.07,3.03,93.2,27,24,91.7,13.35,Upper_Division,151.91,22
REC-03687,5/8/2021,SW_Monsoon,5,497.33,75.8,15.09,3.49,104.4,28.2,24.6,86.5,12.85,West_Block,114.29,22.98
REC-03688,5/8/2021,SW_Monsoon,5,571.6,78.9,16.53,2.91,104.7,25.5,20.3,80.4,11.94,Upper_Division,129.51,22.66
REC-03689,5/8/2021,SW_Monsoon,5,494.42,81.7,16.82,3.96,91.8,21.3,22.8,87.1,12.11,Upper_Division,102.65,20.76
REC-03690,5/8/2021,SW_Monsoon,5,508.27,78.9,16.75,2.63,100.8,27.2,18.1,91.8,8.53,East_Block,115.78,22.78
REC-03691,5/8/2021,SW_Monsoon,5,571.84,80.2,16.69,2.1,97.2,26.6,22.4,90.8,14.08,Middle_Division,130.69,22.85
REC-03692,5/8/2021,SW_Monsoon,5,422.2,78.3,13.05,3.56,91.2,22,24.2,89.9,13.52,Middle_Division,90.82,21.51
REC-03693,5/8/2021,SW_Monsoon,5,590.16,80.1,17.48,4.07,94,27.8,21.9,87.9,13.74,East_Block,128.18,21.72
REC-03694,5/8/2021,SW_Monsoon,5,372.6,78.3,17.61,2.9,103.3,27.2,19.8,89.2,11.47,Upper_Division,83.79,22.49
REC-03695,5/7/2021,SW_Monsoon,5,561.15,79.5,14.65,3.65,96.2,26.2,20.1,86.1,13.28,Upper_Division,125.68,22.4
REC-03696,5/7/2021,SW_Monsoon,5,608.36,78.8,13.02,3.53,102.6,26.7,23.6,87.5,14.85,East_Block,133.63,21.96
REC-03697,5/7/2021,SW_Monsoon,5,563.75,77.6,16.92,2.75,97.4,26,19.1,86.5,9.58,Lower_Division,130.09,23.08
REC-03698,5/6/2021,SW_Monsoon,5,594.69,79.9,15.55,3.2,103.5,27.7,18.6,88.3,13.77,Lower_Division,136.65,22.98
REC-03699,5/6/2021,SW_Monsoon,5,627.84,79.4,17.74,2.89,104.9,24,22.9,82.9,8.6,West_Block,144.39,23
REC-03700,5/5/2021,SW_Monsoon,5,390.28,79.4,16.06,2.56,98.5,27.5,21.1,82.9,13.69,East_Block,87.27,22.36
REC-03701,5/5/2021,SW_Monsoon,5,480.17,78.2,15.73,2.27,103.2,24.7,20.6,81.3,8.7,East_Block,108.74,22.65
REC-03702,5/5/2021,SW_Monsoon,5,714.48,77.4,12,3.46,93.5,23.2,19.2,81.5,11.24,West_Block,155.84,21.81
REC-03703,5/5/2021,SW_Monsoon,5,591.32,71.5,16.02,3.1,95.5,25.1,19.5,81.9,9.96,Lower_Division,133.72,22.61
REC-03704,5/4/2021,SW_Monsoon,5,676.85,80.4,17.99,3.21,96.8,25.8,22.4,90.2,11.03,Lower_Division,155.89,23.03
REC-03705,5/4/2021,SW_Monsoon,5,476.8,73.4,16.35,3.15,97.3,24.5,20.5,81,9.54,Middle_Division,106.15,22.26
REC-03706,5/3/2021,SW_Monsoon,5,555.37,80.5,17.61,2.54,107.4,26.1,18.6,85.7,13.85,Middle_Division,123.72,22.28
REC-03707,5/3/2021,SW_Monsoon,5,430.18,80.2,15.98,3.33,99.5,25.6,21.7,91.9,12.2,Middle_Division,98.89,22.99
REC-03708,5/3/2021,SW_Monsoon,5,591.95,78.8,17.7,2.95,100.8,27.2,24.1,86.8,11.59,Upper_Division,135.7,22.92
REC-03709,5/3/2021,SW_Monsoon,5,608.11,77.2,12.73,2.61,92.8,29.9,18.1,84.7,12.04,West_Block,131.08,21.55
REC-03710,5/2/2021,SW_Monsoon,5,715.57,76.6,18.02,2.37,94.6,26.4,18,80.5,9.18,Lower_Division,155.42,21.72
REC-03711,5/2/2021,SW_Monsoon,5,690.06,84.5,14.14,3.14,88.8,25.8,20.9,84.2,13.52,Upper_Division,142.4,20.64
REC-03712,5/2/2021,SW_Monsoon,5,452.13,80,18.51,3.23,104.4,26.1,23.4,88,8.95,East_Block,100.47,22.22
REC-03713,5/1/2021,SW_Monsoon,5,477.75,79.9,18.48,3.31,100.9,28.2,21.1,86.6,9.85,West_Block,104.35,21.84
REC-03714,5/1/2021,SW_Monsoon,5,384.91,76.5,16.17,3.08,107.9,27.7,18.4,81.5,10.35,Upper_Division,85.95,22.33
REC-03715,5/1/2021,SW_Monsoon,5,441.75,81.1,15.7,2.65,93.3,27,19.5,90.1,14.06,Upper_Division,98.39,22.27
REC-03716,4/30/2021,SW_Monsoon,4,523.6,73.8,14.69,3.53,97,27.3,23.5,83.2,10.11,East_Block,115.58,22.07
REC-03717,4/30/2021,SW_Monsoon,4,465.01,78.1,16.54,2.21,93.4,26.8,18.4,88.5,13.76,Upper_Division,103.05,22.16
REC-03718,4/30/2021,SW_Monsoon,4,503.39,82.8,15.16,2.47,96,23.2,22.9,83.5,9.21,Upper_Division,108.02,21.46
REC-03719,4/30/2021,SW_Monsoon,4,518.42,77.5,15.46,2.22,100.5,23.7,24.2,81.7,10.66,Middle_Division,119.06,22.97
REC-03720,4/29/2021,SW_Monsoon,4,264.58,76.4,15.5,3.4,106.2,24.3,24.9,85.8,11.16,East_Block,59.88,22.63
REC-03721,4/29/2021,SW_Monsoon,4,532.65,74.8,14.6,3.17,97.8,24.9,19.4,88.4,10.94,East_Block,120.52,22.63
REC-03722,4/29/2021,SW_Monsoon,4,279,82.2,15.17,2,101.6,24.9,24.3,82.7,9.08,East_Block,60.22,21.58
REC-03723,4/28/2021,SW_Monsoon,4,394.93,78,15.29,3.1,103.3,29.5,18.9,90.3,11.56,West_Block,90.75,22.98
REC-03724,4/28/2021,SW_Monsoon,4,825.1,80.3,14.71,2.9,102.6,22.5,23.8,84.1,11.43,East_Block,182.05,22.06
REC-03725,4/28/2021,SW_Monsoon,4,548.22,80.5,17.33,3.16,100.7,26,23.7,81.4,14.79,Lower_Division,125.67,22.92
REC-03726,4/28/2021,SW_Monsoon,4,671.4,81.3,17.49,3.6,94.2,26.1,20.7,87.4,14.08,West_Block,138.55,20.64
REC-03727,4/27/2021,SW_Monsoon,4,779.52,81.4,16.72,2.4,95.2,23.8,22.4,83.9,12.43,West_Block,170.95,21.93
REC-03728,4/27/2021,SW_Monsoon,4,448.2,79,16.41,3.9,97.2,29.9,19.9,80.6,8.71,Lower_Division,98.37,21.95
REC-03729,4/27/2021,SW_Monsoon,4,741.84,77.2,16.35,3.25,102.3,19.9,21,83.3,12.5,East_Block,167.54,22.58
REC-03730,4/25/2021,SW_Monsoon,4,609.82,80.3,15.63,2.82,104.3,21.3,21.7,87.6,9.84,Lower_Division,137.07,22.48
REC-03731,4/25/2021,SW_Monsoon,4,519.84,78,15.62,2.12,106.6,24.7,24.3,86.4,11.34,Upper_Division,113.35,21.8
REC-03732,4/24/2021,SW_Monsoon,4,556.72,76.8,16.89,2.46,101.2,20.7,18.6,91.5,13.22,Middle_Division,128.08,23.01
REC-03733,4/24/2021,SW_Monsoon,4,409.54,74.7,16.61,3.72,103.3,22.7,20.7,87.2,9.18,Middle_Division,89.18,21.77
REC-03734,4/24/2021,SW_Monsoon,4,601.24,75.5,16.28,3.19,101,26.9,22.5,89.3,14.13,Upper_Division,137.87,22.93
REC-03735,4/24/2021,SW_Monsoon,4,444.44,79.7,14.07,2,102.2,29.3,22.2,91.6,13.25,Middle_Division,99.7,22.43
REC-03736,4/24/2021,SW_Monsoon,4,735.9,79.2,15.12,3.55,104.1,27,19.6,86.8,12.36,Upper_Division,160.99,21.88
REC-03737,4/23/2021,SW_Monsoon,4,712.75,76.8,14.68,2.99,96.6,27.8,23.5,84,14.1,Upper_Division,156.15,21.91
REC-03738,4/23/2021,SW_Monsoon,4,462.52,78,17.64,2.69,98.2,18,22.8,80.5,12.5,Middle_Division,103.9,22.46
REC-03739,4/23/2021,SW_Monsoon,4,806.45,78.1,13.24,2.4,94.2,25.6,24,90.4,12.32,Upper_Division,176.37,21.87
REC-03740,4/23/2021,SW_Monsoon,4,539.3,79,17.73,2.79,92.6,26.9,18.3,83.3,10.79,Middle_Division,119.62,22.18
REC-03741,4/22/2021,SW_Monsoon,4,510.3,77.4,16.63,3.16,104,19.8,20.4,87.2,14.16,East_Block,115.75,22.68
REC-03742,4/22/2021,SW_Monsoon,4,534.11,74.2,15.48,3.15,91.8,24.7,20.9,80.5,13.84,Middle_Division,121.54,22.76
REC-03743,4/21/2021,SW_Monsoon,4,701.69,79.1,15.03,2.71,99.3,24,19.2,88.8,9.56,Middle_Division,158.05,22.52
REC-03744,4/21/2021,SW_Monsoon,4,507.5,75.3,16.56,2.37,93.2,29,20.8,89.1,12.6,East_Block,113.03,22.27
REC-03745,4/21/2021,SW_Monsoon,4,681.13,78.3,16.15,3.08,99.6,25.1,18.3,86.1,9.87,West_Block,155.01,22.76
REC-03746,4/21/2021,SW_Monsoon,4,425.52,76.1,14.32,2.21,94.4,26.5,20.8,90,14.22,Middle_Division,91.92,21.6
REC-03747,4/20/2021,SW_Monsoon,4,429.93,80.6,18.57,3.61,101.7,30.9,19.5,87.1,11.4,Upper_Division,87.94,20.46
REC-03748,4/20/2021,SW_Monsoon,4,681.31,76.2,14.4,2.77,98.3,25.3,23.9,80.5,11.71,Lower_Division,157.44,23.11
REC-03749,4/20/2021,SW_Monsoon,4,758.44,80,16.03,3.27,93.4,18.7,22.7,82.3,11.38,East_Block,159.4,21.02
REC-03750,4/19/2021,SW_Monsoon,4,647.22,78.4,17.88,3.4,99.4,25.1,20.4,89.3,9.28,Middle_Division,145.93,22.55
REC-03751,4/19/2021,SW_Monsoon,4,860.37,80.2,13.78,3.47,95.4,27.5,19,84.8,11.92,East_Block,189.52,22.03
REC-03752,4/19/2021,SW_Monsoon,4,401.03,78.4,16.76,2.55,95.9,28.9,18.1,81.2,9.86,East_Block,90.05,22.46
REC-03753,4/19/2021,SW_Monsoon,4,569.37,75.7,18.46,3.13,95.9,24.1,20.2,84.3,10.53,Upper_Division,127.91,22.46
REC-03754,4/18/2021,SW_Monsoon,4,546.49,80.6,17.73,3.09,93.4,23.3,23.9,88.1,14.91,Upper_Division,116.64,21.34
REC-03755,4/17/2021,SW_Monsoon,4,572.43,78.8,15.41,2.58,94.7,20.9,20.1,90,13.74,Middle_Division,131.43,22.96
REC-03756,4/16/2021,SW_Monsoon,4,461,75.2,17.15,3.31,101.3,28.2,19.5,86.9,13,Middle_Division,104.91,22.76
REC-03757,4/16/2021,SW_Monsoon,4,673.26,79.3,16.25,3.69,96.5,24,21.1,82.1,9.54,East_Block,150.34,22.33
REC-03758,4/16/2021,SW_Monsoon,4,679.98,78.5,16.42,2.75,93.9,23.2,23.5,80.8,9.39,East_Block,153.84,22.62
REC-03759,4/16/2021,SW_Monsoon,4,582.97,80.3,14.77,2.48,97.2,18.9,20.4,81.1,14.86,East_Block,126.53,21.7
REC-03760,4/15/2021,SW_Monsoon,4,409.8,73.6,18.26,2.23,86.8,27.6,22.2,89.7,8.97,Upper_Division,82.3,20.08
REC-03761,4/15/2021,SW_Monsoon,4,444.73,75.4,17.81,2.63,100.5,28,19,87.8,8.73,East_Block,96.06,21.6
REC-03762,4/13/2021,SW_Monsoon,4,404.31,76.9,17.39,2.46,91.7,24.2,22.3,91.6,12.37,West_Block,90.93,22.49
REC-03763,4/13/2021,SW_Monsoon,4,393.75,74.6,16.54,4.03,101.3,21.4,18.4,91.5,13.69,Middle_Division,86.14,21.88
REC-03764,4/13/2021,SW_Monsoon,4,686.97,80.6,18.29,2.78,101.2,24.7,18.5,86,11.83,Middle_Division,154.1,22.43
REC-03765,4/12/2021,SW_Monsoon,4,461.6,75,16.62,2.9,94,32.1,22,91.7,14.44,Lower_Division,104.43,22.62
REC-03766,4/12/2021,SW_Monsoon,4,388.89,75.5,19.1,2.87,97.1,30.8,22.4,89.3,11.44,West_Block,85.63,22.02
REC-03767,4/12/2021,SW_Monsoon,4,306.25,84.6,16.51,2.92,93.3,26.3,18.2,86.9,9.88,East_Block,67.33,21.99
REC-03768,4/11/2021,SW_Monsoon,4,533.52,80.6,15.39,3.8,90.9,27.1,23.3,82.3,14.41,Upper_Division,112.85,21.15
REC-03769,4/10/2021,SW_Monsoon,4,558.71,83.3,16.81,2,94.4,26.8,22.4,90.1,12.57,Lower_Division,127.19,22.76
REC-03770,4/10/2021,SW_Monsoon,4,443.78,74.8,15.43,4.01,97,26.5,23.8,81.9,13.04,Upper_Division,97.25,21.91
REC-03771,4/10/2021,SW_Monsoon,4,526.6,74.1,15.83,2.67,101.8,22,23.3,83.2,10.23,Upper_Division,112.32,21.33
REC-03772,4/10/2021,SW_Monsoon,4,560.67,77.5,14.67,2.83,91.7,25.6,20.3,89.3,14.66,East_Block,122.57,21.86
REC-03773,4/8/2021,SW_Monsoon,4,613.64,82.8,17.86,2.43,93.8,26.5,18.5,82.2,9.34,East_Block,129.86,21.16
REC-03774,4/8/2021,SW_Monsoon,4,503.65,76.9,15.16,3.14,100.9,27.2,19.8,87.1,10.79,East_Block,114.36,22.71
REC-03775,4/8/2021,SW_Monsoon,4,623.53,83,13.86,3.12,106.3,23.2,23.6,87,9.64,West_Block,138.94,22.28
REC-03776,4/8/2021,SW_Monsoon,4,649.87,73.6,16.6,2.95,97.8,26.4,18.3,80,12.6,West_Block,149.42,22.99
REC-03777,4/7/2021,SW_Monsoon,4,445.06,74.4,14.55,3.04,94,20.7,21.2,90.2,9.03,West_Block,96.28,21.63
REC-03778,4/7/2021,SW_Monsoon,4,498.13,79.7,12,2.19,101.2,26.5,23.6,80.2,13.36,Lower_Division,111.53,22.39
REC-03779,4/7/2021,SW_Monsoon,4,645.94,80.5,17.09,3.68,98.1,25.2,18.2,80.2,14.59,Upper_Division,137.18,21.24
REC-03780,4/7/2021,SW_Monsoon,4,621.74,81.5,13.68,2.65,102.1,27.5,21.7,83.9,14.15,East_Block,142.43,22.91
REC-03781,4/6/2021,SW_Monsoon,4,551.91,77.1,17.25,2.83,106.7,23.8,19,80.3,12.02,East_Block,123.1,22.3
REC-03782,4/6/2021,SW_Monsoon,4,306.84,74.2,14.99,3.63,106.1,21.2,22.5,86.7,13.12,East_Block,66.47,21.66
REC-03783,4/6/2021,SW_Monsoon,4,728.69,73.4,15.6,2.84,100.4,23.8,18.4,88.2,13.33,West_Block,165.6,22.73
REC-03784,4/6/2021,SW_Monsoon,4,463.01,80.4,16.23,3.12,107.2,29.3,22.7,81.1,13.55,West_Block,101.61,21.95
REC-03785,4/5/2021,SW_Monsoon,4,621.48,81.9,15.24,3.65,88.5,31.5,18.5,83.6,8.78,West_Block,132.19,21.27
REC-03786,4/5/2021,SW_Monsoon,4,707.9,74.9,15.23,3.37,95.8,19.5,22.9,86.2,10.58,East_Block,158.22,22.35
REC-03787,4/5/2021,SW_Monsoon,4,750.15,81.5,15.46,3.32,94.3,20.5,23.1,82.8,9.8,Middle_Division,159.62,21.28
REC-03788,4/5/2021,SW_Monsoon,4,530.91,81.7,15.96,2.68,101.6,27.8,19.2,84.5,14.42,Upper_Division,121.01,22.79
REC-03789,4/4/2021,SW_Monsoon,4,777.9,82.3,17.1,3.85,98.3,29.2,18.5,84.9,14.33,West_Block,168.82,21.7
REC-03790,4/4/2021,SW_Monsoon,4,412.04,74,15.32,3.6,101.3,18,21.9,87.2,10.03,Upper_Division,90.97,22.08
REC-03791,4/4/2021,SW_Monsoon,4,600.58,73.4,13.38,2.07,108.3,26.2,18.6,84.6,9.83,East_Block,126.01,20.98
REC-03792,4/4/2021,SW_Monsoon,4,488.22,79.4,15.44,3.26,106.2,31.3,23.8,85.7,12.84,West_Block,107.23,21.96
REC-03793,4/3/2021,SW_Monsoon,4,592.98,77.6,14.66,2.66,100.9,18,19.4,82.9,9.92,Lower_Division,135.18,22.8
REC-03794,4/2/2021,SW_Monsoon,4,570.31,79.6,14.73,3.99,98.1,18.6,22.9,83.4,13.29,West_Block,126.26,22.14
REC-03795,4/2/2021,SW_Monsoon,4,555.13,76.3,15.12,3.53,91.8,24.9,19.7,80.6,10,Upper_Division,118.55,21.36
REC-03796,4/1/2021,SW_Monsoon,4,728.53,79.2,15.2,2.8,91.3,22.1,24.4,89.3,11.13,Lower_Division,167.91,23.05
REC-03797,3/31/2021,Western,3,510.9,76.1,16.59,2.66,99.6,31.4,15.1,71.6,1.97,East_Block,105.68,20.69
REC-03798,3/31/2021,Western,3,520.5,74.5,14.43,3.5,98.8,24.9,17.6,80.5,3.32,East_Block,102.55,19.7
REC-03799,3/30/2021,Western,3,722.43,75.8,16.08,3.83,93.4,26.6,20.5,71.4,2.28,Upper_Division,144.82,20.05
REC-03800,3/30/2021,Western,3,697.11,78,17.44,4.37,99.1,30.1,20.7,80.9,3.29,East_Block,134.31,19.27
REC-03801,3/29/2021,Western,3,463.85,77.3,16.25,3.18,93,25.1,19.5,81.8,1.89,West_Block,93.5,20.16
REC-03802,3/29/2021,Western,3,543.83,77.3,16.09,2.54,99,27.8,19.3,80.3,2.42,Lower_Division,115.93,21.32
REC-03803,3/29/2021,Western,3,520.93,76.5,17.06,2.65,89.6,20.6,15.6,71.6,3.66,East_Block,98.97,19
REC-03804,3/29/2021,Western,3,644.45,75.3,16.01,4.5,112.6,29.2,17.7,78.8,3.16,East_Block,124.52,19.32
REC-03805,3/29/2021,Western,3,377.73,81.3,15.31,3.34,98.6,21.7,21.7,75.1,4.94,Upper_Division,74.6,19.75
REC-03806,3/28/2021,Western,3,652.61,76.5,17.72,2.92,105.6,24.5,19.5,79.7,2.32,Middle_Division,132.46,20.3
REC-03807,3/28/2021,Western,3,866.12,78.1,16.29,4.06,102.9,19.4,15.7,73.1,4.13,Lower_Division,177.95,20.55
REC-03808,3/28/2021,Western,3,364.7,78.5,13.39,2.84,100.1,20.9,16.2,82.9,3.67,Middle_Division,72.75,19.95
REC-03809,3/28/2021,Western,3,394.86,75.2,16.17,2.36,96.8,21.7,17,84.5,1.79,East_Block,81.44,20.63
REC-03810,3/27/2021,Western,3,694.53,79.3,17.14,3.34,100.7,31.3,18.3,74.1,2.71,Lower_Division,142.76,20.56
REC-03811,3/27/2021,Western,3,563.04,74.5,13.53,2.91,101.9,23,21.1,84.1,4.62,East_Block,113.59,20.18
REC-03812,3/25/2021,Western,3,449.6,76.9,15.39,3.34,97.3,25.7,15.7,73,3.72,Middle_Division,96.24,21.4
REC-03813,3/25/2021,Western,3,611.99,77.3,14.3,3.06,98.7,30,16.5,70.2,3.57,West_Block,128,20.92
REC-03814,3/24/2021,Western,3,607.86,80.2,12,2.97,103.1,29.3,21.3,74.3,3.34,Middle_Division,113.61,18.69
REC-03815,3/24/2021,Western,3,606.68,75.4,17.24,3.4,101.1,27.6,20.4,82.6,3.3,West_Block,131.04,21.6
REC-03816,3/24/2021,Western,3,580.75,82.6,14.57,2.85,99.7,30,20.6,81.4,4.98,Lower_Division,117.88,20.3
REC-03817,3/24/2021,Western,3,456.08,79.9,17.45,3.35,94.9,22.7,21.1,72,2.03,West_Block,91.67,20.1
REC-03818,3/23/2021,Western,3,608.66,78.7,14.82,3.07,98.1,24,20.1,73.9,4.87,East_Block,122.47,20.12
REC-03819,3/23/2021,Western,3,522.62,77.7,15.08,2,97.2,28.1,18.5,84.1,2.16,Middle_Division,105,20.09
REC-03820,3/23/2021,Western,3,439.98,76,14.05,3.04,102.6,28.4,15.5,78.5,2,Lower_Division,89.76,20.4
REC-03821,3/22/2021,Western,3,482.84,78.6,14.02,2,96.1,26,17.1,70.4,4.65,East_Block,92.5,19.16
REC-03822,3/22/2021,Western,3,540.43,81.5,14.26,2.77,92.2,20.3,18.3,84.6,3.36,East_Block,104.92,19.41
REC-03823,3/21/2021,Western,3,292.7,78.5,14.14,3.63,102.4,24.7,19.9,75.1,4.06,Lower_Division,57.89,19.78
REC-03824,3/20/2021,Western,3,699.81,78,14.58,3.37,92.6,22.3,17.7,83,4.96,East_Block,139.25,19.9
REC-03825,3/20/2021,Western,3,395.38,76.5,17.4,3.61,95.9,29.5,17.1,80.9,3.22,Middle_Division,76.05,19.24
REC-03826,3/20/2021,Western,3,344.61,77.3,15.63,2.74,98.2,25.8,21.5,72.4,4.12,West_Block,70.25,20.39
REC-03827,3/20/2021,Western,3,773.03,77.5,14.99,3.41,111,24.4,17.1,83.6,3.04,Middle_Division,150.67,19.49
REC-03828,3/19/2021,Western,3,521.73,75.4,14.49,3.17,89.7,27.9,21.2,71.9,3.62,Lower_Division,105.12,20.15
REC-03829,3/18/2021,Western,3,474.65,76,14.66,2.61,105.9,24.5,22,73.9,2.55,Upper_Division,93.58,19.71
REC-03830,3/18/2021,Western,3,376.41,78,18.59,2.85,97.7,23.4,17,75.4,4.28,East_Block,77.57,20.61
REC-03831,3/17/2021,Western,3,480.99,77.2,14.78,2.74,100.6,28.1,19.5,74.5,3.81,Middle_Division,98.67,20.51
REC-03832,3/17/2021,Western,3,439.19,82,16.03,2.47,102.6,21.5,20,75.5,4.8,Middle_Division,85.65,19.5
REC-03833,3/17/2021,Western,3,639.15,71.2,15.91,3.87,102.9,22.6,20.7,77.9,4.96,Middle_Division,127.84,20
REC-03834,3/16/2021,Western,3,351.22,83.7,18.52,3.59,92.8,29.4,19.1,74.5,4.62,Middle_Division,65.87,18.75
REC-03835,3/16/2021,Western,3,494.52,75.3,17.3,2.88,98.1,24.8,15.4,75,2.4,West_Block,101.68,20.56
REC-03836,3/16/2021,Western,3,684.47,76.8,13.91,3.8,99.5,21.6,18,76.3,3.07,East_Block,134.49,19.65
REC-03837,3/16/2021,Western,3,552.14,76.5,16.55,2,104.6,24.7,16.1,80.9,2.31,Upper_Division,108.96,19.73
REC-03838,3/15/2021,Western,3,621.43,77.8,17.97,2.64,102.8,22.7,19.6,71.9,3.84,East_Block,127.22,20.47
REC-03839,3/15/2021,Western,3,547.85,78,18.29,2.58,100.3,28.4,19.3,78.2,4.85,East_Block,108.21,19.75
REC-03840,3/15/2021,Western,3,576.52,72.1,16.74,3.67,104.3,26,19.4,74.6,4.32,Lower_Division,116.96,20.29
REC-03841,3/14/2021,Western,3,501.71,78.5,14.03,2.91,102.2,21.1,15.4,80.7,4.28,Middle_Division,100.26,19.98
REC-03842,3/14/2021,Western,3,617.27,81.5,18.36,2.97,96.4,24.4,16.7,71.1,3.1,Middle_Division,125.68,20.36
REC-03843,3/14/2021,Western,3,519.93,80.6,14.57,2.67,96,26.5,17.9,75.5,4.43,West_Block,106.97,20.57
REC-03844,3/13/2021,Western,3,374.36,73.8,17.31,2.99,101.7,22.4,15.1,73.8,2.29,Upper_Division,73.25,19.57
REC-03845,3/12/2021,Western,3,753.15,80.1,13.45,2.58,95.9,25.1,20.2,80.4,2.62,Upper_Division,144.54,19.19
REC-03846,3/11/2021,Western,3,679.92,74.9,16.95,2.59,96.4,23.8,16.5,84,3.84,Lower_Division,142.04,20.89
REC-03847,3/10/2021,Western,3,569.83,80.7,15.66,2.75,97.4,23.4,17.7,84.6,1.72,Lower_Division,121.85,21.38
REC-03848,3/10/2021,Western,3,702.55,75.3,18.21,2.86,104.7,22.4,17.3,79.3,4.46,Lower_Division,150.4,21.41
REC-03849,3/9/2021,Western,3,671.11,74.9,14.32,2.67,99.2,26.1,18.1,78.4,4.92,Middle_Division,131.45,19.59
REC-03850,3/9/2021,Western,3,461.14,82.7,16.15,3.16,90.7,21.8,17.9,77.5,4.2,Middle_Division,89.84,19.48
REC-03851,3/8/2021,Western,3,576.32,79.5,13,2.99,93.8,25.7,20.5,78.7,4.65,West_Block,118.56,20.57
REC-03852,3/8/2021,Western,3,519.43,71.8,14.3,3.63,97.9,30.6,16.4,78.5,2.83,Upper_Division,97.58,18.79
REC-03853,3/8/2021,Western,3,484.23,81.6,15,2.14,94.9,22.8,21.9,82.9,4.65,Upper_Division,91.55,18.91
REC-03854,3/8/2021,Western,3,813.81,75.3,18.34,4.04,109,23.1,18.4,80.2,2.57,Lower_Division,165.38,20.32
REC-03855,3/7/2021,Western,3,418.24,83.9,15.2,3.41,98.7,27.7,18.4,73.5,1.95,East_Block,86.77,20.75
REC-03856,3/5/2021,Western,3,782.11,77,16.14,2.73,92.4,21.2,21.3,80.2,1.97,Upper_Division,158.39,20.25
REC-03857,3/5/2021,Western,3,729.35,77,15.46,3.25,100.8,29.8,20,74.7,2.23,West_Block,154.25,21.15
REC-03858,3/5/2021,Western,3,380.24,78.2,16.5,3.48,92.9,28,15.2,82.9,3.25,Middle_Division,74.14,19.5
REC-03859,3/5/2021,Western,3,415.15,78.4,15.14,2.09,94,29,21.9,73.8,2.02,Upper_Division,79.23,19.09
REC-03860,3/3/2021,Western,3,836.72,79.4,16.03,3.23,94.8,24.9,21.7,70.5,1.79,West_Block,170.19,20.34
REC-03861,3/1/2021,Western,3,565.56,76.1,12.59,3.41,100.4,25.7,18.3,79,3.36,Middle_Division,109.27,19.32
REC-03862,3/1/2021,Western,3,385.6,76.8,15.82,2.94,95.7,25.2,15.5,76.6,4.93,East_Block,78.15,20.27
REC-03863,3/1/2021,Western,3,355.83,74.3,16.61,3.15,96.9,23.5,16.2,74.3,2.64,Lower_Division,75.92,21.34
REC-03864,2/28/2021,Off_Season,2,558.96,80.2,18.55,3.6,100.1,25,19.7,76,3.06,Lower_Division,104.31,18.66
REC-03865,2/28/2021,Off_Season,2,530.58,75,13.57,3.04,101.8,29.9,18.4,72,1.53,Lower_Division,100.12,18.87
REC-03866,2/28/2021,Off_Season,2,648.77,83.7,15.38,2.78,98.6,20.9,20,80.7,1.67,Upper_Division,114.66,17.67
REC-03867,2/28/2021,Off_Season,2,439.89,77.5,15.08,2.42,102.3,29.1,19.8,80,1.38,West_Block,82.83,18.83
REC-03868,2/27/2021,Off_Season,2,643.7,78.1,14.25,3.19,99,28.6,15.3,73.9,2.03,Lower_Division,123.66,19.21
REC-03869,2/27/2021,Off_Season,2,527.97,78.4,15.51,2.97,100.4,22.6,16.7,68.6,1.32,Middle_Division,104.3,19.76
REC-03870,2/27/2021,Off_Season,2,504.67,77.9,16.84,3.39,88.7,26.6,15.7,69.9,1.81,West_Block,94.4,18.7
REC-03871,2/27/2021,Off_Season,2,455.1,80.8,14.83,2,100.8,27.8,18.4,76.3,2.97,West_Block,83.34,18.31
REC-03872,2/26/2021,Off_Season,2,459.33,75.7,15.6,3.16,105.9,27.2,19,70.7,3.29,Upper_Division,86.33,18.79
REC-03873,2/25/2021,Off_Season,2,517.75,80.7,16.7,3.43,91.2,25.8,20.9,71.1,2.93,Upper_Division,96.19,18.58
REC-03874,2/25/2021,Off_Season,2,863.19,77.8,18.9,3,97.1,27.1,17.1,77.2,1.02,East_Block,161.94,18.76
REC-03875,2/24/2021,Off_Season,2,670.45,74.2,13.78,2.52,89.6,22.4,19.1,80.9,2.36,East_Block,120.9,18.03
REC-03876,2/24/2021,Off_Season,2,318.38,72.1,17.07,2.8,92.9,26.7,17.4,74.5,2.78,Upper_Division,56.99,17.9
REC-03877,2/24/2021,Off_Season,2,559.85,78.1,18.92,3.63,100.6,26.2,16.4,80.9,1.58,Upper_Division,95.74,17.1
REC-03878,2/24/2021,Off_Season,2,673.87,82,16.89,3.42,98.5,28.6,17.1,78.8,1.07,West_Block,125.4,18.61
REC-03879,2/24/2021,Off_Season,2,477.91,79.3,15.57,3.11,101.7,27.7,19.4,69.7,2.44,West_Block,95.37,19.96
REC-03880,2/23/2021,Off_Season,2,610.65,75.3,15.82,2.64,96.7,21.2,20.6,71.8,2.25,Upper_Division,113.72,18.62
REC-03881,2/22/2021,Off_Season,2,587.83,76.7,16.28,2.84,103.4,28.7,19.6,80.6,1.31,West_Block,114.55,19.49
REC-03882,2/22/2021,Off_Season,2,488.02,76.8,17.46,3.48,105.7,29.8,20.8,72.5,2.75,Upper_Division,83,17.01
REC-03883,2/21/2021,Off_Season,2,547.36,79,18.34,3.76,104.3,27.5,16.1,68.8,1.9,West_Block,103.71,18.95
REC-03884,2/21/2021,Off_Season,2,440.47,79.7,17.04,3.46,95,26.9,16.9,81.6,2.67,Upper_Division,77.95,17.7
REC-03885,2/20/2021,Off_Season,2,578.83,81.6,16.57,2.45,86.9,26.8,17.6,71.6,2.21,Middle_Division,106.52,18.4
REC-03886,2/20/2021,Off_Season,2,742.16,76.5,18.15,4.32,92.8,22.6,18.6,68.7,1.15,Upper_Division,125.74,16.94
REC-03887,2/20/2021,Off_Season,2,511.47,78.8,15.27,2.67,102.2,22.7,15.1,75,2.08,Middle_Division,96.69,18.9
REC-03888,2/20/2021,Off_Season,2,430.14,71.6,14.94,2.51,93.5,20.9,18.1,74.7,2.82,Lower_Division,76.73,17.84
REC-03889,2/19/2021,Off_Season,2,480.46,83.6,14.57,4.05,100,23.5,17.2,78.8,3.16,Middle_Division,84.88,17.67
REC-03890,2/19/2021,Off_Season,2,530.54,79.2,14.93,2.99,106.7,28.1,15.2,80.9,1.77,Lower_Division,99.73,18.8
REC-03891,2/18/2021,Off_Season,2,789.54,80.1,16.37,2.51,93.8,29.4,17.4,73.6,3.23,East_Block,140.7,17.82
REC-03892,2/18/2021,Off_Season,2,414.98,76.1,18.47,3.25,103,28.5,16.8,68.9,1.4,West_Block,78.21,18.85
REC-03893,2/17/2021,Off_Season,2,774.39,81.6,17.22,3.41,107.6,24.4,19.8,79,1.47,East_Block,140.38,18.13
REC-03894,2/16/2021,Off_Season,2,451.32,73.5,14.96,3.61,96,26.4,18.3,79.5,1.92,Upper_Division,78.75,17.45
REC-03895,2/16/2021,Off_Season,2,507.11,81,15.55,2.58,91.9,27.5,15.6,81.7,2.75,Middle_Division,92.49,18.24
REC-03896,2/15/2021,Off_Season,2,533.76,77.8,14.89,2.49,103.5,20.8,17.6,73,2.01,Lower_Division,97.47,18.26
REC-03897,2/15/2021,Off_Season,2,409.36,79.8,15.08,2.88,88.5,25.1,20.1,79.6,3.2,Lower_Division,76.67,18.73
REC-03898,2/15/2021,Off_Season,2,569.81,75,14.62,2.06,99.4,27.5,17,76.5,2.66,Middle_Division,104.35,18.31
REC-03899,2/15/2021,Off_Season,2,580.27,80.1,17.79,2.28,104.6,23.5,18.4,68,3.19,Upper_Division,102.89,17.73
REC-03900,2/14/2021,Off_Season,2,546.26,78.3,14.01,3.24,104.5,28.6,16.9,80,2.03,Middle_Division,101.91,18.66
REC-03901,2/13/2021,Off_Season,2,250,78.3,14.5,3.1,98.8,24.9,18.6,79.5,2.24,East_Block,45.36,18.14
REC-03902,2/13/2021,Off_Season,2,362.28,80.2,18.14,2.86,99.9,19,20.2,78.4,2.34,East_Block,65.67,18.13
REC-03903,2/13/2021,Off_Season,2,496.83,79.8,17.81,2.58,88.8,22,15.1,81.7,3.1,Upper_Division,83.57,16.82
REC-03904,2/12/2021,Off_Season,2,581.69,78,17.51,2.14,100.6,28.6,18.5,80.5,3.09,Middle_Division,108.84,18.71
REC-03905,2/12/2021,Off_Season,2,539.47,82.3,14.51,3.08,97.2,28.5,19.6,77.7,1.51,East_Block,98.91,18.33
REC-03906,2/12/2021,Off_Season,2,789.9,75.1,13.12,3.31,101,22.7,15.6,79.3,2.85,Lower_Division,151.02,19.12
REC-03907,2/12/2021,Off_Season,2,724.88,74.7,20,2.83,94.8,21.1,19.7,73,2.15,Lower_Division,127.22,17.55
REC-03908,2/12/2021,Off_Season,2,604.09,80.3,16.52,3.05,95.8,29.1,19.2,80.3,1.18,West_Block,116.59,19.3
REC-03909,2/11/2021,Off_Season,2,493.29,80.1,17.04,2.38,99.7,26.4,16.3,76.7,2.19,Middle_Division,94.08,19.07
REC-03910,2/11/2021,Off_Season,2,511.34,82.6,16.45,2.73,101.3,27.1,15.3,70.6,1.62,Upper_Division,95.31,18.64
REC-03911,2/10/2021,Off_Season,2,657.41,72.8,17.06,3.24,95.6,28.4,20.1,77.6,1.15,Lower_Division,123.2,18.74
REC-03912,2/9/2021,Off_Season,2,611.71,80.6,17.42,3.22,99.9,27.3,16.7,73.5,1.41,Lower_Division,118.91,19.44
REC-03913,2/9/2021,Off_Season,2,360.29,82,16.1,3.56,97.4,29.6,15.4,72,2.57,East_Block,64.54,17.91
REC-03914,2/8/2021,Off_Season,2,547.66,78.4,12.67,2.65,87.4,21.8,16.1,79.7,2.07,Lower_Division,93.86,17.14
REC-03915,2/8/2021,Off_Season,2,485.89,77.8,15,2,99.2,21.4,15.9,73.4,1.88,Middle_Division,88.11,18.13
REC-03916,2/8/2021,Off_Season,2,584.62,75.1,16.22,2.59,92.4,25.5,16,81,2.01,Middle_Division,112.16,19.18
REC-03917,2/7/2021,Off_Season,2,413.06,77.2,18.52,2.93,102.6,20.8,17.2,76.6,2.19,West_Block,76.11,18.43
REC-03918,2/7/2021,Off_Season,2,683.1,77.4,14.76,2.66,99.2,26.4,20.2,77.4,1.17,East_Block,129.04,18.89
REC-03919,2/6/2021,Off_Season,2,589.97,82.5,17.86,2.74,99.3,27.4,17,77.6,2.51,Middle_Division,108.82,18.44
REC-03920,2/5/2021,Off_Season,2,547.07,75.4,16.27,2.82,92.1,29.4,18.6,68.6,1.9,Middle_Division,100.06,18.29
REC-03921,2/4/2021,Off_Season,2,572.56,78.5,12.91,3.69,102,25.6,15.1,79.1,2.43,East_Block,107.21,18.72
REC-03922,2/4/2021,Off_Season,2,564.48,75.3,17.53,2.89,92,27,16.5,72.9,2.09,East_Block,104.66,18.54
REC-03923,2/3/2021,Off_Season,2,395.15,77.8,16.18,2.73,96.2,22,16.5,81.3,2.19,East_Block,80.52,20.38
REC-03924,2/3/2021,Off_Season,2,579.6,79,15.23,2.96,94.6,25.7,17,75.7,1.39,East_Block,107.88,18.61
REC-03925,2/2/2021,Off_Season,2,417.76,77.2,14.85,2.84,105.1,27,15.9,71.7,1.8,West_Block,77.29,18.5
REC-03926,2/1/2021,Off_Season,2,508.87,80,15.39,2.64,91.9,23.1,19,68.8,2.54,Lower_Division,96.45,18.95
REC-03927,2/1/2021,Off_Season,2,675.72,79.8,15.13,2.21,95.8,25.6,19.8,68.3,1.79,Upper_Division,129.6,19.18
REC-03928,2/1/2021,Off_Season,2,548.9,82.7,13.93,2.45,104.6,22.3,17.8,69.9,2.52,East_Block,99.88,18.2
REC-03929,1/30/2021,Western,1,651.28,77.7,16.18,3.06,91.7,26.1,20.5,81.4,2.35,Middle_Division,132.14,20.29
REC-03930,1/30/2021,Western,1,374.75,81.8,14.49,3.54,100.2,24.9,21.6,76.9,4.75,Upper_Division,76.63,20.45
REC-03931,1/29/2021,Western,1,616.09,76.9,16.79,3.57,97.6,31,15.2,72.1,4.5,West_Block,120.12,19.5
REC-03932,1/29/2021,Western,1,667.38,79,18.58,3.05,97.2,28.1,18.7,76.2,2.9,Upper_Division,126.57,18.97
REC-03933,1/28/2021,Western,1,497.02,82.2,15.04,3.02,102.5,25.1,19.3,79.2,1.77,Upper_Division,102.03,20.53
REC-03934,1/28/2021,Western,1,250,78.1,15.29,2,100.6,21.6,21.8,70.5,3.28,Lower_Division,50.17,20.07
REC-03935,1/28/2021,Western,1,472.33,75.4,15.99,2.53,98.4,27.9,18.8,84.2,2.96,Lower_Division,103.21,21.85
REC-03936,1/27/2021,Western,1,640.53,74.3,14.71,3.18,99.8,30.3,18.9,79,2.61,East_Block,124.29,19.4
REC-03937,1/27/2021,Western,1,300.35,77,13.74,3.4,104,31.4,16.8,73.5,2.47,Middle_Division,60.27,20.07
REC-03938,1/26/2021,Western,1,387.43,77.1,16.79,2.49,101.7,27.1,16.1,82.5,2.23,East_Block,76.46,19.74
REC-03939,1/25/2021,Western,1,330.74,73.5,15.64,3.43,93.5,27.2,20.9,82.6,2.22,Upper_Division,63.64,19.24
REC-03940,1/25/2021,Western,1,366.86,79.9,14.84,3.7,98.8,26.1,18.4,84.4,3.55,East_Block,72.29,19.71
REC-03941,1/25/2021,Western,1,602.82,79.2,15.2,2.79,105.4,22.8,21.8,83.2,3.02,Upper_Division,121.03,20.08
REC-03942,1/24/2021,Western,1,533.52,74,12.88,3.75,93.1,25.6,16.5,72.4,1.99,Middle_Division,104.93,19.67
REC-03943,1/24/2021,Western,1,655.73,76.4,15.99,3.5,87.5,22.9,20.6,72.8,3.14,West_Block,131.62,20.07
REC-03944,1/24/2021,Western,1,279.08,81.2,15.94,3.87,98.8,26.5,20.5,71.3,1.71,Upper_Division,53.96,19.33
REC-03945,1/23/2021,Western,1,561.92,81.1,17.57,3.77,97.4,27.6,19.8,77.7,4.75,West_Block,114.43,20.37
REC-03946,1/23/2021,Western,1,581.21,81.8,17.29,3.96,101.1,25.9,15.9,76.2,2.66,Lower_Division,124.23,21.37
REC-03947,1/23/2021,Western,1,635.18,77.7,15.06,3.63,97.9,24.6,18.1,72.7,2.53,East_Block,123.7,19.47
REC-03948,1/21/2021,Western,1,507,78.3,16.72,2.45,98.2,26.5,20.2,73.7,3.14,East_Block,100.07,19.74
REC-03949,1/21/2021,Western,1,517.39,76.6,17.33,2.07,97.7,24.7,20.1,74.6,3.15,West_Block,101.85,19.68
REC-03950,1/21/2021,Western,1,516.22,77,17.88,3.26,97.2,25,20.4,81,2.89,Lower_Division,107.9,20.9
REC-03951,1/20/2021,Western,1,668.96,81.7,16.36,3.28,95.5,27.8,17.8,75.5,4.01,Lower_Division,140.46,21
REC-03952,1/20/2021,Western,1,569.24,79.5,17.16,2.83,100.2,26.9,20.8,81.8,2.68,Lower_Division,116.3,20.43
REC-03953,1/20/2021,Western,1,421.12,75,14.52,3.52,104.7,26.9,17,73,4.16,Upper_Division,79.81,18.95
REC-03954,1/20/2021,Western,1,397.12,79.5,16.74,2.81,92.4,23.3,15.8,70.5,3.05,Lower_Division,81.83,20.61
REC-03955,1/19/2021,Western,1,435.72,77.8,18.18,2.34,95.3,26.5,17,84.7,4.4,West_Block,83.97,19.27
REC-03956,1/18/2021,Western,1,436.05,81.2,12.17,4.08,98.2,27.3,17.7,71.8,1.86,West_Block,88.11,20.21
REC-03957,1/18/2021,Western,1,599.32,80.8,16.2,3.76,91,24.3,18.3,83.8,3.5,Middle_Division,118.79,19.82
REC-03958,1/18/2021,Western,1,542.69,80.2,16.08,2.61,112.7,23.6,18,79.1,3.39,East_Block,105.17,19.38
REC-03959,1/18/2021,Western,1,548.49,74.1,15.89,2.82,108.4,25.1,19.7,74.7,2.1,East_Block,109.72,20
REC-03960,1/17/2021,Western,1,455.29,73.1,15.78,3.36,94.3,28.8,21.6,80.9,3.18,Middle_Division,90.61,19.9
REC-03961,1/17/2021,Western,1,518.26,75.8,15.39,3.49,99.7,23.6,15.9,71.7,3.56,West_Block,109.08,21.05
REC-03962,1/17/2021,Western,1,554.61,83.3,18.14,3.36,97.8,24,17.3,71.4,4.4,West_Block,116.19,20.95
REC-03963,1/17/2021,Western,1,511.35,80,16.28,2.34,97.1,30.1,16.1,84.4,4.99,West_Block,105.37,20.61
REC-03964,1/16/2021,Western,1,671.08,72.8,17.87,3.76,86.5,23.7,18.1,74.3,4.29,East_Block,122.22,18.21
REC-03965,1/16/2021,Western,1,741.69,82.6,15.77,3.98,88.6,22.5,17.5,71.3,3.61,Lower_Division,147.83,19.93
REC-03966,1/16/2021,Western,1,432.08,78.1,14.66,2.41,96.7,25.2,15.5,83.4,3.86,East_Block,85.77,19.85
REC-03967,1/16/2021,Western,1,560.26,76.5,15.91,2.66,92,25.4,18.9,84.4,4.64,Middle_Division,111.41,19.88
REC-03968,1/15/2021,Western,1,287.8,76.2,18.18,3.1,95.4,20.6,21.1,72.8,3.38,Lower_Division,59.64,20.72
REC-03969,1/15/2021,Western,1,510.7,76.5,15.71,2.95,101.1,22.3,16.1,79.2,1.82,Upper_Division,106.66,20.89
REC-03970,1/14/2021,Western,1,691.39,79.6,16.55,2.84,97.1,27.4,18.5,82.3,3.19,Upper_Division,139.6,20.19
REC-03971,1/13/2021,Western,1,532.39,82.8,13.76,2.84,96.2,30.5,20.9,77.9,2.41,West_Block,107.63,20.22
REC-03972,1/13/2021,Western,1,437.5,77.1,14.66,3.47,89.6,26.7,21.8,80.2,4.9,Lower_Division,88.59,20.25
REC-03973,1/13/2021,Western,1,445.08,80.7,14.29,3.73,97.7,26,20.1,74,4.14,East_Block,89.93,20.21
REC-03974,1/12/2021,Western,1,640.37,72.6,16.07,3.07,92.4,24.3,20.7,77,3.54,Middle_Division,129.17,20.17
REC-03975,1/12/2021,Western,1,439.78,78.6,17.23,2.23,90.2,27.7,21.9,79.1,3.35,West_Block,90.3,20.53
REC-03976,1/11/2021,Western,1,570.01,76.4,16,2.96,94.9,29.1,16.3,76.5,3.99,West_Block,110.41,19.37
REC-03977,1/11/2021,Western,1,638.58,75,17.91,3.19,101,26,15.3,75.8,3.04,Lower_Division,134.84,21.12
REC-03978,1/9/2021,Western,1,771.15,80.4,16.39,2.32,103.1,25.8,18.6,77.9,4.64,Middle_Division,153.59,19.92
REC-03979,1/9/2021,Western,1,407.54,81.8,18.56,3.24,91.7,24.6,16,74.6,4.94,Upper_Division,77.39,18.99
REC-03980,1/8/2021,Western,1,467.9,77.7,15.17,2.36,106.3,24.8,21,81.9,3.81,West_Block,93.71,20.03
REC-03981,1/7/2021,Western,1,640.22,77.9,15.99,3.01,96.9,25.3,16.5,78,4.15,West_Block,129.61,20.24
REC-03982,1/7/2021,Western,1,563.49,75.7,16.2,2.54,90.4,19.1,19.6,70.2,4.6,Lower_Division,114.92,20.39
REC-03983,1/7/2021,Western,1,622.61,85,16.77,3.49,91.1,23.4,18.3,74.6,2.7,West_Block,123.65,19.86
REC-03984,1/6/2021,Western,1,570.45,75,15.14,3.11,95.1,30.1,16,71.8,2.49,Lower_Division,115.04,20.17
REC-03985,1/6/2021,Western,1,520.92,79.5,15.13,3.34,106.4,24.8,17.3,80.4,3.04,Middle_Division,106.39,20.42
REC-03986,1/5/2021,Western,1,735.47,75,15.98,3.05,106.2,20.5,21.9,83.1,2.77,Upper_Division,139.54,18.97
REC-03987,1/4/2021,Western,1,732.43,80.8,16.57,3.49,102.1,25,20.3,82,4.82,Upper_Division,149.04,20.35
REC-03988,1/4/2021,Western,1,529.22,75.8,15.75,3.66,97.5,23.9,16.1,70.9,4.87,West_Block,109.71,20.73
REC-03989,1/4/2021,Western,1,350.75,74.3,14.96,3.4,91.7,24.6,19.5,72,2.52,West_Block,72.3,20.61
REC-03990,1/3/2021,Western,1,548,78,14.18,2.52,98.9,25.7,16.6,79.7,4.35,Lower_Division,112.66,20.56
REC-03991,1/3/2021,Western,1,633.18,77.2,14.29,4.23,100.8,24.8,17.2,83,4.25,Middle_Division,124.76,19.7
REC-03992,1/3/2021,Western,1,458.77,73.7,16.39,3.29,106.4,22.2,15.6,74.8,4.89,Lower_Division,98.74,21.52
REC-03993,1/3/2021,Western,1,284.75,78.4,15.64,3.18,93.2,25.7,15,71,4.66,East_Block,57.84,20.31
REC-03994,1/3/2021,Western,1,334.12,77,14.56,2.83,93,25,20.9,74.8,1.98,West_Block,69.48,20.79
REC-03995,1/2/2021,Western,1,630.1,80.9,15.27,2.04,101.3,26,19.3,77.6,2.58,Upper_Division,122.04,19.37
REC-03996,1/2/2021,Western,1,452.06,74,14.59,3.45,92.2,25.3,18.6,82.5,3.7,Upper_Division,88.26,19.52
REC-03997,1/2/2021,Western,1,521.55,77.2,18.84,3.89,93.8,26.5,17.9,79.5,4.94,Lower_Division,105.64,20.25
REC-03998,1/2/2021,Western,1,675.42,75.2,15.76,2.96,96.1,28.8,15.1,79.9,2.82,Lower_Division,138.49,20.5
REC-03999,1/1/2021,Western,1,623.56,72.2,14.34,3.23,99.8,25.8,19.6,79.4,4.05,West_Block,127.63,20.47
REC-04000,12/31/2020,NE_Monsoon,12,383.77,73.7,12.6,3.62,89.2,28.3,18.4,87.1,9.43,Lower_Division,70,18.24
REC-04001,12/31/2020,NE_Monsoon,12,600.44,80,17.21,3.91,102,21.5,20.4,80.6,7.89,Upper_Division,113.08,18.83
REC-04002,12/29/2020,NE_Monsoon,12,496.08,79.2,15.67,2.79,105.3,26.3,18.5,83.1,9.09,Upper_Division,102.23,20.61
REC-04003,12/29/2020,NE_Monsoon,12,698.73,76.9,16.84,3.11,93.1,24.4,18.5,84.8,9.78,Upper_Division,140.74,20.14
REC-04004,12/29/2020,NE_Monsoon,12,465.75,75.8,14.63,2.6,96.6,18,21.4,88.4,6.69,East_Block,94.25,20.24
REC-04005,12/28/2020,NE_Monsoon,12,605.72,82.2,17.67,3.48,95.1,23.3,18.1,82.6,9.59,Lower_Division,126.03,20.81
REC-04006,12/27/2020,NE_Monsoon,12,446.38,73.5,17.43,3.14,102.6,29.7,19.1,79.7,10.46,West_Block,91.82,20.57
REC-04007,12/26/2020,NE_Monsoon,12,664.8,78.6,16.82,3.16,87.3,28.6,17.6,83,10.5,Upper_Division,129.69,19.51
REC-04008,12/26/2020,NE_Monsoon,12,567.42,71.3,15.9,2.84,90.7,24.5,18.7,86,6.33,East_Block,111.91,19.72
REC-04009,12/25/2020,NE_Monsoon,12,773.66,78.5,15.35,3.84,100.3,24.2,23.1,87.3,7.95,Lower_Division,165.94,21.45
REC-04010,12/25/2020,NE_Monsoon,12,628.15,75.3,16.11,2.97,91.9,22.7,21.4,78.4,10.33,Middle_Division,133.98,21.33
REC-04011,12/25/2020,NE_Monsoon,12,638.56,79.4,17.71,3.21,95.3,27.8,22.1,85.1,9.06,West_Block,134.35,21.04
REC-04012,12/25/2020,NE_Monsoon,12,687.87,81.6,14.52,3.94,104.5,25.3,18.5,78.1,5.9,West_Block,141.12,20.51
REC-04013,12/25/2020,NE_Monsoon,12,452.05,74.2,16.43,3.08,104.5,25.9,17.3,89.7,9.68,West_Block,94.4,20.88
REC-04014,12/25/2020,NE_Monsoon,12,672.87,76,15.56,2.78,97.3,23,23.6,89.1,6.7,West_Block,143.96,21.4
REC-04015,12/24/2020,NE_Monsoon,12,471.55,75.7,17.26,2.37,96.8,28.4,20,83.4,9.47,Middle_Division,93.53,19.83
REC-04016,12/24/2020,NE_Monsoon,12,532.47,74.6,17.77,2.37,103.3,19.9,23.3,84.5,8.55,Lower_Division,111.65,20.97
REC-04017,12/24/2020,NE_Monsoon,12,475.41,82.2,17.78,3.68,102.7,26.8,20.3,89.8,9.12,Lower_Division,100.38,21.11
REC-04018,12/24/2020,NE_Monsoon,12,659.11,74.4,17.29,3.11,94.2,28.7,21,79.3,8,Lower_Division,125.98,19.11
REC-04019,12/24/2020,NE_Monsoon,12,662.43,79.9,17.83,2.55,100.6,26.7,22.1,79.4,10.6,West_Block,144.75,21.85
REC-04020,12/24/2020,NE_Monsoon,12,548.34,83.6,17.5,3.81,105.7,27.8,19.8,84.5,9.94,Middle_Division,110.94,20.23
REC-04021,12/23/2020,NE_Monsoon,12,740.32,77.5,14.37,2.12,101,28.8,23.4,80.5,7.59,East_Block,148.51,20.06
REC-04022,12/23/2020,NE_Monsoon,12,704.11,82.1,16.11,2.63,99.5,28,22.3,78.9,6.37,West_Block,145.09,20.61
REC-04023,12/22/2020,NE_Monsoon,12,554.56,74.5,17.33,2,98.7,25.9,22.4,80.8,8.95,Middle_Division,115.53,20.83
REC-04024,12/22/2020,NE_Monsoon,12,718.66,83.3,14.64,3.12,98.5,21.4,22.6,79.8,9.61,Upper_Division,139.85,19.46
REC-04025,12/22/2020,NE_Monsoon,12,552.58,77.5,16.13,2.73,94.1,23.4,17.8,87.1,9.46,Lower_Division,115.91,20.98
REC-04026,12/22/2020,NE_Monsoon,12,440.39,79.1,16.5,3.44,92.5,26.3,20.8,84.4,8.88,West_Block,93.79,21.3
REC-04027,12/21/2020,NE_Monsoon,12,412.69,74.6,13.66,3.08,94.2,27.4,23.8,81.6,5.55,West_Block,85.09,20.62
REC-04028,12/21/2020,NE_Monsoon,12,535.48,80,13.15,2.77,98,25.2,17.1,86.4,5.4,Middle_Division,109,20.36
REC-04029,12/21/2020,NE_Monsoon,12,622.54,75.3,17.29,2.66,103,26.7,23.3,87.2,6.77,Lower_Division,134.09,21.54
REC-04030,12/20/2020,NE_Monsoon,12,731.45,74,18.58,3.24,102.8,21.9,18.2,83.6,5.62,East_Block,148.48,20.3
REC-04031,12/20/2020,NE_Monsoon,12,626.48,72.8,16.49,2.8,91.2,25.5,21.4,87.5,6.42,Upper_Division,127.96,20.43
REC-04032,12/20/2020,NE_Monsoon,12,567.89,73.1,14.5,2.96,91.1,24.5,20.6,86.8,10.36,Middle_Division,118.33,20.84
REC-04033,12/19/2020,NE_Monsoon,12,575.94,81.1,15.76,2.7,99.9,22,20.4,81.6,5.48,East_Block,119.66,20.78
REC-04034,12/19/2020,NE_Monsoon,12,459.75,80.4,14.84,3.65,96.5,25.3,17.4,81.2,5.63,East_Block,91.9,19.99
REC-04035,12/19/2020,NE_Monsoon,12,506.67,79.2,16.81,3.21,105.1,27.5,17.2,84.4,9.23,Upper_Division,103.18,20.36
REC-04036,12/19/2020,NE_Monsoon,12,543.63,79.4,17.73,3.06,98.1,26.3,19.9,89.8,9.67,Upper_Division,110.81,20.38
REC-04037,12/19/2020,NE_Monsoon,12,568.52,78.3,16.08,3.38,94.7,26.7,17.9,86.6,5.21,Upper_Division,113.71,20
REC-04038,12/17/2020,NE_Monsoon,12,495.13,79.5,15.24,2.67,97.4,25.2,22.7,87.3,8.74,East_Block,101.08,20.42
REC-04039,12/17/2020,NE_Monsoon,12,368.08,79.7,17.13,3.67,97.6,24.8,19.1,89.1,10.16,Middle_Division,76.83,20.87
REC-04040,12/16/2020,NE_Monsoon,12,586.75,74.6,14.12,3.58,93.6,26,17,81,5.92,East_Block,116.66,19.88
REC-04041,12/16/2020,NE_Monsoon,12,378.74,80.4,16.72,2.53,92.4,22.8,23.8,87.6,10.67,Middle_Division,77.07,20.35
REC-04042,12/15/2020,NE_Monsoon,12,590.75,76.7,16.11,3.12,96.5,27,20.4,80.9,9.02,East_Block,124.76,21.12
REC-04043,12/15/2020,NE_Monsoon,12,447.48,74.7,16.86,2.64,93.2,24.1,20.2,84.2,5.23,Upper_Division,91.32,20.41
REC-04044,12/15/2020,NE_Monsoon,12,495.15,81.6,13,3.23,95.8,23.1,17,85.2,7.33,Lower_Division,104.33,21.07
REC-04045,12/14/2020,NE_Monsoon,12,539.28,73.8,16.96,2,95.8,27.8,22.8,79.9,10.56,West_Block,115.74,21.46
REC-04046,12/14/2020,NE_Monsoon,12,550.09,79.1,16.14,3.27,96.9,26,17.6,86.2,10.41,East_Block,118.73,21.58
REC-04047,12/13/2020,NE_Monsoon,12,587.19,77.4,16.15,2.74,104.9,21.6,19.1,83.3,6.48,West_Block,126.8,21.59
REC-04048,12/13/2020,NE_Monsoon,12,648.29,75.6,17.98,3.39,97.2,28.5,23.5,79.5,10.37,West_Block,132.98,20.51
REC-04049,12/12/2020,NE_Monsoon,12,734.53,77.3,15.39,2.73,100.8,21.7,17.6,85.7,8.3,West_Block,151.9,20.68
REC-04050,12/11/2020,NE_Monsoon,12,526.42,77.7,19.91,3,104.3,28.1,23.7,84.6,7.58,East_Block,105.63,20.07
REC-04051,12/11/2020,NE_Monsoon,12,640.29,79.3,13.33,3.2,92.9,23.8,19.3,83.4,9.79,Lower_Division,136.46,21.31
REC-04052,12/10/2020,NE_Monsoon,12,851.72,78.8,15.19,3.39,107.9,27.7,23.1,79.8,8.32,West_Block,181.65,21.33
REC-04053,12/10/2020,NE_Monsoon,12,735.36,80.4,16.09,2.86,95.1,25.5,21.3,78.6,7.85,East_Block,152.04,20.68
REC-04054,12/10/2020,NE_Monsoon,12,464.7,74.1,17.36,2.66,105.8,27.1,19.6,85.7,8.38,East_Block,93.85,20.2
REC-04055,12/10/2020,NE_Monsoon,12,250,77.5,16.81,3.52,94.6,28.2,17.2,82.3,7.44,East_Block,48.97,19.59
REC-04056,12/10/2020,NE_Monsoon,12,505.77,79.8,16.29,3.32,94.2,26.1,20.7,79.2,9.69,East_Block,103.26,20.42
REC-04057,12/9/2020,NE_Monsoon,12,553.73,74,18.8,3.02,104.7,29.2,22.5,83.3,6.32,East_Block,114.3,20.64
REC-04058,12/9/2020,NE_Monsoon,12,546.48,75,15.58,2,98.2,23.9,17.5,81.5,5.47,Middle_Division,114.1,20.88
REC-04059,12/8/2020,NE_Monsoon,12,530.83,84.2,16.88,3.21,104.8,27,22.5,78.5,5.46,Middle_Division,109.12,20.56
REC-04060,12/8/2020,NE_Monsoon,12,760.29,79,17.64,2.5,102.9,22.5,17.1,86.3,9.06,West_Block,157.49,20.71
REC-04061,12/7/2020,NE_Monsoon,12,555.3,70.7,17.6,3.39,97.9,19.4,17.6,80.5,5.89,Middle_Division,109.89,19.79
REC-04062,12/7/2020,NE_Monsoon,12,799.18,76.8,16.18,3.36,100.5,18,21.8,78.2,8.59,East_Block,161.2,20.17
REC-04063,12/7/2020,NE_Monsoon,12,464.96,78.8,15.42,2.18,93.8,27.2,22.3,82.2,8.42,East_Block,93.36,20.08
REC-04064,12/7/2020,NE_Monsoon,12,586.08,77.1,17.8,3.35,103.5,21.9,19,82.2,7.03,Middle_Division,118.69,20.25
REC-04065,12/7/2020,NE_Monsoon,12,524.53,75.3,14.28,2.63,107.3,24.2,21.6,89.6,7.68,West_Block,105.94,20.2
REC-04066,12/6/2020,NE_Monsoon,12,555.2,79.9,13.87,3.34,93.5,24.5,19.3,80.1,7.21,West_Block,118.76,21.39
REC-04067,12/6/2020,NE_Monsoon,12,585.04,82.5,15.11,4.08,103.4,22.5,22.7,84.5,7.32,Upper_Division,118.48,20.25
REC-04068,12/6/2020,NE_Monsoon,12,481.92,80.3,15.48,2.7,98.2,21.6,20.2,85.9,7.74,Middle_Division,100.06,20.76
REC-04069,12/5/2020,NE_Monsoon,12,614.59,76.8,18.11,2.64,106.4,21.8,22.6,82.6,8.92,East_Block,123.92,20.16
REC-04070,12/5/2020,NE_Monsoon,12,617.06,78.3,17.61,3.13,107.5,22.8,18.8,86.7,10.36,East_Block,130.18,21.1
REC-04071,12/5/2020,NE_Monsoon,12,513.76,70.8,14.73,3.31,95.8,29.7,23.8,88,9.48,Upper_Division,99.62,19.39
REC-04072,12/4/2020,NE_Monsoon,12,590.81,82.4,15.18,3.19,91.5,27,24,83.2,6.77,Middle_Division,124.27,21.03
REC-04073,12/3/2020,NE_Monsoon,12,833.15,77.2,17.06,2.49,110.1,21.1,23.2,87.1,8.5,West_Block,165.33,19.84
REC-04074,12/3/2020,NE_Monsoon,12,783.2,77.4,14.88,3.21,100.9,19.9,20.3,89.4,9.65,Lower_Division,162.09,20.7
REC-04075,12/3/2020,NE_Monsoon,12,709.1,74.8,16.46,2,104.5,21.5,22.9,87.9,9.67,Upper_Division,142.02,20.03
REC-04076,12/2/2020,NE_Monsoon,12,250,77.1,16.6,2.22,102.7,24.9,19.1,84.9,10.27,West_Block,54.24,21.7
REC-04077,12/2/2020,NE_Monsoon,12,349.61,81.2,15.1,3.37,100.8,26.7,19.6,85.2,9.99,East_Block,73.38,20.99
REC-04078,12/2/2020,NE_Monsoon,12,481.75,79.2,16.8,2.6,98.8,25.3,21.6,88.2,6.91,Upper_Division,104.61,21.71
REC-04079,12/2/2020,NE_Monsoon,12,602.58,74,18.26,3.14,99.5,24.5,23.3,78.1,7.77,Upper_Division,123.48,20.49
REC-04080,12/2/2020,NE_Monsoon,12,489.05,78.7,17.43,2.96,97.8,18,19.6,79.4,6.31,Lower_Division,102.28,20.91
REC-04081,12/1/2020,NE_Monsoon,12,738.28,79.5,16.35,2.81,96.8,28.1,23.6,80.7,6.99,West_Block,153.16,20.75
REC-04082,11/30/2020,NE_Monsoon,11,519.59,78.3,14.91,3.24,99.9,21.2,21.6,81.9,5.26,Lower_Division,111.15,21.39
REC-04083,11/29/2020,NE_Monsoon,11,677.8,78.2,14.87,2.93,95.1,24.9,23.9,87,5.01,Upper_Division,139.65,20.6
REC-04084,11/28/2020,NE_Monsoon,11,308.69,79.8,18.88,2.82,97.6,29,22.5,85.5,6.93,West_Block,63.68,20.63
REC-04085,11/28/2020,NE_Monsoon,11,398.74,78.6,16.63,3.28,103.7,27.1,18.1,80,6.07,Middle_Division,86.09,21.59
REC-04086,11/28/2020,NE_Monsoon,11,577.34,79.8,17.44,3.37,99.5,21.1,21.9,87.2,8.6,Upper_Division,113.43,19.65
REC-04087,11/28/2020,NE_Monsoon,11,531.48,73.1,14.28,3,91.8,24.4,17.2,80.3,8.93,Lower_Division,110.57,20.8
REC-04088,11/27/2020,NE_Monsoon,11,592.67,80.8,16.28,3.62,97.9,23.1,23.1,85.7,5.59,Lower_Division,118.32,19.96
REC-04089,11/27/2020,NE_Monsoon,11,729.45,80.1,17.7,2.66,91.8,26.6,20.1,79.2,7.55,Lower_Division,151.81,20.81
REC-04090,11/26/2020,NE_Monsoon,11,575.37,80.1,16.06,2.99,98.8,27.5,19.2,80.6,6.56,Lower_Division,125.25,21.77
REC-04091,11/25/2020,NE_Monsoon,11,486.48,74.4,18.7,2.75,90,21.5,22.5,83.1,8.25,Lower_Division,98.3,20.21
REC-04092,11/25/2020,NE_Monsoon,11,485.86,78.1,14.91,2.89,95.1,27,19.4,78.4,7.05,East_Block,98.6,20.29
REC-04093,11/24/2020,NE_Monsoon,11,522.04,75.4,16.72,3.44,106.2,27.2,19.4,83.8,5.59,Upper_Division,102.24,19.58
REC-04094,11/23/2020,NE_Monsoon,11,504.64,78.2,12.84,2.86,106.3,30.7,22.9,84.3,10.37,Middle_Division,101.83,20.18
REC-04095,11/23/2020,NE_Monsoon,11,734.41,80,14.68,2.68,98.5,27.8,23.9,83,7.85,Middle_Division,150.01,20.43
REC-04096,11/23/2020,NE_Monsoon,11,659.11,80.6,14.78,2.22,96.5,24.8,21,80.7,6.84,West_Block,134.36,20.38
REC-04097,11/23/2020,NE_Monsoon,11,654.78,77.3,17.19,2.99,91.4,27,23.9,85.4,7.93,East_Block,134.77,20.58
REC-04098,11/23/2020,NE_Monsoon,11,682.56,77.8,16.8,2.91,101.4,26.2,21.7,88.2,6.26,Upper_Division,138.92,20.35
REC-04099,11/22/2020,NE_Monsoon,11,636.95,77.8,15.48,3.31,98.1,24.5,18,80.6,8.63,Lower_Division,136.77,21.47
REC-04100,11/22/2020,NE_Monsoon,11,509.59,78.8,16.4,3.04,93.9,26.6,21.6,89.4,6.39,Lower_Division,109.47,21.48
REC-04101,11/21/2020,NE_Monsoon,11,559.23,77.9,19.16,2.77,99.7,25.3,19.9,79.7,8.91,Middle_Division,112.98,20.2
REC-04102,11/21/2020,NE_Monsoon,11,476.95,70.1,17.24,2.63,99.9,27.3,22.1,85.8,9.84,Middle_Division,95.51,20.02
REC-04103,11/21/2020,NE_Monsoon,11,845.33,73.9,12.7,2.75,102,28.8,18.5,80.3,7.39,East_Block,166.46,19.69
REC-04104,11/20/2020,NE_Monsoon,11,532.29,76.7,13.81,2.89,93.8,25.6,18.9,84.2,5.08,Upper_Division,106.74,20.05
REC-04105,11/19/2020,NE_Monsoon,11,515.67,74.8,14.92,3.02,94.9,24.8,19.1,87.1,7.73,Upper_Division,103.65,20.1
REC-04106,11/19/2020,NE_Monsoon,11,675.89,78.4,15.68,2.96,92.2,23,23.1,81.8,8.72,West_Block,144.86,21.43
REC-04107,11/19/2020,NE_Monsoon,11,548.43,75.6,14.84,3.91,101.1,26,18,78.8,7.66,Lower_Division,114.82,20.94
REC-04108,11/19/2020,NE_Monsoon,11,386.48,75.1,16.65,3.17,92.6,27.2,17.8,82.1,9.38,Upper_Division,77.49,20.05
REC-04109,11/18/2020,NE_Monsoon,11,479.99,77,16.97,2.64,97.4,24.3,19.1,90,7.39,Upper_Division,101.04,21.05
REC-04110,11/18/2020,NE_Monsoon,11,478.17,83.9,15.36,3.24,96.4,23.3,22.7,80.8,6.36,East_Block,101.28,21.18
REC-04111,11/18/2020,NE_Monsoon,11,451.68,82.6,14.98,2.44,97.6,26.4,20.6,88.5,9.15,East_Block,87.04,19.27
REC-04112,11/18/2020,NE_Monsoon,11,626.22,76.8,17.31,3.65,97.4,28.9,17.2,79.6,9.28,West_Block,129.16,20.62
REC-04113,11/18/2020,NE_Monsoon,11,674.01,85,16.79,3.48,98.1,25.9,20.6,88.9,6.38,Lower_Division,140.29,20.81
REC-04114,11/18/2020,NE_Monsoon,11,596.71,79.2,14.84,3.59,96.7,23.4,20.3,78.3,7.43,West_Block,124.6,20.88
REC-04115,11/18/2020,NE_Monsoon,11,433.22,76.4,15.88,4.34,101.9,26.4,18.6,83.2,8.02,East_Block,88.08,20.33
REC-04116,11/17/2020,NE_Monsoon,11,561.08,77.5,17.95,3.63,102.6,19.9,20.4,89.4,9.75,Lower_Division,115.71,20.62
REC-04117,11/17/2020,NE_Monsoon,11,407.74,73.2,18.58,3.15,95.7,27.8,21,86.4,8.05,East_Block,84.31,20.68
REC-04118,11/16/2020,NE_Monsoon,11,497.41,81.1,14.14,3.99,98.7,27.6,17.7,82.6,6.59,East_Block,97.81,19.66
REC-04119,11/14/2020,NE_Monsoon,11,672.77,81.3,16.01,3.46,102.7,24.1,22.3,78.7,5.32,West_Block,139.6,20.75
REC-04120,11/14/2020,NE_Monsoon,11,388.45,78,16.12,2.93,100.4,20.2,21.5,87.5,7.83,Middle_Division,80.34,20.68
REC-04121,11/14/2020,NE_Monsoon,11,565.51,79.3,15.62,3.47,97.4,28.3,17.1,89.6,7.59,Middle_Division,117.37,20.75
REC-04122,11/14/2020,NE_Monsoon,11,502.97,79.5,18.06,3.25,97.2,27.5,20.8,89,9.19,West_Block,104.98,20.87
REC-04123,11/13/2020,NE_Monsoon,11,726.3,80.5,16.87,3.71,103.6,24.2,20.8,80.1,7.65,East_Block,148.98,20.51
REC-04124,11/13/2020,NE_Monsoon,11,651.98,77.9,15.38,2.36,93.3,21.1,18.4,87.4,7.82,East_Block,128.6,19.72
REC-04125,11/12/2020,NE_Monsoon,11,455.82,79.6,17.92,2.7,90.8,24.7,18.8,84.8,9.59,East_Block,92.18,20.22
REC-04126,11/12/2020,NE_Monsoon,11,567.05,76.2,17.16,3.27,98.1,26.2,22.7,83.9,5.04,Middle_Division,118.67,20.93
REC-04127,11/12/2020,NE_Monsoon,11,576.5,77.9,18.54,2.6,99.3,24.9,23.6,83.5,8.82,Lower_Division,122.68,21.28
REC-04128,11/11/2020,NE_Monsoon,11,595.58,75.9,16.17,2.56,98.8,21.1,18.8,84.1,6.79,Upper_Division,117.95,19.8
REC-04129,11/11/2020,NE_Monsoon,11,650.35,76.8,15.1,3.17,101.6,29.5,23.6,80,9.88,West_Block,135.87,20.89
REC-04130,11/11/2020,NE_Monsoon,11,615.41,79.9,13.39,2.65,95.8,25,20.3,79.5,7.86,West_Block,128.04,20.81
REC-04131,11/11/2020,NE_Monsoon,11,491.57,76.6,14.38,2.8,100.7,25.1,21.1,81.9,8.64,East_Block,99.88,20.32
REC-04132,11/11/2020,NE_Monsoon,11,480.41,75.9,14,2.55,97.9,25.9,19.8,80.1,6.33,East_Block,99.96,20.81
REC-04133,11/11/2020,NE_Monsoon,11,685.42,73.9,15.24,3.33,103.1,29.6,21.5,82,9.99,Middle_Division,141.64,20.66
REC-04134,11/11/2020,NE_Monsoon,11,276.26,82.9,14.9,3.23,96.9,23.8,22.3,86.6,6.51,East_Block,57.3,20.74
REC-04135,11/10/2020,NE_Monsoon,11,771.99,75.7,16.56,3.83,101.3,24.3,19.3,88.5,5.47,Lower_Division,165.38,21.42
REC-04136,11/10/2020,NE_Monsoon,11,416.9,79.7,16.01,3.44,90.8,30.2,20.5,89.5,8.34,West_Block,85.91,20.61
REC-04137,11/9/2020,NE_Monsoon,11,462.02,81.5,15.58,3.73,99.9,27,18.2,86.6,8.23,Upper_Division,94.01,20.35
REC-04138,11/9/2020,NE_Monsoon,11,564.96,75,16.67,3.58,99.3,20.5,20.5,85,6.25,East_Block,116.59,20.64
REC-04139,11/9/2020,NE_Monsoon,11,642.29,82.9,19.88,3.26,96.7,24.6,21.6,82,5.34,Lower_Division,139.09,21.65
REC-04140,11/8/2020,NE_Monsoon,11,619.45,77,12.56,3.06,97.1,25.3,20,80.2,7.96,Upper_Division,123.25,19.9
REC-04141,11/8/2020,NE_Monsoon,11,432.78,78.7,15.46,3.59,99.7,21.3,21.6,78.4,9.75,Middle_Division,88.37,20.42
REC-04142,11/8/2020,NE_Monsoon,11,462.83,76.7,14.38,2.96,105.8,22,22.7,78.2,6.91,Upper_Division,92.07,19.89
REC-04143,11/8/2020,NE_Monsoon,11,629.37,72.2,12.01,3.27,99.6,26.5,17.7,86.6,8.15,West_Block,126.91,20.17
REC-04144,11/7/2020,NE_Monsoon,11,700.99,77.1,15.39,2.63,90.8,25.1,23,78.3,8.48,Lower_Division,144.81,20.66
REC-04145,11/6/2020,NE_Monsoon,11,586.79,76.3,15.65,3.45,95.2,28.1,21.8,83.6,7.96,West_Block,125.14,21.33
REC-04146,11/6/2020,NE_Monsoon,11,603.7,80.5,16.36,3.12,99.7,27.7,18.1,88.9,5.05,Upper_Division,123.46,20.45
REC-04147,11/6/2020,NE_Monsoon,11,250,80.8,17.01,3.66,101.1,27.3,17.7,83,9.62,West_Block,50.21,20.08
REC-04148,11/5/2020,NE_Monsoon,11,584.58,85,15.83,2.87,99.4,23.1,20.1,83.6,8.64,Upper_Division,119.77,20.49
REC-04149,11/5/2020,NE_Monsoon,11,545.06,80.4,15.5,3.61,98.2,24.7,19.1,82,8.28,Middle_Division,112.64,20.67
REC-04150,11/5/2020,NE_Monsoon,11,569.06,78.1,15.96,2.99,97.9,28.3,19.5,88,7.41,West_Block,118.69,20.86
REC-04151,11/4/2020,NE_Monsoon,11,336.09,76.1,15.66,2.81,91,28.3,22.2,82.3,10.62,West_Block,71.34,21.23
REC-04152,11/4/2020,NE_Monsoon,11,345.68,78.7,14.8,4.04,102.3,21.8,21.9,82.3,7.93,West_Block,69.76,20.18
REC-04153,11/4/2020,NE_Monsoon,11,517.22,75.5,16.56,2.11,91.6,24.5,20.4,78.3,7.77,Upper_Division,103.41,19.99
REC-04154,11/4/2020,NE_Monsoon,11,400.5,78.1,15.06,3.29,90.6,25.3,20.4,83,10.37,West_Block,85.66,21.39
REC-04155,11/3/2020,NE_Monsoon,11,493.09,73.6,16.23,3.49,100.7,22.7,18.4,85.6,8.76,West_Block,104.78,21.25
REC-04156,11/3/2020,NE_Monsoon,11,519.61,77.5,16.13,4.05,103.1,27.7,19.3,78.8,8.81,Middle_Division,106.03,20.4
REC-04157,11/2/2020,NE_Monsoon,11,684.69,74.6,15.82,3.71,95.8,24.1,18.1,89.4,6.01,East_Block,137.47,20.08
REC-04158,11/2/2020,NE_Monsoon,11,574.36,81.2,17.04,2.79,92.3,20.4,22,80,8.4,West_Block,114.12,19.87
REC-04159,11/1/2020,NE_Monsoon,11,760.65,74.6,12.81,3,95.4,19.3,22.7,80.2,6,Upper_Division,153.61,20.19
REC-04160,11/1/2020,NE_Monsoon,11,554.66,77.6,15.39,3.51,94,28.8,19.8,87.9,9.06,Upper_Division,109.26,19.7
REC-04161,11/1/2020,NE_Monsoon,11,705.51,81.1,15.03,2.64,96.8,24.1,17.9,85.8,10.04,West_Block,152.49,21.61
REC-04162,11/1/2020,NE_Monsoon,11,581.21,77.3,15.18,2.35,100.4,22.7,23.4,78.4,7.41,Middle_Division,119.54,20.57
REC-04163,11/1/2020,NE_Monsoon,11,377.24,80.8,13.13,2.52,102,26.1,23.6,89.9,8.23,Upper_Division,73.91,19.59
REC-04164,10/31/2020,NE_Monsoon,10,394.35,73.3,14.31,4.32,100.7,19.5,22.2,78,10.37,Lower_Division,80.91,20.52
REC-04165,10/31/2020,NE_Monsoon,10,443.2,80.1,17.39,3.41,110,32.3,24,89.8,10.56,Middle_Division,87.88,19.83
REC-04166,10/31/2020,NE_Monsoon,10,370.22,79,17.46,3.68,105.4,24.4,21.9,83.4,5.74,Middle_Division,72.83,19.67
REC-04167,10/30/2020,NE_Monsoon,10,470.07,74.2,15.93,2.29,100.6,25.8,19.5,86.8,8.35,West_Block,97.57,20.76
REC-04168,10/30/2020,NE_Monsoon,10,568.23,79.7,16.28,3.37,107,21.3,21.2,83.9,7.18,East_Block,119.31,21
REC-04169,10/29/2020,NE_Monsoon,10,631.63,70,15.42,3.04,104.4,23.9,22.1,82.6,10.45,Upper_Division,129.71,20.54
REC-04170,10/29/2020,NE_Monsoon,10,482.79,81.1,18.54,2.72,90.3,25.4,19.3,86.1,8.47,West_Block,99.28,20.56
REC-04171,10/29/2020,NE_Monsoon,10,352.28,82.4,13.22,2.62,93.9,24.7,17.8,78.6,6.27,West_Block,71.88,20.4
REC-04172,10/29/2020,NE_Monsoon,10,596.21,72.3,17.33,2.7,100.7,23.2,21.6,84.4,8.12,Lower_Division,129.08,21.65
REC-04173,10/29/2020,NE_Monsoon,10,378.78,74.8,16.07,3.75,95.5,25.7,23.8,82.6,5.25,East_Block,76.61,20.23
REC-04174,10/28/2020,NE_Monsoon,10,581.53,80.1,15.63,2.58,104.3,25.9,20.1,78.8,9.14,West_Block,119.57,20.56
REC-04175,10/26/2020,NE_Monsoon,10,472.92,82.2,16.66,2.82,98.1,20.7,21.4,79.1,6.51,Upper_Division,95.86,20.27
REC-04176,10/26/2020,NE_Monsoon,10,580.91,77.2,14.71,2.5,96.9,24.7,23.2,79.7,9.48,East_Block,118.6,20.42
REC-04177,10/26/2020,NE_Monsoon,10,678.87,73,13.96,4.04,89.6,28.7,17.3,83.4,8.45,Upper_Division,125.26,18.45
REC-04178,10/26/2020,NE_Monsoon,10,583.82,77,17.05,2.9,94.5,18.5,17.8,84.6,5.75,Lower_Division,119.9,20.54
REC-04179,10/25/2020,NE_Monsoon,10,810.14,77.8,17.84,3.3,107,24.8,21.9,82.1,10.67,East_Block,165.74,20.46
REC-04180,10/25/2020,NE_Monsoon,10,537.99,77.3,17.44,3.54,98.3,25,21.4,79.9,5.39,Middle_Division,105.72,19.65
REC-04181,10/25/2020,NE_Monsoon,10,507.27,77.4,17.03,2.32,98.4,24.9,20.7,87.2,7.54,East_Block,99.9,19.69
REC-04182,10/25/2020,NE_Monsoon,10,579.55,79.8,15.76,2.29,98.9,28.1,22.3,85.2,7.94,Upper_Division,117.31,20.24
REC-04183,10/23/2020,NE_Monsoon,10,775.1,75.1,17.28,2.72,104.2,23.8,22.1,82,9.51,West_Block,165.81,21.39
REC-04184,10/23/2020,NE_Monsoon,10,588.16,79.6,16.89,2.7,91.5,23.5,21.5,83.5,8.54,Lower_Division,125.23,21.29
REC-04185,10/22/2020,NE_Monsoon,10,404.57,74.6,16.47,2.78,98.6,26.5,19.8,81.9,8.71,East_Block,85.44,21.12
REC-04186,10/22/2020,NE_Monsoon,10,797.61,77,15.29,3.51,101.6,22.9,21.8,79.5,7.62,Lower_Division,166.47,20.87
REC-04187,10/22/2020,NE_Monsoon,10,664.79,81.2,15.89,2.53,100.6,25,18.4,84.3,6.08,Upper_Division,139.9,21.04
REC-04188,10/22/2020,NE_Monsoon,10,514.73,85,19.17,2.63,93.3,25,17.2,89.3,5.5,Upper_Division,100.27,19.48
REC-04189,10/22/2020,NE_Monsoon,10,622.81,80.5,17.17,3.47,97.4,24.6,20.4,83.8,6.58,Upper_Division,127.54,20.48
REC-04190,10/21/2020,NE_Monsoon,10,690.64,74.1,16.22,2.61,104.3,25.8,23.6,88.1,9.33,West_Block,147.35,21.34
REC-04191,10/21/2020,NE_Monsoon,10,486.22,81.8,14.77,2.12,101.7,23.3,17.8,87.4,8.96,Middle_Division,97.95,20.15
REC-04192,10/20/2020,NE_Monsoon,10,622.53,79.1,16.4,2.58,100.6,27.5,22.6,87.1,5.91,Lower_Division,135.2,21.72
REC-04193,10/20/2020,NE_Monsoon,10,626.01,75.8,16.17,2.05,96.5,25.4,18.2,88.2,8.38,Middle_Division,129.37,20.67
REC-04194,10/20/2020,NE_Monsoon,10,628.35,75.3,19.69,3.83,105.5,27.5,23.9,79.6,8.61,Middle_Division,123.9,19.72
REC-04195,10/19/2020,NE_Monsoon,10,590.32,75.6,14.52,2.57,100.1,27.2,18.7,82.8,9.99,Lower_Division,124.88,21.16
REC-04196,10/19/2020,NE_Monsoon,10,514.1,77.4,16.12,2.12,93,24.8,23.5,81.3,8.32,Upper_Division,101.42,19.73
REC-04197,10/18/2020,NE_Monsoon,10,326.22,77,15.6,3.26,98.7,25.5,17,78,5.75,Middle_Division,68.33,20.94
REC-04198,10/18/2020,NE_Monsoon,10,795.05,75.9,15.92,3.22,90.6,22.5,22.7,82,9.61,Lower_Division,166.53,20.95
REC-04199,10/18/2020,NE_Monsoon,10,262.12,77.8,15.89,2.99,97,30.9,22.7,78.6,6.91,East_Block,54.06,20.63
REC-04200,10/18/2020,NE_Monsoon,10,465.89,73.9,15.88,2.56,93.9,27.9,21.9,82.1,9.47,Middle_Division,93.94,20.16
REC-04201,10/18/2020,NE_Monsoon,10,642.62,76,14.64,3.84,96,26.5,20.9,87.3,8.16,Upper_Division,130.52,20.31
REC-04202,10/17/2020,NE_Monsoon,10,560.06,77.5,15.52,3.01,98.7,22.3,17.8,83.6,8.47,West_Block,120.64,21.54
REC-04203,10/17/2020,NE_Monsoon,10,514.8,83.3,17.71,3.43,89.6,26.9,18.9,82.4,7.54,Lower_Division,102.84,19.98
REC-04204,10/17/2020,NE_Monsoon,10,466.72,74.5,16.8,3.39,98.5,23.1,19.7,82.6,8.4,Middle_Division,100.73,21.58
REC-04205,10/16/2020,NE_Monsoon,10,402.65,77.1,15.92,2.66,98.5,22.4,22.4,81.1,8.97,Upper_Division,84.26,20.93
REC-04206,10/16/2020,NE_Monsoon,10,504.91,77.1,16.74,2.93,99,26.2,20.9,87.6,9.55,Upper_Division,102.94,20.39
REC-04207,10/15/2020,NE_Monsoon,10,502.1,78.7,16.26,3.28,92.2,25.5,19.3,87.9,10.48,Lower_Division,107.25,21.36
REC-04208,10/15/2020,NE_Monsoon,10,481.16,78.1,15.81,3.87,97.5,26.5,20.2,78.2,7.66,East_Block,100.24,20.83
REC-04209,10/15/2020,NE_Monsoon,10,669.63,78.3,14.84,3.67,96.2,22.5,19.7,82,9.59,Upper_Division,132.9,19.85
REC-04210,10/15/2020,NE_Monsoon,10,500.44,77.4,16.27,3.1,105.7,27.7,20.5,85.4,10.59,Lower_Division,107.95,21.57
REC-04211,10/14/2020,NE_Monsoon,10,538.53,78.2,16.97,2,98.7,24,20.1,79.8,9.95,Middle_Division,112.83,20.95
REC-04212,10/14/2020,NE_Monsoon,10,606.3,78.1,16.32,2.8,92.7,25.1,20.1,82.1,5.84,East_Block,127.8,21.08
REC-04213,10/13/2020,NE_Monsoon,10,255.3,75.8,18.4,2.55,95.6,28.2,20.6,81.8,10.63,Lower_Division,55.11,21.59
REC-04214,10/13/2020,NE_Monsoon,10,535.26,78.3,14.23,2.5,96.4,26.9,21.7,85.2,6.75,Lower_Division,114.31,21.36
REC-04215,10/13/2020,NE_Monsoon,10,535.65,75.9,13.57,2.72,86.6,24.2,22.8,82.8,10.48,East_Block,105.36,19.67
REC-04216,10/13/2020,NE_Monsoon,10,412.99,74.4,17.61,3.57,99.8,25.9,18,84.8,5.1,Upper_Division,80.85,19.58
REC-04217,10/13/2020,NE_Monsoon,10,631.27,83.4,18.66,3.28,109.4,25.6,23.5,89.3,9.12,Upper_Division,126.44,20.03
REC-04218,10/13/2020,NE_Monsoon,10,716.63,74.7,16.86,3.1,98.8,23.7,22,86.6,6.75,Middle_Division,147.06,20.52
REC-04219,10/13/2020,NE_Monsoon,10,575.03,77.8,15.93,3.08,100.7,26.6,17.7,87.5,6.08,Middle_Division,125.56,21.84
REC-04220,10/13/2020,NE_Monsoon,10,673.94,76.5,17.08,2.71,102.7,28.4,17.3,84.2,10.22,West_Block,138.96,20.62
REC-04221,10/13/2020,NE_Monsoon,10,742.33,75.4,15.91,2.73,103.3,28.5,21.8,84.2,7.38,West_Block,155.26,20.91
REC-04222,10/12/2020,NE_Monsoon,10,565.75,80.9,14.86,3.33,94.6,27.2,23.3,79.7,6.47,Middle_Division,111.6,19.73
REC-04223,10/12/2020,NE_Monsoon,10,584.27,77.9,18.89,3.02,91.4,28.7,18,83.4,8.61,East_Block,124.04,21.23
REC-04224,10/11/2020,NE_Monsoon,10,603.58,81.3,16.97,2.58,89.8,21.5,19.3,82.8,10.41,West_Block,119.2,19.75
REC-04225,10/11/2020,NE_Monsoon,10,808.89,79.5,16.64,3.74,91.5,25.9,19.5,88.9,8.77,West_Block,167.18,20.67
REC-04226,10/11/2020,NE_Monsoon,10,371.76,79,13.12,2.66,97.2,23,18.8,85.9,5.64,East_Block,78.44,21.1
REC-04227,10/10/2020,NE_Monsoon,10,343.2,77.6,17.36,2.53,110.9,28.5,18.3,84,7.36,Upper_Division,65.88,19.2
REC-04228,10/9/2020,NE_Monsoon,10,605.33,78.1,15.97,2.69,100.3,29.5,20.7,82.3,7.13,Lower_Division,128.64,21.25
REC-04229,10/9/2020,NE_Monsoon,10,635.13,75.6,18.21,3.39,91.1,21.8,22.2,87.7,8.55,Upper_Division,125.77,19.8
REC-04230,10/9/2020,NE_Monsoon,10,649.11,78.7,14.91,3.69,92.2,28.9,22.8,78.8,6.67,Lower_Division,127.61,19.66
REC-04231,10/8/2020,NE_Monsoon,10,350.04,77.2,16.56,2.77,100.5,22.8,21.1,89.3,5.98,East_Block,73.69,21.05
REC-04232,10/8/2020,NE_Monsoon,10,427.05,74,15.42,2.7,102.9,28.4,24,83.6,9.59,West_Block,87.78,20.55
REC-04233,10/8/2020,NE_Monsoon,10,592.59,78.4,18.19,2.92,93.7,30.8,22.5,79.1,7.76,East_Block,122.14,20.61
REC-04234,10/8/2020,NE_Monsoon,10,552.35,79.2,14.79,3.25,102,24,19,83.3,7.97,Upper_Division,116.03,21.01
REC-04235,10/8/2020,NE_Monsoon,10,453.43,77.9,16.45,3.02,99.4,26.6,18,84.5,9.56,East_Block,98.2,21.66
REC-04236,10/8/2020,NE_Monsoon,10,516.81,77.4,16.69,2.65,91.6,22.2,18.6,88.5,8.21,Upper_Division,107.76,20.85
REC-04237,10/8/2020,NE_Monsoon,10,749.53,77.4,17.3,2.47,94.8,24.1,20.3,82.9,5.01,East_Block,151.94,20.27
REC-04238,10/8/2020,NE_Monsoon,10,691.54,75.1,16.64,2.93,97.4,22.3,23.8,87.4,5.34,Middle_Division,145.22,21
REC-04239,10/8/2020,NE_Monsoon,10,384.19,80.7,14.37,2.54,92.5,22.5,22.6,79.1,8.37,Upper_Division,77.43,20.15
REC-04240,10/7/2020,NE_Monsoon,10,466.26,75.2,15.56,2.41,103.5,28.8,23.6,82,9.23,Lower_Division,96.45,20.69
REC-04241,10/7/2020,NE_Monsoon,10,484.02,82,17.26,3.62,92.5,23.6,21.7,89.5,10.03,West_Block,100.24,20.71
REC-04242,10/7/2020,NE_Monsoon,10,900,77.7,20,3.18,106.1,22.4,21.4,79.2,8.52,West_Block,179.37,19.93
REC-04243,10/7/2020,NE_Monsoon,10,500.39,79.4,15.16,2.88,107.9,19.1,22.9,90,6.77,Upper_Division,101.51,20.29
REC-04244,10/6/2020,NE_Monsoon,10,785.54,77.1,14.07,3.29,95.8,24.6,20.9,88.3,8.27,Middle_Division,164.93,21
REC-04245,10/6/2020,NE_Monsoon,10,591.81,78.9,13.74,3.59,103.8,26.6,22.8,85.3,5.18,West_Block,125.63,21.23
REC-04246,10/6/2020,NE_Monsoon,10,627.93,75.7,16.32,4.21,87.9,23.1,20.4,85.9,7.5,Middle_Division,125.13,19.93
REC-04247,10/5/2020,NE_Monsoon,10,694.94,75,14.27,3.45,104.5,25.3,22.3,80.4,6.97,Lower_Division,149.54,21.52
REC-04248,10/5/2020,NE_Monsoon,10,720.49,80.6,14.44,2,94.1,25.9,18.7,79.3,10.29,West_Block,143.32,19.89
REC-04249,10/5/2020,NE_Monsoon,10,578.09,83.7,16.24,3,104,23.1,19.9,81.6,8.19,East_Block,120,20.76
REC-04250,10/4/2020,NE_Monsoon,10,691.33,74.2,16.25,2.18,102.6,29.1,22,79.9,10.66,East_Block,140.74,20.36
REC-04251,10/4/2020,NE_Monsoon,10,841.69,78.4,17.24,2.65,98.3,20.6,18.3,78.7,8.47,Upper_Division,170.95,20.31
REC-04252,10/4/2020,NE_Monsoon,10,770.88,75.5,16.61,3.77,99.4,25.5,22.5,86.1,7.36,West_Block,163.93,21.27
REC-04253,10/4/2020,NE_Monsoon,10,339.18,79,13.86,2.75,102.5,27.6,21.4,83.9,5.2,Middle_Division,70.99,20.93
REC-04254,10/4/2020,NE_Monsoon,10,636.51,73.5,14.45,2.42,89.6,24.7,21.8,81.6,8.98,Middle_Division,118.96,18.69
REC-04255,10/3/2020,NE_Monsoon,10,474.57,77.7,18.46,3.03,107.1,26.9,19.1,84.8,7.95,Lower_Division,105.2,22.17
REC-04256,10/2/2020,NE_Monsoon,10,589.83,80.7,14.98,3,97.9,27,22.8,82.8,10.63,West_Block,123.93,21.01
REC-04257,10/1/2020,NE_Monsoon,10,471.1,76.9,14.3,2.85,96.8,22,20.5,78.4,7.44,Middle_Division,97.02,20.59
REC-04258,10/1/2020,NE_Monsoon,10,668.95,80.5,15.01,2.52,90.3,22.9,20.3,78.8,5.99,Middle_Division,141.02,21.08
REC-04259,10/1/2020,NE_Monsoon,10,399.45,77.4,13.71,2.47,92.1,27.6,17.2,85.5,10.03,West_Block,79.65,19.94
REC-04260,10/1/2020,NE_Monsoon,10,506.7,76.1,15.3,3.74,98.8,27.7,19.2,79.5,8.02,East_Block,104.33,20.59
REC-04261,9/30/2020,Quality_Season,9,250,70,17.36,2.27,96.9,24.7,21.2,73.8,4.57,West_Block,48.09,19.24
REC-04262,9/30/2020,Quality_Season,9,513.84,80.9,18.73,3.5,95.4,25.3,19.1,83.6,5.7,East_Block,102.37,19.92
REC-04263,9/30/2020,Quality_Season,9,328,77.6,15.88,2.37,107.7,22.1,17.8,74.2,5.17,Upper_Division,63.5,19.36
REC-04264,9/29/2020,Quality_Season,9,486.85,74.3,14.36,2.63,100.2,28.7,22,84.7,3.37,Upper_Division,90.32,18.55
REC-04265,9/29/2020,Quality_Season,9,669.83,80.1,19.68,3.99,102,23.6,19.9,76.4,3.73,East_Block,124.66,18.61
REC-04266,9/29/2020,Quality_Season,9,647.36,80.7,14.55,3.51,93.9,23.7,16,76,3.35,West_Block,123,19
REC-04267,9/28/2020,Quality_Season,9,533.64,74.8,17.57,2.43,95.8,20.3,23,72.4,3.46,Lower_Division,102.32,19.17
REC-04268,9/28/2020,Quality_Season,9,627.02,80.2,17.48,3.33,93.2,30.1,20,79.6,5.78,Middle_Division,118.5,18.9
REC-04269,9/28/2020,Quality_Season,9,495.38,74,15.78,3.22,97.9,26,18.7,76.5,5.57,Upper_Division,97.04,19.59
REC-04270,9/27/2020,Quality_Season,9,647.79,76.8,19.04,2.74,104.8,24.3,22,77.4,4.61,Upper_Division,122.05,18.84
REC-04271,9/27/2020,Quality_Season,9,548.93,74.8,14.16,2.71,101.9,24.2,22.9,72.1,4.35,East_Block,109.35,19.92
REC-04272,9/27/2020,Quality_Season,9,541.51,77.5,14.82,3.1,94.5,26.1,21,72.1,3.62,Lower_Division,110.31,20.37
REC-04273,9/27/2020,Quality_Season,9,664.13,78.4,15.47,3.14,106.7,24.7,17.5,83.7,3.99,West_Block,136.85,20.61
REC-04274,9/27/2020,Quality_Season,9,542.71,80.4,15.38,2.98,103.8,28.2,16.8,74,5.08,Lower_Division,108.61,20.01
REC-04275,9/27/2020,Quality_Season,9,566.99,80.7,17.19,2.87,100.9,20.8,16.8,84.9,3.25,East_Block,109.55,19.32
REC-04276,9/26/2020,Quality_Season,9,536.52,75.5,14.67,2.76,98.5,26.5,20.7,73.2,5.77,Lower_Division,103.49,19.29
REC-04277,9/26/2020,Quality_Season,9,652.39,79.3,15.08,3.24,92,20.3,22.9,83,2.74,Middle_Division,128.85,19.75
REC-04278,9/25/2020,Quality_Season,9,474.09,81.4,14.89,2.52,100.3,24.1,19.6,77.9,5.96,West_Block,94.56,19.95
REC-04279,9/25/2020,Quality_Season,9,395.03,77.7,13.51,3.38,99.2,25.7,18,82.6,3.59,West_Block,79.13,20.03
REC-04280,9/25/2020,Quality_Season,9,399.47,73.2,13.07,2.27,101.4,24.7,16.2,80.4,5.41,Lower_Division,82.55,20.66
REC-04281,9/24/2020,Quality_Season,9,326.47,79,16.88,3.49,91.6,21.2,18.9,80.8,3.66,Upper_Division,61.91,18.96
REC-04282,9/24/2020,Quality_Season,9,726.1,84.2,14.94,3.34,94.1,25.3,22.8,83.5,4.54,Middle_Division,136.36,18.78
REC-04283,9/24/2020,Quality_Season,9,426.33,76.3,17.28,3.29,94.5,23.6,22.7,81.1,4.93,West_Block,82.76,19.41
REC-04284,9/24/2020,Quality_Season,9,531.1,73.6,18.26,3.37,91.3,24.8,17.3,81.9,3.74,West_Block,102.44,19.29
REC-04285,9/24/2020,Quality_Season,9,533.64,72.3,16.47,2.94,97,23.5,19.7,81.4,5.67,Upper_Division,108.05,20.25
REC-04286,9/23/2020,Quality_Season,9,505.44,75.8,14.79,3.18,94.5,21.6,17.9,75.7,2.94,Lower_Division,100.79,19.94
REC-04287,9/23/2020,Quality_Season,9,534.34,75.5,16.89,2.63,97.5,26.4,17.6,82.1,5.02,Upper_Division,107.92,20.2
REC-04288,9/23/2020,Quality_Season,9,598.76,76,18.7,3.15,108,23.1,18.8,72.2,5.63,East_Block,118.35,19.77
REC-04289,9/22/2020,Quality_Season,9,371.12,79.9,15.03,4.13,104.8,27.2,20.9,72.1,2.67,Upper_Division,72.81,19.62
REC-04290,9/21/2020,Quality_Season,9,421.57,76.7,19.59,2.65,99.9,29.9,22.5,83.4,5.55,Middle_Division,81.08,19.23
REC-04291,9/21/2020,Quality_Season,9,635.54,77.3,16.51,3.62,96.7,27.8,17.6,72.5,5.2,West_Block,124.62,19.61
REC-04292,9/21/2020,Quality_Season,9,588.26,73.5,16.51,3.46,95.6,28.6,17.3,75.4,4.16,Lower_Division,116.3,19.77
REC-04293,9/20/2020,Quality_Season,9,780.96,76.8,12,2.83,96.3,22.1,22.4,74.6,2.89,East_Block,146.65,18.78
REC-04294,9/20/2020,Quality_Season,9,470.05,73.8,16.13,2.72,97.8,21.1,21.8,81.6,5.66,Middle_Division,91.99,19.57
REC-04295,9/20/2020,Quality_Season,9,476.28,79,15.71,2.4,93.1,23.6,19.9,82.3,5.13,West_Block,93.06,19.54
REC-04296,9/19/2020,Quality_Season,9,617.6,79.5,17.42,2,101.6,24.1,18.3,84.4,2.88,West_Block,122.78,19.88
REC-04297,9/18/2020,Quality_Season,9,545.48,78.9,15.84,2.51,98.1,19,17.9,80,5.3,Lower_Division,109.1,20
REC-04298,9/17/2020,Quality_Season,9,447.68,78.5,16.52,3.18,99.7,21,19.5,73.4,5.21,Lower_Division,88.54,19.78
REC-04299,9/17/2020,Quality_Season,9,536.79,76.9,16.94,3.29,104,22.7,21.6,81.9,3.23,Lower_Division,112.63,20.98
REC-04300,9/17/2020,Quality_Season,9,617.84,81.7,16.38,2.59,98,23.4,22.4,72.7,5.11,East_Block,119.01,19.26
REC-04301,9/16/2020,Quality_Season,9,280.12,78.7,20,3.65,91.4,23.2,20.2,81.2,2.92,Lower_Division,54.16,19.34
REC-04302,9/16/2020,Quality_Season,9,554.12,78.9,15.88,2.78,104.4,19.9,18.2,78.5,3.17,Middle_Division,106.22,19.17
REC-04303,9/16/2020,Quality_Season,9,538.16,80.4,13.59,2.76,101.2,21.3,17,84.3,4.78,Lower_Division,103.88,19.3
REC-04304,9/16/2020,Quality_Season,9,513.57,78.4,16.7,2.73,100.8,27.5,18.1,73.1,4.51,Lower_Division,107.19,20.87
REC-04305,9/15/2020,Quality_Season,9,340.3,79.9,17.55,2.5,101.9,24.3,21.3,75.4,5.05,Middle_Division,64.88,19.06
REC-04306,9/15/2020,Quality_Season,9,291.34,76.1,13.57,3.38,94.7,19.1,17.4,80.2,3.78,East_Block,55.45,19.03
REC-04307,9/15/2020,Quality_Season,9,508.27,70.5,13.07,2.27,93.2,26.8,21.2,83.5,4.21,West_Block,96.58,19
REC-04308,9/15/2020,Quality_Season,9,377.26,75.1,15.9,3.15,100,23.9,19.8,77.9,3.99,Lower_Division,77.88,20.64
REC-04309,9/15/2020,Quality_Season,9,345.58,75.8,15.69,2.96,93.8,23.4,19.5,84.7,4.95,Upper_Division,64.58,18.69
REC-04310,9/14/2020,Quality_Season,9,520.58,83.1,15.62,3.04,92.1,27.7,22.8,73.6,5.95,Middle_Division,96.15,18.47
REC-04311,9/13/2020,Quality_Season,9,466.48,76.5,14.71,2.67,95.2,20.6,20.9,75.1,5.45,Upper_Division,90.98,19.5
REC-04312,9/13/2020,Quality_Season,9,582.37,80.9,17.61,2.55,87.9,22.9,18.3,74.1,4,West_Block,107.28,18.42
REC-04313,9/12/2020,Quality_Season,9,497.1,75.8,15.59,3.56,98.3,21.5,18,83.2,4.43,East_Block,96.03,19.32
REC-04314,9/12/2020,Quality_Season,9,465.03,83.4,15.22,2.82,110.3,25.3,18.9,78.8,4.11,Upper_Division,85.63,18.41
REC-04315,9/11/2020,Quality_Season,9,539.84,70,16.75,2.72,97.5,25.1,21.8,81.8,5.32,Upper_Division,104.37,19.33
REC-04316,9/11/2020,Quality_Season,9,493.98,74.1,15.92,3.03,93.8,21.5,19.2,73.6,3.27,Middle_Division,95.23,19.28
REC-04317,9/11/2020,Quality_Season,9,661.26,76.4,15.24,3.79,101.8,24,23,77.6,3.86,East_Block,125.81,19.03
REC-04318,9/11/2020,Quality_Season,9,407.27,82.7,15.22,2.96,95.5,20.8,21.4,78.6,3.89,West_Block,81.29,19.96
REC-04319,9/10/2020,Quality_Season,9,615.79,83,16,2.82,104.6,24,16.6,78.7,5.55,East_Block,123.45,20.05
REC-04320,9/9/2020,Quality_Season,9,663.38,84.7,17.48,3.31,104.8,21.4,19.1,83.3,3.98,East_Block,127.27,19.18
REC-04321,9/9/2020,Quality_Season,9,653.46,77.9,15.31,3.44,95.8,27.2,19,76.2,3.87,West_Block,132.65,20.3
REC-04322,9/8/2020,Quality_Season,9,506.53,82.4,19.05,2.49,97,19.5,16.4,83,3.92,Upper_Division,86.06,16.99
REC-04323,9/7/2020,Quality_Season,9,506.47,78.4,15.99,2.73,103.1,24.2,19.7,83.8,3.99,Upper_Division,99.63,19.67
REC-04324,9/7/2020,Quality_Season,9,250,80.5,14.09,3.03,94.4,28.5,19.7,82.6,5.17,West_Block,48.46,19.38
REC-04325,9/7/2020,Quality_Season,9,731.56,78.7,16.99,2.66,90.2,22.5,21.8,76.5,4.86,Upper_Division,138.98,19
REC-04326,9/7/2020,Quality_Season,9,458,73.1,17.49,3.27,93.8,27.6,18.9,76.3,4.3,East_Block,86.22,18.82
REC-04327,9/6/2020,Quality_Season,9,457.1,75,17.93,2.61,91.4,22.9,20,83.2,3.9,Upper_Division,91.49,20.01
REC-04328,9/6/2020,Quality_Season,9,522.58,80.5,14.24,3.22,112,30.5,18.7,72.8,2.85,Lower_Division,101.7,19.46
REC-04329,9/6/2020,Quality_Season,9,559.95,78.7,16.21,3.53,104.5,20.5,17.5,82.6,3.5,East_Block,107.16,19.14
REC-04330,9/5/2020,Quality_Season,9,509.53,81.2,17.88,3.25,100.3,25.8,20.9,75.4,3,West_Block,101.31,19.88
REC-04331,9/5/2020,Quality_Season,9,590.96,75.8,17.35,2.44,106.6,20,19,79.6,3.29,Lower_Division,115.52,19.55
REC-04332,9/5/2020,Quality_Season,9,487.81,79.7,17.52,3.21,97.8,23.5,18,73.1,4.93,East_Block,99.5,20.4
REC-04333,9/4/2020,Quality_Season,9,491.66,76.7,17.4,3.29,95.8,28.5,17,83.9,4.28,Middle_Division,97.71,19.87
REC-04334,9/4/2020,Quality_Season,9,409.28,77.6,15.4,3.6,99.4,24.9,20.9,81.2,4.79,Upper_Division,80.43,19.65
REC-04335,9/3/2020,Quality_Season,9,679.31,79.2,16.34,2.33,97.5,22,22.7,81.1,5.19,Upper_Division,126.71,18.65
REC-04336,9/2/2020,Quality_Season,9,802.93,80.4,15.28,3.36,92.5,23.3,17.4,83.5,2.68,East_Block,161.58,20.12
REC-04337,9/2/2020,Quality_Season,9,532.48,77.7,16.74,2.56,100.5,28.2,18.2,73.4,4.41,Lower_Division,104.8,19.68
REC-04338,9/2/2020,Quality_Season,9,574.67,77.9,17.23,2.63,94.1,31.4,20.8,72.3,3.62,Middle_Division,108.41,18.87
REC-04339,9/1/2020,Quality_Season,9,814.6,76.9,16.17,3.07,92.5,18.8,20.4,80.3,5.9,East_Block,153.51,18.85
REC-04340,9/1/2020,Quality_Season,9,487.07,83.9,16.08,2.86,96.5,28,21.6,78,4.25,Upper_Division,94.77,19.46
REC-04341,9/1/2020,Quality_Season,9,618.84,75.3,15.01,3.6,103,26.3,20.8,72,3.73,Middle_Division,122.38,19.78
REC-04342,8/31/2020,Quality_Season,8,467.34,78.7,14.74,2.98,93.9,27,22.2,73.1,3.63,Lower_Division,88.7,18.98
REC-04343,8/31/2020,Quality_Season,8,641.55,72.3,16.24,3.42,91.2,19.8,20.5,84.4,5.54,Lower_Division,120.52,18.79
REC-04344,8/30/2020,SW_Monsoon,8,471.62,79.6,17,3.07,111.2,21.7,21.9,85.5,7.57,West_Block,102.96,21.83
REC-04345,8/30/2020,Quality_Season,8,432.51,80.5,16.46,3.82,94.8,24.3,23,73.8,3.96,Middle_Division,85.37,19.74
REC-04346,8/30/2020,SW_Monsoon,8,551.94,79,17.35,3.38,92.8,29.5,20.6,87.7,11.18,East_Block,117.48,21.29
REC-04347,8/29/2020,Quality_Season,8,557.5,80,16.31,3.01,104.2,30.9,21.1,77.8,3.85,Upper_Division,106.73,19.14
REC-04348,8/29/2020,SW_Monsoon,8,502.57,73.9,13.94,2.45,99.2,30.8,19.6,80.5,7.8,West_Block,103.87,20.67
REC-04349,8/29/2020,SW_Monsoon,8,588.2,78.2,16.64,2.92,96.1,22.9,21.8,82.6,8.65,Middle_Division,128.19,21.79
REC-04350,8/28/2020,Quality_Season,8,591.67,79.5,16.65,3.09,99.9,20.3,20.7,83.8,2.9,East_Block,113.77,19.23
REC-04351,8/28/2020,SW_Monsoon,8,603.17,77.2,17.81,2.61,95.6,24.2,20.4,87.4,11.16,Lower_Division,138.72,23
REC-04352,8/28/2020,Quality_Season,8,701.1,81.4,18.74,2.94,95.2,31.6,16,74.6,5.83,East_Block,132.03,18.83
REC-04353,8/28/2020,SW_Monsoon,8,334,76.6,17.61,2.64,89.7,19,18.8,85.5,8.57,Middle_Division,69.96,20.95
REC-04354,8/28/2020,Quality_Season,8,566.78,74.1,17.48,3.34,95.9,27.7,17.3,80.2,5.47,West_Block,113.31,19.99
REC-04355,8/27/2020,Quality_Season,8,577.12,77.4,16.99,4.07,101.3,23.5,17.9,76.4,4.27,West_Block,115.23,19.97
REC-04356,8/26/2020,Quality_Season,8,487.28,72.5,15.25,2.81,87.2,27.7,18.2,74.3,5.54,Upper_Division,93.95,19.28
REC-04357,8/26/2020,Quality_Season,8,596.33,74,17.03,2.74,95.4,25.1,19.6,81.4,3.34,Upper_Division,114.75,19.24
REC-04358,8/25/2020,SW_Monsoon,8,417.82,78.2,18.3,3.41,103.6,24.5,23,82.5,7.34,West_Block,91.69,21.95
REC-04359,8/25/2020,Quality_Season,8,510.13,75.5,18.16,3.4,102,25.7,18.5,79.1,2.96,West_Block,100.67,19.73
REC-04360,8/25/2020,Quality_Season,8,539.93,73.8,15.96,3.4,97.1,24.7,20,74.3,3.77,Lower_Division,110.28,20.43
REC-04361,8/25/2020,SW_Monsoon,8,436.44,77,16.53,2.39,102.7,23.6,17.3,89.6,8.74,Upper_Division,93.51,21.43
REC-04362,8/24/2020,Quality_Season,8,625.87,76.8,18.53,2.94,98.5,23.2,22.3,73.3,5.93,West_Block,128.81,20.58
REC-04363,8/24/2020,Quality_Season,8,525.87,80.1,16.74,3.46,95.8,21.1,21.1,82,5.21,West_Block,101.57,19.31
REC-04364,8/24/2020,Quality_Season,8,713.95,77,16.6,2.95,102.3,23.5,21.6,79,4.91,Upper_Division,137.9,19.32
REC-04365,8/23/2020,Quality_Season,8,578.2,73.9,17.48,3.93,97,30.2,17,76.9,3.54,Upper_Division,107.11,18.53
REC-04366,8/23/2020,Quality_Season,8,760.93,75.7,15.44,3.19,89.1,20.5,21.1,82.3,3.76,Lower_Division,144.28,18.96
REC-04367,8/23/2020,SW_Monsoon,8,468.75,80.9,17.35,3.93,93,26.8,21,82.5,11.26,East_Block,100.47,21.43
REC-04368,8/23/2020,SW_Monsoon,8,445.56,81.9,15.35,3.73,96.5,27.3,23.9,89.7,8.67,West_Block,95.98,21.54
REC-04369,8/23/2020,SW_Monsoon,8,532.69,78.2,17.8,3.61,93.9,25.7,20.8,89.6,8.12,Lower_Division,118.21,22.19
REC-04370,8/22/2020,Quality_Season,8,535.82,79.1,16.65,3.48,98.1,27.4,20.3,81.6,2.71,Upper_Division,108.4,20.23
REC-04371,8/21/2020,Quality_Season,8,344.32,73.9,14.2,3.04,101.1,24.6,19.6,84.9,5.06,Middle_Division,68.93,20.02
REC-04372,8/21/2020,SW_Monsoon,8,390.87,76.8,18.02,2.12,96.6,21.4,18.2,83.7,9,East_Block,79.22,20.27
REC-04373,8/21/2020,Quality_Season,8,516.06,80,18.28,2.7,95.3,24.7,16.6,74.1,3.74,Lower_Division,103.51,20.06
REC-04374,8/21/2020,SW_Monsoon,8,487.44,77,17.44,3.36,86.8,20,24,88.2,7.86,Middle_Division,100.43,20.6
REC-04375,8/21/2020,SW_Monsoon,8,537.9,74.8,15.95,2,96.4,24,19.1,82.9,7.53,West_Block,115.69,21.51
REC-04376,8/21/2020,Quality_Season,8,652.54,76,15.64,2.25,87.8,25.5,22.6,75.8,3.98,Middle_Division,120.55,18.47
REC-04377,8/21/2020,Quality_Season,8,544.49,74.4,16.96,2.83,94.1,20.5,20.9,76.5,3.75,East_Block,102.74,18.87
REC-04378,8/21/2020,Quality_Season,8,606.61,81.7,15.62,2.21,97.3,27.1,19.2,77.3,5.57,Middle_Division,112.58,18.56
REC-04379,8/20/2020,SW_Monsoon,8,390.81,75.8,14.71,2.52,96.8,25.2,20.2,80.1,7.2,Lower_Division,85.91,21.98
REC-04380,8/20/2020,SW_Monsoon,8,622.91,78.4,14.91,2.87,96.9,25,18.2,88.7,7.82,Upper_Division,131.3,21.08
REC-04381,8/20/2020,SW_Monsoon,8,508.7,81.9,17.63,3.41,104.6,22.2,23.6,84.7,7.05,East_Block,110.95,21.81
REC-04382,8/19/2020,Quality_Season,8,419.41,74.4,17.43,3.18,90.6,23.5,20.4,75.7,3.92,West_Block,83.86,19.99
REC-04383,8/19/2020,Quality_Season,8,572.07,75.7,17.35,3.42,97.7,21,16.5,77.9,4.96,Lower_Division,118.96,20.8
REC-04384,8/18/2020,Quality_Season,8,562.39,79.3,17.42,3.14,96.7,29.5,20.6,72.8,3.23,Middle_Division,111.05,19.75
REC-04385,8/18/2020,SW_Monsoon,8,457.93,71.3,16.27,3.52,87.5,22.8,23.3,88.9,9.17,Middle_Division,96.84,21.15
REC-04386,8/18/2020,Quality_Season,8,444.85,77.1,14.52,3.24,92.5,23.9,20.3,80.5,2.87,Upper_Division,85.94,19.32
REC-04387,8/17/2020,Quality_Season,8,552.81,75.5,15.62,2.77,93.3,26.2,18.8,84.8,4.85,West_Block,109.48,19.8
REC-04388,8/15/2020,Quality_Season,8,674.6,80.6,15.37,3.7,85,25.5,22.7,80.9,5.4,Upper_Division,125.45,18.6
REC-04389,8/15/2020,Quality_Season,8,713.23,73.9,17.24,3.87,95.3,27.5,19.7,83.7,4.91,West_Block,140.67,19.72
REC-04390,8/15/2020,SW_Monsoon,8,419.44,75.2,16.8,2.86,101.3,23.5,23.7,87,11.25,Upper_Division,91.79,21.88
REC-04391,8/15/2020,Quality_Season,8,460.38,77.7,20,3.17,106.8,21.9,22.5,84,5.35,West_Block,86.34,18.75
REC-04392,8/15/2020,SW_Monsoon,8,607.1,82.9,16.4,3.15,103.8,27.8,23.1,85.6,10.91,Upper_Division,132.16,21.77
REC-04393,8/13/2020,Quality_Season,8,801.65,83,16.31,3.64,104,26.7,19.2,77.8,4.08,East_Block,159.2,19.86
REC-04394,8/13/2020,SW_Monsoon,8,754.49,75.9,16.16,2.54,98.3,27.6,20.6,79.5,8.66,Upper_Division,162.94,21.6
REC-04395,8/13/2020,Quality_Season,8,472.34,76.1,14.97,3.56,105,26.2,18.4,77.9,3.08,Upper_Division,86.69,18.35
REC-04396,8/12/2020,Quality_Season,8,559.99,74.3,15.72,2,106.3,26.5,17.9,77.6,2.85,East_Block,105.37,18.82
REC-04397,8/11/2020,SW_Monsoon,8,746.42,72.7,19.74,3.27,90.2,32,20.7,89,11.15,West_Block,158.98,21.3
REC-04398,8/11/2020,Quality_Season,8,674.17,82,18.18,3.21,98.1,28.1,17.1,75.2,3.92,Upper_Division,129.89,19.27
REC-04399,8/11/2020,SW_Monsoon,8,515.9,76.9,15.33,3.22,94.7,27.7,21.6,80.5,9,Upper_Division,111.97,21.7
REC-04400,8/11/2020,Quality_Season,8,562.99,77,15.34,3.08,94.9,26.6,16.9,77.6,3.28,Lower_Division,112.46,19.97
REC-04401,8/11/2020,Quality_Season,8,647.73,81.8,16.87,2,94.5,29.3,20.6,75.6,5.8,East_Block,116.27,17.95
REC-04402,8/10/2020,SW_Monsoon,8,421.5,80.7,17.11,3.02,100.5,19.1,20.8,87,9.48,East_Block,92.45,21.93
REC-04403,8/9/2020,SW_Monsoon,8,588.47,74.2,14.98,2.27,93.9,25.9,19.4,84.1,11.46,West_Block,125.37,21.3
REC-04404,8/9/2020,Quality_Season,8,344.17,76.8,15.73,2.35,98.8,24.5,18.1,81.3,4.25,West_Block,68.77,19.98
REC-04405,8/9/2020,SW_Monsoon,8,575.05,72.6,15.17,2.77,94.4,24.2,23.7,81.9,8.07,East_Block,120.48,20.95
REC-04406,8/9/2020,SW_Monsoon,8,560.71,77.3,15.72,3.33,102.8,23.2,19.5,80.2,11.33,East_Block,126.82,22.62
REC-04407,8/8/2020,Quality_Season,8,641.19,77.7,13,3.26,95.4,25.1,18.7,79.5,4.64,West_Block,123.51,19.26
REC-04408,8/7/2020,SW_Monsoon,8,251,77,17.61,2.98,88.9,26.8,23.1,81,9.66,Upper_Division,49.66,19.79
REC-04409,8/7/2020,SW_Monsoon,8,425.37,72.4,16.72,3.16,96.4,24.6,20.8,87.2,11.09,Lower_Division,97.92,23.02
REC-04410,8/7/2020,Quality_Season,8,594.8,77.6,12.8,2.28,92.7,22.8,18,78.2,3.37,Upper_Division,102.74,17.27
REC-04411,8/7/2020,SW_Monsoon,8,363.52,75,17.49,2.86,93.2,19.2,22.4,88.1,7.41,West_Block,77.8,21.4
REC-04412,8/6/2020,Quality_Season,8,618.34,75.3,18.09,2.34,102,25.3,20.3,84.5,4.92,West_Block,121.74,19.69
REC-04413,8/6/2020,Quality_Season,8,589.52,75.2,15.73,2.43,96.8,26.2,18.6,76.7,4.71,Middle_Division,114.82,19.48
REC-04414,8/5/2020,Quality_Season,8,377.45,80.3,15.61,3.28,95.7,19.9,17.8,74.8,4.51,Middle_Division,72.86,19.3
REC-04415,8/5/2020,Quality_Season,8,696.81,77.1,14.6,2.59,101.3,27.9,21.2,74.1,3.95,Lower_Division,147.88,21.22
REC-04416,8/4/2020,SW_Monsoon,8,408.66,80.5,16.57,2.64,97,27.2,20.4,83.4,8.98,East_Block,89.21,21.83
REC-04417,8/4/2020,Quality_Season,8,525,70.6,15.63,3.5,97.8,27.5,17.2,75.7,4.35,East_Block,99.45,18.94
REC-04418,8/4/2020,SW_Monsoon,8,697.38,80.6,15.42,3.18,94.4,25.8,20.6,81,8.53,Middle_Division,152.77,21.91
REC-04419,8/3/2020,Quality_Season,8,384.52,76.1,16.56,3.59,95.8,23.1,21.5,79.3,4.52,Upper_Division,72.7,18.91
REC-04420,8/2/2020,SW_Monsoon,8,659.74,78.3,13.18,3.01,89.7,27,18.7,83.3,11.57,West_Block,140.01,21.22
REC-04421,8/2/2020,SW_Monsoon,8,545.08,78.9,17.79,3.56,103.4,23.4,19,82.1,8.29,Lower_Division,116.77,21.42
REC-04422,8/2/2020,SW_Monsoon,8,517.52,78.3,15.72,4.15,93,26.5,19.1,87.1,10.28,West_Block,108.89,21.04
REC-04423,8/1/2020,Quality_Season,8,547.5,77.6,18.01,2.82,96.9,28.5,20,78.8,3.89,Middle_Division,107.6,19.65
REC-04424,7/31/2020,SW_Monsoon,7,536.18,76.2,17.09,3.17,97.6,23.7,20.4,84.3,9.41,West_Block,118.75,22.15
REC-04425,7/31/2020,SW_Monsoon,7,445.05,78.5,14.46,2.86,102.5,21.9,18.8,83,9.95,Lower_Division,97.01,21.8
REC-04426,7/31/2020,Quality_Season,7,545.53,81.4,13.95,3.24,94,23.9,18.8,74.6,3.69,West_Block,107.1,19.63
REC-04427,7/31/2020,Quality_Season,7,407.83,79.9,14.62,3.22,97.4,22.9,21.3,82,5.83,Middle_Division,81.04,19.87
REC-04428,7/30/2020,SW_Monsoon,7,522.95,75.8,14.94,2,96.8,18.6,23.8,87.6,10.35,West_Block,109.93,21.02
REC-04429,7/30/2020,Quality_Season,7,512.11,78.1,16.69,2.67,90.1,25.3,22.7,84,2.96,West_Block,102.59,20.03
REC-04430,7/30/2020,Quality_Season,7,635.5,79.4,14.79,2.93,92,26.7,22.8,84.1,4.74,East_Block,126.74,19.94
REC-04431,7/29/2020,SW_Monsoon,7,626.88,71.8,16.64,3.08,93.7,25.5,21.3,88.1,6.83,Middle_Division,132.68,21.17
REC-04432,7/29/2020,Quality_Season,7,628.54,75.6,18.76,3.19,107.5,27.4,21.5,83.1,5.85,Middle_Division,121.86,19.39
REC-04433,7/29/2020,Quality_Season,7,506.63,76.7,15.78,3.07,100.7,26.1,20.2,74.3,5.18,Lower_Division,108.94,21.5
REC-04434,7/29/2020,SW_Monsoon,7,503.49,73.1,16.9,4.45,100,23.1,20.5,81.1,7.86,East_Block,105.41,20.94
REC-04435,7/29/2020,Quality_Season,7,764.59,77.4,16.7,3.32,94.1,26.5,23,78,4.72,East_Block,149.69,19.58
REC-04436,7/28/2020,Quality_Season,7,360.61,75,17.38,3.08,96.9,30.5,20.6,79.1,3.26,Lower_Division,73.45,20.37
REC-04437,7/28/2020,Quality_Season,7,476.27,81.7,14.65,3.81,96,22.2,19.6,75,5.23,West_Block,90.88,19.08
REC-04438,7/28/2020,Quality_Season,7,567.26,76.3,15.31,3.42,98.3,31.4,18.8,82.8,5.75,West_Block,111.58,19.67
REC-04439,7/27/2020,SW_Monsoon,7,611.35,81.2,14.83,3.54,94.7,27.5,22.7,87.1,9.83,Lower_Division,131.16,21.45
REC-04440,7/27/2020,SW_Monsoon,7,662.26,77.4,18.8,2.53,98.5,21.8,17.4,82,9.89,East_Block,140.89,21.27
REC-04441,7/27/2020,Quality_Season,7,536.31,78.2,15.2,2.49,90.7,23.6,18.6,79.3,4.1,Upper_Division,100.97,18.83
REC-04442,7/26/2020,SW_Monsoon,7,474.23,75.8,15.54,2.88,97.2,29.8,19,78,9.45,Upper_Division,100.27,21.14
REC-04443,7/26/2020,Quality_Season,7,539.51,81.1,13.16,3.14,94.2,27.7,18.3,83,5.82,Middle_Division,106.36,19.71
REC-04444,7/26/2020,SW_Monsoon,7,647.81,76,16.03,2.96,92.1,25,21.1,78,9.83,Middle_Division,142.03,21.92
REC-04445,7/25/2020,SW_Monsoon,7,699.19,74.2,18.01,3.72,95.6,24.7,20.7,87.2,9.77,Lower_Division,149.57,21.39
REC-04446,7/25/2020,Quality_Season,7,424.41,81,14.19,3.19,94.5,20.4,23,80.5,5.01,East_Block,80.83,19.04
REC-04447,7/24/2020,SW_Monsoon,7,600.87,79.7,15.68,2.98,103.1,29.4,18,80.6,11.66,Middle_Division,132.89,22.12
REC-04448,7/24/2020,Quality_Season,7,645.61,81.8,15.32,3.62,100,24.3,17.6,77,5.17,Upper_Division,123.4,19.11
REC-04449,7/24/2020,SW_Monsoon,7,546.84,79.6,17.03,3.47,104.3,24.1,20.1,89,9.59,Upper_Division,115.57,21.13
REC-04450,7/24/2020,SW_Monsoon,7,576.42,71.2,15.72,3.09,90.2,24.5,17.7,78.4,9.01,West_Block,126.52,21.95
REC-04451,7/24/2020,SW_Monsoon,7,560.83,75.8,15.43,2.87,104.5,21.7,24,81.5,8.61,Lower_Division,125.48,22.37
REC-04452,7/24/2020,SW_Monsoon,7,403.39,81.2,17.98,2.21,102.3,22.5,23.2,79.7,9.53,West_Block,84.67,20.99
REC-04453,7/24/2020,Quality_Season,7,323.09,80.7,15.69,3.08,94.4,26.1,19.3,84.5,5.16,Lower_Division,66.47,20.57
REC-04454,7/23/2020,SW_Monsoon,7,409.46,72.6,17.73,3.16,99.5,30.2,23.4,81.2,7.02,Upper_Division,88.62,21.64
REC-04455,7/23/2020,SW_Monsoon,7,491.99,72.3,16.33,3.37,104,29.4,22.4,81.1,11.37,Lower_Division,112.19,22.8
REC-04456,7/22/2020,SW_Monsoon,7,673.3,80.3,14.72,2.84,100.3,25.6,21.6,89,9.3,Lower_Division,152.27,22.62
REC-04457,7/22/2020,Quality_Season,7,492.7,82.1,13.24,2.91,100.3,23.7,16.7,73.3,4.11,Lower_Division,99.44,20.18
REC-04458,7/22/2020,Quality_Season,7,441.27,81.3,16.88,2.4,99.7,22.1,20.3,83.5,4.29,Middle_Division,86.32,19.56
REC-04459,7/22/2020,SW_Monsoon,7,710.43,79.2,14.77,2.41,92.8,22,23.1,82.7,6.76,Upper_Division,145.11,20.43
REC-04460,7/21/2020,SW_Monsoon,7,580.15,71.3,13.21,2.75,102.5,27.3,23.2,85,7.7,Lower_Division,128.02,22.07
REC-04461,7/21/2020,Quality_Season,7,797.48,77,15.93,3.15,93.3,23.1,17.8,82,3.77,Upper_Division,157.77,19.78
REC-04462,7/20/2020,Quality_Season,7,580.9,78,17.48,2.63,95.7,22.1,22.4,77.8,5.58,Middle_Division,115.51,19.88
REC-04463,7/20/2020,SW_Monsoon,7,767.53,73.9,13.98,2.08,101.2,22.5,18.3,86,9.31,Upper_Division,159.2,20.74
REC-04464,7/20/2020,SW_Monsoon,7,575.82,75.2,13.61,2,90.2,28.4,20.4,80.4,9.4,Middle_Division,116.48,20.23
REC-04465,7/20/2020,SW_Monsoon,7,452.2,80.2,14.82,2.53,93.5,24,19.4,81.2,11.5,Middle_Division,96.9,21.43
REC-04466,7/19/2020,SW_Monsoon,7,411.71,78.4,15.79,2.88,98.9,22.2,20.2,81.4,11.18,Lower_Division,94.56,22.97
REC-04467,7/18/2020,Quality_Season,7,629.89,71.1,16.5,2.57,93.3,27.5,18.6,81.6,2.7,West_Block,123.91,19.67
REC-04468,7/18/2020,Quality_Season,7,503.58,79.9,16.42,3.02,101.7,22.6,19.8,76.3,5.92,West_Block,105.95,21.04
REC-04469,7/18/2020,Quality_Season,7,451.97,81.5,16.31,4,108.7,22.1,22,80.1,2.8,Upper_Division,85.71,18.96
REC-04470,7/17/2020,SW_Monsoon,7,708.56,78,13.38,3.18,92.2,23.6,19.3,80.3,8.62,Middle_Division,156.32,22.06
REC-04471,7/17/2020,Quality_Season,7,634.76,77.4,14.83,3.43,109.5,23.9,21.5,72.5,2.86,Middle_Division,129.91,20.47
REC-04472,7/17/2020,Quality_Season,7,615.26,74.7,17.39,3.05,104.9,31,22.3,79.2,4.69,Lower_Division,126.21,20.51
REC-04473,7/17/2020,SW_Monsoon,7,602.61,77.2,18.31,3.18,91.4,23.4,22.8,78.8,9.83,East_Block,130.58,21.67
REC-04474,7/17/2020,Quality_Season,7,564.42,78.3,17.66,2.83,93.2,28.3,19.8,80.6,4.93,Middle_Division,107.72,19.08
REC-04475,7/16/2020,Quality_Season,7,469.91,79.7,17.02,3.02,98.1,28,16.7,81.5,3.35,West_Block,95.28,20.28
REC-04476,7/16/2020,Quality_Season,7,639.69,79.3,16.12,2.65,99.8,23.2,23,76.3,4.32,West_Block,128.06,20.02
REC-04477,7/15/2020,SW_Monsoon,7,407,77.8,15.97,2.85,104.6,31.1,22.7,85.2,11.56,Middle_Division,93.56,22.99
REC-04478,7/15/2020,SW_Monsoon,7,466.37,77.1,14.24,3.45,106.2,22.5,19.4,78.5,9.57,Upper_Division,102.17,21.91
REC-04479,7/14/2020,Quality_Season,7,520.1,71.9,19.93,3.66,97.8,31.8,22.9,74.4,5.09,Lower_Division,98.84,19
REC-04480,7/14/2020,Quality_Season,7,354.04,78.6,14.81,3.18,96.6,23.8,21,72.5,3.27,West_Block,72.92,20.6
REC-04481,7/14/2020,Quality_Season,7,600.36,78.2,16.15,2.79,102.6,25.2,22.8,72.2,5.58,East_Block,120.56,20.08
REC-04482,7/14/2020,SW_Monsoon,7,642.41,85,15.77,3.81,90,26.5,21.2,78.9,6.94,Upper_Division,128.32,19.98
REC-04483,7/13/2020,Quality_Season,7,442.41,77.7,13.07,3.76,94.1,24.4,18.6,81.5,5.72,West_Block,84.69,19.14
REC-04484,7/13/2020,SW_Monsoon,7,441.52,79.4,18.14,3.75,91.4,23.8,22.1,80.7,7.11,West_Block,93.93,21.27
REC-04485,7/13/2020,SW_Monsoon,7,290.75,82,17.86,3.4,102,25.3,22.6,79.9,6.82,West_Block,63.62,21.88
REC-04486,7/12/2020,SW_Monsoon,7,470.32,78.8,18.37,4.44,100.6,27.5,22.9,87.4,10.05,West_Block,102.3,21.75
REC-04487,7/12/2020,SW_Monsoon,7,566.59,79.9,16.21,2.79,96,26.8,18.6,88.1,9.07,Lower_Division,129.36,22.83
REC-04488,7/10/2020,Quality_Season,7,414.65,76.7,16.09,2.53,91.8,29.7,17.9,81.1,3.36,West_Block,82.53,19.9
REC-04489,7/10/2020,Quality_Season,7,397.29,75.8,13.95,3.27,104.8,28.9,22,75.1,2.75,East_Block,77.92,19.61
REC-04490,7/10/2020,SW_Monsoon,7,506.35,81.3,16.71,3.08,99,27.7,22.6,88.3,10.76,West_Block,114.49,22.61
REC-04491,7/10/2020,SW_Monsoon,7,505.54,73,16.6,3.33,94.7,21.8,19.6,80.6,11.36,West_Block,109.43,21.65
REC-04492,7/10/2020,Quality_Season,7,405.4,80.4,13.28,3.06,98.6,26.9,20.4,84.5,5.04,Middle_Division,79.1,19.51
REC-04493,7/9/2020,SW_Monsoon,7,475.1,76.6,16.33,3.53,96.6,22.1,18.9,81.6,9.82,Middle_Division,102.14,21.5
REC-04494,7/9/2020,SW_Monsoon,7,539.65,73.5,15.81,2.47,93.1,24.5,23,79.2,10.98,Middle_Division,118.17,21.9
REC-04495,7/9/2020,SW_Monsoon,7,572.99,73.5,15.88,3.03,93.8,23.3,20.1,89,8.87,Lower_Division,127.43,22.24
REC-04496,7/9/2020,SW_Monsoon,7,595.4,76.8,15.89,3.8,93.8,26.7,23.5,81.2,7.19,East_Block,122.94,20.65
REC-04497,7/9/2020,Quality_Season,7,383.25,77.9,17.93,2.95,102.2,18.5,16.5,78.4,5.25,Lower_Division,78.02,20.36
REC-04498,7/9/2020,SW_Monsoon,7,455.18,80,15.51,3.43,99.2,26.1,22.7,78.7,11.12,Upper_Division,101.26,22.25
REC-04499,7/9/2020,SW_Monsoon,7,622.14,80,18.88,3.09,96,29.6,22,83.3,7.69,Upper_Division,127.71,20.53
REC-04500,7/8/2020,SW_Monsoon,7,687.58,80.1,17.61,2.55,91.8,25.7,17.1,81.9,9.66,West_Block,147.15,21.4
REC-04501,7/8/2020,SW_Monsoon,7,424.6,80,13.77,3.32,100.6,28.6,21,83.9,7.97,West_Block,93.14,21.94
REC-04502,7/7/2020,SW_Monsoon,7,534.46,76.8,16.34,2.87,108.3,24.1,23.3,78.5,9.51,West_Block,118.71,22.21
REC-04503,7/6/2020,Quality_Season,7,734.34,83.9,13.88,3.94,97.1,28.4,22.7,82.9,4.7,East_Block,137.87,18.77
REC-04504,7/6/2020,SW_Monsoon,7,671.13,79.3,14.14,2.9,92.6,24.5,18.1,79.8,8.64,East_Block,145.13,21.62
REC-04505,7/6/2020,SW_Monsoon,7,581.88,73.9,15.42,2.87,93.9,26.5,18.6,78.6,6.93,East_Block,129.75,22.3
REC-04506,7/6/2020,SW_Monsoon,7,549.95,79.2,14.34,2.32,100.5,30.4,23.9,85.2,10.97,East_Block,117.24,21.32
REC-04507,7/6/2020,SW_Monsoon,7,467.78,74.3,14.54,3.05,105.5,27.3,23.3,82.3,9.65,East_Block,95.81,20.48
REC-04508,7/6/2020,SW_Monsoon,7,486.75,82.2,17.52,3.65,101.6,30.6,22.3,87.2,7.87,Upper_Division,98.05,20.14
REC-04509,7/5/2020,SW_Monsoon,7,512.41,75.8,16.92,2.09,100.6,22.4,20.9,84.6,8.78,Upper_Division,107.01,20.88
REC-04510,7/5/2020,SW_Monsoon,7,660.67,77.9,13.84,2.28,94.8,27.9,17.1,83.8,10.45,West_Block,148.37,22.46
REC-04511,7/5/2020,Quality_Season,7,419.65,75.9,18.06,2.11,98.7,23.6,22.4,80.6,4.19,Upper_Division,79.99,19.06
REC-04512,7/5/2020,Quality_Season,7,655.4,80.9,16.21,2.57,89.5,27,16.3,73.5,5.49,Middle_Division,126.46,19.29
REC-04513,7/5/2020,SW_Monsoon,7,308.15,77.4,17.88,2.5,108.6,22.4,19.4,84.3,7.06,Upper_Division,63.03,20.45
REC-04514,7/5/2020,SW_Monsoon,7,676.47,76.6,15.07,2.81,102.1,28.1,23.8,81.8,10.61,West_Block,146.15,21.61
REC-04515,7/4/2020,SW_Monsoon,7,501.79,76.3,18.93,2.74,96.5,25.7,18.1,85.8,11.2,Middle_Division,113.26,22.57
REC-04516,7/4/2020,Quality_Season,7,478.22,78.2,18.31,2.72,97.7,30.1,17.5,73.3,3.62,Lower_Division,93.9,19.63
REC-04517,7/3/2020,SW_Monsoon,7,439.12,73.7,17.17,3.01,99.2,30.2,23.7,84.2,10.69,Lower_Division,96,21.86
REC-04518,7/3/2020,SW_Monsoon,7,535.18,76,16.24,3.04,97.8,23.6,21.1,89.8,10.12,West_Block,122.02,22.8
REC-04519,7/3/2020,Quality_Season,7,565.66,80.5,15.97,3.28,109.2,31.1,21.1,73,3.1,West_Block,105.2,18.6
REC-04520,7/3/2020,Quality_Season,7,583.11,80.8,16.92,3.06,94.5,23.5,19,75.7,2.79,Upper_Division,111.43,19.11
REC-04521,7/3/2020,Quality_Season,7,367.81,84,17.4,3.58,93.1,18,17.1,76.6,5.86,Lower_Division,70.94,19.29
REC-04522,7/3/2020,Quality_Season,7,414.39,78.3,15.33,2.68,100.1,25.9,19.3,74.6,5.47,East_Block,84.65,20.43
REC-04523,7/2/2020,Quality_Season,7,486.76,72.9,18.51,2.44,100,29.3,20.1,79.6,5.15,West_Block,90.42,18.58
REC-04524,7/2/2020,Quality_Season,7,414.17,80,18.54,2.88,91.1,28.1,16.9,81.3,2.68,Upper_Division,75.33,18.19
REC-04525,7/1/2020,SW_Monsoon,7,576.94,81.5,16.49,3.43,102.1,25.1,22,86.9,10.82,West_Block,127.75,22.14
REC-04526,6/30/2020,SW_Monsoon,6,624.58,79.3,17.04,2,100.6,24.8,23.3,85,10.4,Middle_Division,136.4,21.84
REC-04527,6/29/2020,SW_Monsoon,6,475.74,76.8,17.62,2.49,103.4,18,18.4,82.7,11.58,East_Block,103.82,21.82
REC-04528,6/29/2020,SW_Monsoon,6,613.31,80.8,15.83,3.66,98.6,26.6,21.3,84.8,13.71,Middle_Division,135.4,22.08
REC-04529,6/29/2020,SW_Monsoon,6,696.97,76.5,16.37,3.41,87.3,27.3,23.5,89.8,8.72,Middle_Division,148.79,21.35
REC-04530,6/28/2020,SW_Monsoon,6,405.77,81.4,17.66,2.47,98.2,31.3,21.2,83.4,8.55,Middle_Division,87.38,21.53
REC-04531,6/28/2020,SW_Monsoon,6,770.01,79.2,15.3,3.37,97.1,29.7,18.1,86.9,13.28,East_Block,171.12,22.22
REC-04532,6/28/2020,SW_Monsoon,6,753.54,74.3,13.08,2.95,99.5,24.2,20.4,85.1,13.03,Middle_Division,173.31,23
REC-04533,6/27/2020,SW_Monsoon,6,582.63,78.5,17.6,2.88,93.3,23.3,18.1,91.4,13.2,West_Block,133.65,22.94
REC-04534,6/27/2020,SW_Monsoon,6,465.55,79.1,14.26,2.31,98.5,23.9,20,86.9,9.15,West_Block,103.37,22.2
REC-04535,6/26/2020,SW_Monsoon,6,518.93,84.3,17.97,2.28,92.4,25.7,21.3,81.2,12.82,West_Block,112.68,21.71
REC-04536,6/26/2020,SW_Monsoon,6,527.35,79.8,14.08,2.98,103.3,23.4,18.4,80.7,14.82,East_Block,118.21,22.42
REC-04537,6/26/2020,SW_Monsoon,6,432.41,77.9,16.02,3.23,94.6,26.1,18.4,85.7,10.24,East_Block,98.03,22.67
REC-04538,6/25/2020,SW_Monsoon,6,542.06,71.5,16.96,2.86,85,21,21.2,92,9.11,Lower_Division,115.97,21.39
REC-04539,6/25/2020,SW_Monsoon,6,540.14,80.2,16.01,3.03,102.1,24.1,19,82.3,11.47,Upper_Division,122.73,22.72
REC-04540,6/25/2020,SW_Monsoon,6,564.09,74,17.41,4.33,88.6,25.2,21.8,89.2,10.65,Lower_Division,124.53,22.08
REC-04541,6/24/2020,SW_Monsoon,6,619.47,71.2,18.23,3.48,103.6,24.6,18.8,80.6,8.73,Middle_Division,137.17,22.14
REC-04542,6/24/2020,SW_Monsoon,6,649.39,77,16.28,3.18,101.1,24.9,22.6,89.5,11.32,East_Block,148.07,22.8
REC-04543,6/24/2020,SW_Monsoon,6,367.57,77.7,14.74,3.88,97.5,22.7,23.9,91.4,10.32,East_Block,80.97,22.03
REC-04544,6/24/2020,SW_Monsoon,6,725.59,79.6,15.82,2.91,97.1,21.6,21.1,88.2,11.33,Middle_Division,164.58,22.68
REC-04545,6/24/2020,SW_Monsoon,6,472.88,76.6,15.41,2.89,102.4,28.6,18.1,85.4,13.1,East_Block,108.62,22.97
REC-04546,6/23/2020,SW_Monsoon,6,250,80.8,17.02,3.18,94.3,28.3,23.4,83.8,14.96,East_Block,54.09,21.64
REC-04547,6/23/2020,SW_Monsoon,6,469.37,79.7,17.66,2.75,101.2,23.9,22.3,84.3,10.48,West_Block,107.96,23
REC-04548,6/23/2020,SW_Monsoon,6,513.25,81.2,18.35,3.37,95.8,24.6,22.9,84.4,9.33,Upper_Division,114.16,22.24
REC-04549,6/22/2020,SW_Monsoon,6,336.81,79.6,15.84,2.45,102,30.2,23.4,83.2,8.92,Lower_Division,75.35,22.37
REC-04550,6/22/2020,SW_Monsoon,6,514.21,85,16,2.15,102.5,31.2,24.8,83.2,12.14,Middle_Division,109,21.2
REC-04551,6/22/2020,SW_Monsoon,6,567.56,70.5,15.48,2.93,91,21.4,20.6,82.9,11.32,West_Block,125.33,22.08
REC-04552,6/22/2020,SW_Monsoon,6,608.65,74.8,17.17,3.58,100.4,25.2,18.8,89.3,11.8,Middle_Division,134.32,22.07
REC-04553,6/22/2020,SW_Monsoon,6,492.11,82.5,16,4,99.3,28.4,23.8,83.7,14.19,Lower_Division,111.31,22.62
REC-04554,6/21/2020,SW_Monsoon,6,827.9,82.1,15.19,2.82,94.3,23.7,22.7,81.6,13.06,Upper_Division,187.94,22.7
REC-04555,6/21/2020,SW_Monsoon,6,594.75,81,15.15,2.02,95,25.5,21.5,89.4,12.02,East_Block,130.81,21.99
REC-04556,6/21/2020,SW_Monsoon,6,475.06,80.1,15.2,3.4,93.5,21.4,19.9,81.2,11.1,Lower_Division,107.3,22.59
REC-04557,6/21/2020,SW_Monsoon,6,659.1,79.8,14.65,2.92,98.2,24.4,22.5,82.2,10.48,Lower_Division,151.7,23.02
REC-04558,6/20/2020,SW_Monsoon,6,620.65,78.9,16,3.71,108.6,26.9,19.2,86,10.76,Middle_Division,137.77,22.2
REC-04559,6/20/2020,SW_Monsoon,6,733.25,78.4,12.24,3.02,100.2,27.7,23,91.2,11.53,East_Block,165.21,22.53
REC-04560,6/19/2020,SW_Monsoon,6,470.27,70,16.35,3.68,100.8,25.3,20.8,91.6,11.51,East_Block,105.82,22.5
REC-04561,6/18/2020,SW_Monsoon,6,561.78,81,15.9,3.48,105.7,27.1,23.2,80.9,12.27,East_Block,125.45,22.33
REC-04562,6/18/2020,SW_Monsoon,6,674.46,77.8,17.69,2.58,99.8,25,21.1,89.7,9.54,West_Block,151.43,22.45
REC-04563,6/18/2020,SW_Monsoon,6,446.23,72.1,14.67,2.58,94.2,26.2,21.1,80.8,11.17,Lower_Division,100.69,22.56
REC-04564,6/17/2020,SW_Monsoon,6,563.61,83.2,14.9,3.5,95,24.3,21.9,87.3,10.14,Lower_Division,125.7,22.3
REC-04565,6/17/2020,SW_Monsoon,6,614.09,76.7,13.18,2.48,98.5,24.7,20.7,82.9,9.77,West_Block,133.48,21.74
REC-04566,6/17/2020,SW_Monsoon,6,606.7,77.4,17.37,2.48,96.2,24.3,19.1,85.1,9.97,Upper_Division,131.01,21.59
REC-04567,6/16/2020,SW_Monsoon,6,477.24,78.8,17.15,2.77,98.8,25.3,20.2,89.3,8.44,West_Block,107.33,22.49
REC-04568,6/16/2020,SW_Monsoon,6,410.25,72.6,18.1,3.72,94.8,24.7,22.3,85.6,13.7,Upper_Division,88.57,21.59
REC-04569,6/16/2020,SW_Monsoon,6,686.05,75.2,19.78,2.63,100.4,23.8,25,90.5,12.87,Middle_Division,157.15,22.91
REC-04570,6/16/2020,SW_Monsoon,6,677.81,74.1,14.2,2.51,96.9,26.5,22.9,81.2,13.72,Middle_Division,155.84,22.99
REC-04571,6/15/2020,SW_Monsoon,6,562.89,82.2,15.9,2.6,95.1,20.9,24.5,85.5,9.42,Lower_Division,128.56,22.84
REC-04572,6/15/2020,SW_Monsoon,6,263.41,77,16.58,2.74,102,25,24.5,83.3,10.11,West_Block,60.8,23.08
REC-04573,6/15/2020,SW_Monsoon,6,696.45,75.5,15.65,2.78,92.6,20,19.5,84.1,8.45,West_Block,153.83,22.09
REC-04574,6/15/2020,SW_Monsoon,6,467.42,80.3,13.23,3.08,101.2,22.3,18.7,81,11.48,West_Block,107.78,23.06
REC-04575,6/14/2020,SW_Monsoon,6,599.29,78.6,17.36,3.27,93.3,18.3,19.7,85.6,9.93,West_Block,127.25,21.23
REC-04576,6/14/2020,SW_Monsoon,6,681.07,79.9,15.76,2.49,90.4,22.9,22.6,85.2,11.67,East_Block,149.33,21.93
REC-04577,6/13/2020,SW_Monsoon,6,741.81,75.5,15.01,3.47,98.1,27.1,21.3,80.2,13.49,East_Block,165.69,22.34
REC-04578,6/13/2020,SW_Monsoon,6,631.07,79.8,14.15,2.57,106.9,30.2,24.7,88.7,9.07,Middle_Division,145.24,23.02
REC-04579,6/13/2020,SW_Monsoon,6,593.1,77.9,17.23,3.09,92.5,20.1,24.6,90.3,10.43,East_Block,132.59,22.36
REC-04580,6/12/2020,SW_Monsoon,6,280.32,78.8,17.79,3.16,105.7,24.1,19.8,91.8,14.67,Upper_Division,61.69,22.01
REC-04581,6/11/2020,SW_Monsoon,6,370.49,77.3,16.69,3,99.2,27.1,22.3,81.5,11.65,West_Block,85.11,22.97
REC-04582,6/11/2020,SW_Monsoon,6,433.62,77.4,18.18,3.85,85,22.2,24.3,88.1,11.46,East_Block,92.69,21.37
REC-04583,6/10/2020,SW_Monsoon,6,577.23,80.4,18.49,2,90.8,27.3,23.3,83,12.45,Middle_Division,126.68,21.95
REC-04584,6/10/2020,SW_Monsoon,6,485.58,74,14.64,2.21,101.8,24.3,20.2,89.7,10.36,East_Block,105.78,21.78
REC-04585,6/10/2020,SW_Monsoon,6,444.96,76.7,17.52,3.24,95.4,24.5,23.5,86.1,12.93,Upper_Division,97.76,21.97
REC-04586,6/10/2020,SW_Monsoon,6,583.17,76.7,17.99,2.59,101.5,28.8,24.4,82.7,13.62,Lower_Division,134.09,22.99
REC-04587,6/10/2020,SW_Monsoon,6,535.38,77.9,16.4,2.8,96.3,22.3,20.5,80.2,10.06,West_Block,123.41,23.05
REC-04588,6/10/2020,SW_Monsoon,6,575.15,78.6,15.09,2.98,101,27.1,20.9,88,11.27,East_Block,131.89,22.93
REC-04589,6/10/2020,SW_Monsoon,6,552.28,80,17.53,2.47,105.9,25.7,18.1,80.2,12.84,Lower_Division,123.73,22.4
REC-04590,6/10/2020,SW_Monsoon,6,485.42,75.7,14.96,3.95,94.4,23.5,19.4,90.4,12.65,Upper_Division,107.14,22.07
REC-04591,6/9/2020,SW_Monsoon,6,425.64,71.5,16.42,2.48,101.1,25.4,19.1,80.2,10.51,Middle_Division,93.77,22.03
REC-04592,6/9/2020,SW_Monsoon,6,595.12,80.3,15.75,3.62,95.5,27.9,18,89,11.48,Upper_Division,134.12,22.54
REC-04593,6/8/2020,SW_Monsoon,6,661.16,75.5,14.38,3.25,89.1,26.2,19.3,82,8.5,West_Block,140.82,21.3
REC-04594,6/8/2020,SW_Monsoon,6,502.24,78.4,15.77,3.16,107.3,22.2,19.7,89.4,11.42,Middle_Division,109.69,21.84
REC-04595,6/8/2020,SW_Monsoon,6,623.7,79,17.13,3.49,95.1,31.9,24.1,85.7,13.38,Upper_Division,141.37,22.67
REC-04596,6/8/2020,SW_Monsoon,6,572.44,72.1,14.64,2.19,102.2,27.9,21.7,80.7,12.83,West_Block,125.61,21.94
REC-04597,6/8/2020,SW_Monsoon,6,627.98,77.5,15.47,2.75,95.1,25.7,22.9,90.6,14.42,East_Block,144.67,23.04
REC-04598,6/7/2020,SW_Monsoon,6,704.43,76.9,15.86,3.61,93.2,25.9,23.7,81.2,8.99,Upper_Division,151.2,21.46
REC-04599,6/6/2020,SW_Monsoon,6,691.22,79,15.93,3.22,94.1,30,20.4,85.7,8.52,Middle_Division,149.27,21.6
REC-04600,6/6/2020,SW_Monsoon,6,565.32,77.7,16.89,3.35,93.7,23.1,20,85.1,13.24,Middle_Division,126.31,22.34
REC-04601,6/6/2020,SW_Monsoon,6,487.57,79.4,19.51,3.06,99.1,23.3,19.9,86.2,8.42,Upper_Division,105.61,21.66
REC-04602,6/6/2020,SW_Monsoon,6,546.17,79.7,14.98,2.71,100.6,23,24.9,90.2,13.25,East_Block,125.52,22.98
REC-04603,6/6/2020,SW_Monsoon,6,272.48,79.7,14.59,2.52,100.5,30.4,20.1,89.4,11.21,Lower_Division,61,22.39
REC-04604,6/5/2020,SW_Monsoon,6,576.19,78.3,14.22,3.41,96,24.9,24.3,92,13.65,Middle_Division,130.81,22.7
REC-04605,6/5/2020,SW_Monsoon,6,508.35,78.7,17.38,3.1,102.3,24.6,21.7,90.4,12.2,Middle_Division,116.14,22.85
REC-04606,6/4/2020,SW_Monsoon,6,656.57,78.6,14.14,3.4,96.2,21.1,19.7,82.2,12.21,Lower_Division,148.21,22.57
REC-04607,6/3/2020,SW_Monsoon,6,671.49,74.5,16.81,3.9,108.3,24.1,19.1,91.7,12.9,West_Block,154.33,22.98
REC-04608,6/3/2020,SW_Monsoon,6,583.35,82.1,14.98,2.83,91.9,20.6,20.7,90.1,10.4,Upper_Division,128.52,22.03
REC-04609,6/3/2020,SW_Monsoon,6,491.28,76.3,16.84,3.99,104.2,21.6,21.2,87.9,14.99,East_Block,107.94,21.97
REC-04610,6/2/2020,SW_Monsoon,6,492.12,81,16.45,2.19,88.9,21.8,24.1,85.8,10.54,Upper_Division,101.88,20.7
REC-04611,6/2/2020,SW_Monsoon,6,657.51,80.8,17.49,3.35,100.2,26.3,24.7,80.2,14.54,Lower_Division,151.07,22.98
REC-04612,6/2/2020,SW_Monsoon,6,380.17,77.6,13.17,2.58,94.3,24.7,22,88.5,13.26,West_Block,84.89,22.33
REC-04613,6/2/2020,SW_Monsoon,6,557.3,78.9,17,2.96,99.8,23.7,24,82,8.79,Upper_Division,124.29,22.3
REC-04614,6/2/2020,SW_Monsoon,6,592.06,79.1,16.61,3.04,98.3,24.5,19.5,87.7,9.16,Middle_Division,135.75,22.93
REC-04615,6/2/2020,SW_Monsoon,6,707.87,76.4,17.95,3.07,99.9,20,20.4,83.3,8.57,Lower_Division,160.62,22.69
REC-04616,6/2/2020,SW_Monsoon,6,645.74,77.4,16.36,3.26,90.1,21.1,19.7,90.2,9.06,East_Block,140.78,21.8
REC-04617,6/1/2020,SW_Monsoon,6,437.98,72.2,13.41,4.11,104.2,19.1,20,84.6,11.45,East_Block,94.73,21.63
REC-04618,6/1/2020,SW_Monsoon,6,409.94,78.7,17.57,3.33,97.7,32.1,22.8,85.5,9.61,Middle_Division,91.67,22.36
REC-04619,6/1/2020,SW_Monsoon,6,545.31,78.8,12,2.22,103.4,23.2,21.9,90.3,11.63,Upper_Division,116.98,21.45
REC-04620,5/31/2020,SW_Monsoon,5,534.67,77.5,14.9,2.69,95,19.6,19.5,86.2,10.27,Middle_Division,114.4,21.4
REC-04621,5/31/2020,SW_Monsoon,5,615.53,75.2,16.15,3.02,101,24.7,18.2,85,14.4,West_Block,141.1,22.92
REC-04622,5/31/2020,SW_Monsoon,5,614.67,78.9,13.5,2.57,102.2,18.8,21.4,81.9,11.73,East_Block,137.2,22.32
REC-04623,5/31/2020,SW_Monsoon,5,566.69,82.5,16.92,2.97,91.3,21.6,21.9,82,13.51,East_Block,127.21,22.45
REC-04624,5/31/2020,SW_Monsoon,5,524.61,84.1,15.49,2,94.2,28.2,18.6,81.6,8.68,Upper_Division,110.63,21.09
REC-04625,5/31/2020,SW_Monsoon,5,384.96,74.2,16.28,3.05,109.7,19.8,22.6,87.4,9.34,East_Block,85.24,22.14
REC-04626,5/31/2020,SW_Monsoon,5,472.29,76.2,16.7,2.9,99.8,27.3,20.3,90,10.52,Middle_Division,105.83,22.41
REC-04627,5/31/2020,SW_Monsoon,5,459.87,77.9,16.78,2.87,102,23.7,24.8,89.8,11.31,Middle_Division,103.87,22.59
REC-04628,5/30/2020,SW_Monsoon,5,305.21,76.5,15.77,3.43,97.5,27.3,24.5,89.7,11.85,Middle_Division,70.27,23.03
REC-04629,5/30/2020,SW_Monsoon,5,262.94,80,17.01,2.61,102.4,25.9,22.3,86.3,9.75,Lower_Division,60.35,22.95
REC-04630,5/30/2020,SW_Monsoon,5,711.42,82,18.31,3.31,91.6,23.6,19.3,80.9,11.7,East_Block,160.53,22.57
REC-04631,5/30/2020,SW_Monsoon,5,492.04,80.7,14.92,3.75,101.6,29.2,22.1,90,13.84,East_Block,108.12,21.97
REC-04632,5/29/2020,SW_Monsoon,5,606.99,77.6,16.67,3.11,98.9,27.1,19.5,91.2,12.04,Middle_Division,139.39,22.96
REC-04633,5/29/2020,SW_Monsoon,5,432.45,79.1,14.93,2.96,106,24.9,23.9,91.6,8.48,West_Block,95.2,22.01
REC-04634,5/29/2020,SW_Monsoon,5,599.38,78.1,17.93,3.43,95.1,25.5,24.4,82.1,12.83,West_Block,134.39,22.42
REC-04635,5/29/2020,SW_Monsoon,5,361.65,80,16.41,2,103.1,24,24.1,84.7,12.19,Lower_Division,83,22.95
REC-04636,5/29/2020,SW_Monsoon,5,595.01,78.4,16.63,2.3,103,26.2,22.5,91.5,10.36,West_Block,137.08,23.04
REC-04637,5/28/2020,SW_Monsoon,5,618.44,80.1,17.3,3.98,97,24.6,24.7,80.6,8.43,Middle_Division,134.49,21.75
REC-04638,5/27/2020,SW_Monsoon,5,604.28,75.6,18.8,2.49,93,25.2,21.2,83.5,14.8,West_Block,130.34,21.57
REC-04639,5/26/2020,SW_Monsoon,5,598.9,75.5,16.2,3.12,91.1,26,18.4,81.9,11.75,East_Block,133.3,22.26
REC-04640,5/26/2020,SW_Monsoon,5,684.88,78.5,15.77,2.8,97.4,21.7,22.7,90.7,14.71,Lower_Division,158.13,23.09
REC-04641,5/25/2020,SW_Monsoon,5,540.75,80.3,16.85,3.3,101,27.1,19.5,89,9.3,Middle_Division,120.4,22.27
REC-04642,5/25/2020,SW_Monsoon,5,565.51,78.2,16.17,3.14,95.3,21.5,22.6,89.6,9.43,Upper_Division,126.94,22.45
REC-04643,5/25/2020,SW_Monsoon,5,577.1,76.6,14.32,3.95,91.4,20.4,19.8,90.4,9.38,Middle_Division,122.18,21.17
REC-04644,5/22/2020,SW_Monsoon,5,477.4,82.2,15.44,3.05,93.5,27.5,21.9,85.3,12.56,East_Block,106.23,22.25
REC-04645,5/22/2020,SW_Monsoon,5,657.69,78.2,19.91,4.1,90.4,24.4,21.4,89.8,11.87,Upper_Division,136.22,20.71
REC-04646,5/22/2020,SW_Monsoon,5,836.51,76.8,17.37,3.48,104.2,26.4,23.9,84.9,9.21,East_Block,190.87,22.82
REC-04647,5/21/2020,SW_Monsoon,5,414.71,76.3,14.68,3.15,102.9,25.8,23.3,82.8,14.78,West_Block,94.72,22.84
REC-04648,5/21/2020,SW_Monsoon,5,596.83,75.2,19.64,3.2,96.1,25.5,23,84,13.96,Middle_Division,128.94,21.6
REC-04649,5/21/2020,SW_Monsoon,5,462.08,77.6,15.51,2.33,105,26,19.9,90.5,14.83,West_Block,106.27,23
REC-04650,5/20/2020,SW_Monsoon,5,755.82,78.4,14.42,2.5,90.7,26.7,20,83,8.51,Lower_Division,165.77,21.93
REC-04651,5/20/2020,SW_Monsoon,5,553.85,81.4,14.38,2.71,96.6,24,23.7,83.7,11.67,West_Block,121.39,21.92
REC-04652,5/20/2020,SW_Monsoon,5,792.97,80.5,15.95,3.86,94,27.9,21.3,80,13.36,East_Block,175.97,22.19
REC-04653,5/19/2020,SW_Monsoon,5,790.58,80.6,17.27,4.03,92.5,27.5,22.5,85.7,12.17,East_Block,170.15,21.52
REC-04654,5/19/2020,SW_Monsoon,5,748.25,75.5,14.47,2.3,95.2,19.7,21.7,81.5,10.98,East_Block,165.56,22.13
REC-04655,5/19/2020,SW_Monsoon,5,283.54,79,15.17,2.81,99.9,26.7,20,82.4,11.75,West_Block,65.12,22.97
REC-04656,5/18/2020,SW_Monsoon,5,454.36,78.9,14.36,2.9,99.3,24.3,24.4,83.8,9.97,Upper_Division,98.51,21.68
REC-04657,5/18/2020,SW_Monsoon,5,701.23,77.2,14.57,3.2,100,21.3,18.5,88.8,13.62,Upper_Division,154.88,22.09
REC-04658,5/18/2020,SW_Monsoon,5,549.56,76.2,16.17,3.14,92.5,26.7,24.5,84,14.83,Lower_Division,125.97,22.92
REC-04659,5/18/2020,SW_Monsoon,5,380.57,75.2,14.51,3.1,104.5,23.6,22.6,81.8,12.99,East_Block,84.69,22.25
REC-04660,5/17/2020,SW_Monsoon,5,560.05,75,18.22,3.22,91.2,24.8,21.1,91.8,8.95,Lower_Division,129.43,23.11
REC-04661,5/17/2020,SW_Monsoon,5,521.45,76.8,15.07,2.5,101.8,23.2,20.6,82.1,10.63,Lower_Division,119.82,22.98
REC-04662,5/17/2020,SW_Monsoon,5,533.03,84.9,13.68,2,106.5,24.3,19.2,85.5,14.86,East_Block,112.94,21.19
REC-04663,5/17/2020,SW_Monsoon,5,736.33,76.8,13.81,2.14,100.8,18.9,23.2,81.5,13.34,West_Block,157.98,21.45
REC-04664,5/16/2020,SW_Monsoon,5,552.31,79.4,16.16,3.15,105.4,28.8,22.4,90.8,12.34,Middle_Division,124.19,22.49
REC-04665,5/15/2020,SW_Monsoon,5,688.12,76.7,15.73,3.96,92.5,28.8,19.4,87.1,12.19,East_Block,147.87,21.49
REC-04666,5/14/2020,SW_Monsoon,5,471.23,80.8,17.48,2.79,91.9,26.9,20.8,91.3,11.06,Middle_Division,105.06,22.3
REC-04667,5/14/2020,SW_Monsoon,5,540.23,77.6,14.67,2.96,103.7,20,19.2,82.7,12.12,Middle_Division,119.11,22.05
REC-04668,5/14/2020,SW_Monsoon,5,732.51,83.3,16.6,2.42,93.4,25.3,24,82.5,13.47,West_Block,154.73,21.12
REC-04669,5/13/2020,SW_Monsoon,5,578.98,81.8,14.76,2,106.1,19.8,22.7,81.6,13.1,East_Block,121.43,20.97
REC-04670,5/12/2020,SW_Monsoon,5,429.96,79,14.85,2.29,99.1,25.6,18.3,85.9,12.37,East_Block,94.37,21.95
REC-04671,5/12/2020,SW_Monsoon,5,515.61,77.9,18.31,3.99,96.9,22.8,23.2,80.7,11.57,East_Block,114.86,22.28
REC-04672,5/12/2020,SW_Monsoon,5,410,83.5,17.14,3.1,101.3,19.9,20,86.4,10.77,Middle_Division,89.58,21.85
REC-04673,5/10/2020,SW_Monsoon,5,538.25,79.3,15.93,2.16,102.3,25.3,21.9,91,9.82,West_Block,124.48,23.13
REC-04674,5/10/2020,SW_Monsoon,5,628.46,82,16.51,2.99,99.9,26,24.8,83,8.43,Upper_Division,139.46,22.19
REC-04675,5/10/2020,SW_Monsoon,5,455.89,77.7,15.82,2.89,97.2,19.8,21.3,81.1,11.78,East_Block,103.82,22.77
REC-04676,5/9/2020,SW_Monsoon,5,320.15,75.6,15.39,2.96,99.7,26.6,18.1,81.3,11.56,Upper_Division,71.68,22.39
REC-04677,5/9/2020,SW_Monsoon,5,739.16,79,17.07,2.71,105.1,26.8,21,87.9,9.9,Middle_Division,169.21,22.89
REC-04678,5/9/2020,SW_Monsoon,5,734.57,81.4,16.46,3.17,100,21,18.3,91.9,12.33,Middle_Division,166.87,22.72
REC-04679,5/9/2020,SW_Monsoon,5,615.03,81.8,15.82,2,90.1,23.6,19.4,89.2,14.4,Lower_Division,137.1,22.29
REC-04680,5/8/2020,SW_Monsoon,5,476.04,79.5,14.37,3.44,103.6,23.2,18.3,85.6,10.62,West_Block,109.51,23
REC-04681,5/8/2020,SW_Monsoon,5,529.3,78.3,15.17,2.51,96.8,23.5,23,80.4,14.16,Lower_Division,121.52,22.96
REC-04682,5/8/2020,SW_Monsoon,5,660.51,79,17.11,2.7,105.6,25.2,19.5,82.9,11.81,Upper_Division,142.88,21.63
REC-04683,5/7/2020,SW_Monsoon,5,563.55,78.3,17.82,2.42,98,22,24.3,82.8,14.1,Middle_Division,121.85,21.62
REC-04684,5/7/2020,SW_Monsoon,5,577.03,81.4,18.78,2.24,92.3,25.7,19.3,80.3,9.02,East_Block,125.16,21.69
REC-04685,5/7/2020,SW_Monsoon,5,517.9,74.5,15.3,2.66,98,20.1,22.5,88.6,8.94,East_Block,119.54,23.08
REC-04686,5/6/2020,SW_Monsoon,5,544.57,82.1,16.52,3.3,92.9,25,22.8,86.2,11.05,West_Block,122.02,22.41
REC-04687,5/6/2020,SW_Monsoon,5,682.72,81.7,15.5,3.13,95,30.2,19.1,86.2,13.45,Upper_Division,149.07,21.83
REC-04688,5/6/2020,SW_Monsoon,5,669.03,72.8,16.1,2.24,96.2,22.8,22.3,89.2,9.95,Lower_Division,148.94,22.26
REC-04689,5/6/2020,SW_Monsoon,5,526.3,72.9,12.77,3.56,98.9,22.6,20.6,84.7,14.01,Upper_Division,112.06,21.29
REC-04690,5/4/2020,SW_Monsoon,5,605.13,78.8,14.96,3.84,102.6,26.4,22.4,83.3,8.89,Upper_Division,127.84,21.13
REC-04691,5/4/2020,SW_Monsoon,5,382.42,81.5,15.4,3.08,97.3,26.2,21.8,91.4,9.86,West_Block,87.76,22.95
REC-04692,5/4/2020,SW_Monsoon,5,329.45,79.9,14.06,2.93,100.3,26.5,19,91.6,12.54,Lower_Division,75.53,22.93
REC-04693,5/4/2020,SW_Monsoon,5,628.59,77.9,17.4,3.07,97.1,23.5,19.6,89.4,13.22,East_Block,139.58,22.21
REC-04694,5/4/2020,SW_Monsoon,5,561.79,76.5,16,2.68,106.7,26.2,24.4,90.8,13.05,East_Block,129.67,23.08
REC-04695,5/4/2020,SW_Monsoon,5,412.27,78.5,14.72,2,107.9,19.9,22.1,87.9,13.71,Middle_Division,89.31,21.66
REC-04696,5/3/2020,SW_Monsoon,5,341.78,74.8,19.27,2.76,99.7,22.5,24.8,86.8,12.26,Lower_Division,76.59,22.41
REC-04697,5/3/2020,SW_Monsoon,5,464.6,74.9,17,2.64,108.8,23.3,24.7,81.3,12.22,Middle_Division,105.39,22.68
REC-04698,5/3/2020,SW_Monsoon,5,455.39,80.4,13.38,3.27,91.7,28.3,23.9,85.7,12.11,West_Block,101.1,22.2
REC-04699,5/3/2020,SW_Monsoon,5,615.4,80.4,16.71,3.62,100.4,19.3,20.1,80.8,11.95,Upper_Division,132.5,21.53
REC-04700,5/2/2020,SW_Monsoon,5,435.35,81.1,19.09,2.89,92.1,24.7,20.4,87.6,12.46,East_Block,92.75,21.3
REC-04701,5/2/2020,SW_Monsoon,5,377.44,76,14.4,2.11,95.7,28.6,21.6,90.5,14.66,Upper_Division,81.82,21.68
REC-04702,5/2/2020,SW_Monsoon,5,690.38,78.2,16.17,2.2,99.9,23.2,23.8,86.8,12.68,Upper_Division,152.9,22.15
REC-04703,5/2/2020,SW_Monsoon,5,824.94,78.3,16.88,3.22,100.9,27.9,20.5,85.9,12.66,East_Block,182.01,22.06
REC-04704,5/1/2020,SW_Monsoon,5,585.21,75.2,14.74,2.83,96.5,26.7,19,91.7,13.39,East_Block,133.56,22.82
REC-04705,5/1/2020,SW_Monsoon,5,551.67,79.7,15.97,3.37,88.7,26.3,20.4,90.4,10.93,Lower_Division,126.88,23
REC-04706,5/1/2020,SW_Monsoon,5,568.97,75.9,14.95,3.51,99.1,21.2,21.3,88.2,12.08,East_Block,121.79,21.41
REC-04707,5/1/2020,SW_Monsoon,5,614.95,83.8,16.51,3.02,94.9,19.7,21.5,88.5,11.56,Middle_Division,132.65,21.57
REC-04708,5/1/2020,SW_Monsoon,5,566.91,76.3,18.23,3.05,106.5,24.5,22.3,87.5,14.82,East_Block,126.74,22.36
REC-04709,4/30/2020,SW_Monsoon,4,686.57,78,15.92,2.72,90.9,23.1,22.8,82.3,10.55,Upper_Division,151.05,22
REC-04710,4/29/2020,SW_Monsoon,4,398.87,79.9,14.67,2.68,95.5,25.9,19.2,84.2,14.67,Upper_Division,91.96,23.06
REC-04711,4/28/2020,SW_Monsoon,4,398.94,80,15.79,3.23,93.7,23.9,21.5,91.9,10.05,Lower_Division,91.73,22.99
REC-04712,4/28/2020,SW_Monsoon,4,373.79,78.8,16.07,3.2,94.5,26.2,24.5,90.4,9.15,Upper_Division,83.23,22.27
REC-04713,4/28/2020,SW_Monsoon,4,591.36,78.2,14.73,2.61,100.5,24.3,21,83.4,14.99,Middle_Division,135.48,22.91
REC-04714,4/28/2020,SW_Monsoon,4,759.96,71.2,16.39,2.73,97,28.7,21.9,89.5,8.63,Lower_Division,168.4,22.16
REC-04715,4/27/2020,SW_Monsoon,4,338.85,82.2,17.88,2,97.3,22.3,21,86.9,14.79,East_Block,73.72,21.76
REC-04716,4/26/2020,SW_Monsoon,4,737.74,80.5,15.22,3.99,94.7,27.3,23.7,91.5,10.4,East_Block,161.1,21.84
REC-04717,4/25/2020,SW_Monsoon,4,648.87,78.3,15.43,3.69,100.9,24.4,21.2,82.2,14.92,East_Block,148.19,22.84
REC-04718,4/25/2020,SW_Monsoon,4,693.42,79.9,14.38,2.87,96.9,25.6,23.7,86.4,9.36,Upper_Division,150.3,21.67
REC-04719,4/25/2020,SW_Monsoon,4,495.29,81.1,15.6,2.89,99.2,23.6,21.2,85.6,13.09,Upper_Division,112.96,22.81
REC-04720,4/25/2020,SW_Monsoon,4,900,70.8,17.02,3.17,90.3,18.9,18.8,85.2,13.44,West_Block,190.11,21.12
REC-04721,4/24/2020,SW_Monsoon,4,750.74,80.9,14.66,3.1,111.5,26.7,23.7,91.2,13.08,Middle_Division,162.67,21.67
REC-04722,4/24/2020,SW_Monsoon,4,727.53,77.3,15.04,3,106.1,22.3,20,81.3,13.79,East_Block,167.38,23.01
REC-04723,4/24/2020,SW_Monsoon,4,462.81,73.1,17.02,3,98.2,21.9,18.9,85.9,13.36,Middle_Division,102.4,22.13
REC-04724,4/23/2020,SW_Monsoon,4,585.54,77.2,16.88,2.72,103.8,25.9,24.9,89.7,13.17,East_Block,133.64,22.82
REC-04725,4/23/2020,SW_Monsoon,4,766.92,79.7,14.61,2.77,97.8,28.6,19.1,90.7,9.54,Lower_Division,169.59,22.11
REC-04726,4/23/2020,SW_Monsoon,4,768.45,82.7,16.01,3.21,99.1,20.1,19.7,82.9,9.34,Middle_Division,172.89,22.5
REC-04727,4/23/2020,SW_Monsoon,4,623.27,77.3,15.51,2.63,98.5,25.9,23.4,82.4,9.99,Middle_Division,143.45,23.02
REC-04728,4/22/2020,SW_Monsoon,4,582.97,79.7,13.04,3.13,99.9,24,22.8,81.4,12.44,Upper_Division,128.1,21.97
REC-04729,4/22/2020,SW_Monsoon,4,699.19,78.4,17.48,3.22,102.1,29.5,20,88.1,13.16,West_Block,156.32,22.36
REC-04730,4/21/2020,SW_Monsoon,4,515.72,78.2,14.93,2.91,92.8,23.3,24.2,91.1,11.62,Upper_Division,113.99,22.1
REC-04731,4/21/2020,SW_Monsoon,4,500.45,78.3,18.29,3.15,90.9,28.3,22.8,87.3,12.86,Middle_Division,108.08,21.6
REC-04732,4/21/2020,SW_Monsoon,4,521.68,73.8,16.03,2.08,96.2,24.2,24,87.9,9.4,Lower_Division,118.98,22.81
REC-04733,4/21/2020,SW_Monsoon,4,401.9,75.6,12.18,2.55,103.3,27.9,24.5,81.4,14.42,Upper_Division,89.26,22.21
REC-04734,4/20/2020,SW_Monsoon,4,438.17,83.8,15.66,2.26,103.9,21.7,18.3,82.4,8.46,West_Block,95.45,21.78
REC-04735,4/19/2020,SW_Monsoon,4,565.22,75.8,13.92,3.22,107.1,19.1,21.8,86.2,9.58,East_Block,125.05,22.12
REC-04736,4/19/2020,SW_Monsoon,4,477.05,77.3,18.65,3.34,102.6,27.5,19,84.3,12.99,Middle_Division,109.16,22.88
REC-04737,4/19/2020,SW_Monsoon,4,661.69,75.8,15.31,2,91.5,23.5,24.8,86.2,8.92,Upper_Division,141.92,21.45
REC-04738,4/19/2020,SW_Monsoon,4,567.03,82.9,16.23,3.63,94.9,24.7,20.8,82.2,10.19,Upper_Division,122.83,21.66
REC-04739,4/19/2020,SW_Monsoon,4,801.72,81.8,15.94,3.25,100.7,24.4,24.1,85.3,9.45,Lower_Division,180.37,22.5
REC-04740,4/17/2020,SW_Monsoon,4,744.29,73,14.35,2.41,101.3,27.6,18.6,88.3,9.53,Middle_Division,157.82,21.2
REC-04741,4/17/2020,SW_Monsoon,4,625.09,77.5,18.92,3.19,96,21.5,23.6,81.6,14.79,East_Block,138.31,22.13
REC-04742,4/17/2020,SW_Monsoon,4,620.06,75.6,14.94,3.5,92.2,22.4,21.2,89.8,12.42,Lower_Division,142.97,23.06
REC-04743,4/17/2020,SW_Monsoon,4,642.55,80.7,12.98,2.65,96.9,26.4,22.7,82.3,12.76,Middle_Division,142.96,22.25
REC-04744,4/17/2020,SW_Monsoon,4,437.36,79,15.32,2.82,99.2,22.9,21.6,82.3,14.11,Middle_Division,100.22,22.91
REC-04745,4/16/2020,SW_Monsoon,4,443.26,71.2,19.12,2.9,103.5,21.5,24,87,12.8,Upper_Division,94.02,21.21
REC-04746,4/16/2020,SW_Monsoon,4,412.13,81.1,15.05,3.21,96.3,26.4,18.4,83.8,13.23,West_Block,94.38,22.9
REC-04747,4/16/2020,SW_Monsoon,4,348.3,80.9,16.45,2.97,98.6,25.3,18.6,90,13.61,Middle_Division,80.43,23.09
REC-04748,4/15/2020,SW_Monsoon,4,612.46,74.6,16.41,2.37,99.2,24.5,23.7,89.7,14.01,East_Block,136.89,22.35
REC-04749,4/15/2020,SW_Monsoon,4,535.23,80.3,18.66,2.46,97.8,24.3,22.1,82.5,10.79,Upper_Division,114.49,21.39
REC-04750,4/15/2020,SW_Monsoon,4,609.32,78.8,13.62,2.35,98.4,26.8,19.4,88.1,12.24,West_Block,133.34,21.88
REC-04751,4/15/2020,SW_Monsoon,4,330.53,77,17.02,3,103.2,27.4,23.1,81.3,9.03,Upper_Division,71.28,21.57
REC-04752,4/15/2020,SW_Monsoon,4,516.31,83.5,14.71,2.73,99.5,28.7,19.2,89.3,10.41,East_Block,110.67,21.43
REC-04753,4/14/2020,SW_Monsoon,4,318.97,75.5,16.37,2.59,99.2,24.2,18.9,91.3,11.54,Lower_Division,73.25,22.96
REC-04754,4/13/2020,SW_Monsoon,4,578.37,80.8,16.25,2.87,98.6,18.5,23.2,87.1,13.17,East_Block,128.01,22.13
REC-04755,4/13/2020,SW_Monsoon,4,590.42,82.4,15.93,3.61,92.8,28.2,23.4,82.8,12.56,Upper_Division,128.12,21.7
REC-04756,4/13/2020,SW_Monsoon,4,558.01,75.6,15.93,3.78,86.2,24.1,24.8,86.6,12.07,West_Block,119.25,21.37
REC-04757,4/13/2020,SW_Monsoon,4,548.64,76.8,17.25,3.11,93.9,21.9,24.4,82.9,13.07,Upper_Division,118.36,21.57
REC-04758,4/13/2020,SW_Monsoon,4,351.86,74.4,15.48,3.19,106.9,21.2,18.8,82.6,13.09,Upper_Division,77.61,22.06
REC-04759,4/13/2020,SW_Monsoon,4,724.17,80.6,15.88,3.26,100.1,26.3,23.2,89.3,9.46,East_Block,160.33,22.14
REC-04760,4/11/2020,SW_Monsoon,4,618.21,80.2,15.05,3.07,99.9,24,23.9,84.1,14.29,Middle_Division,140.4,22.71
REC-04761,4/11/2020,SW_Monsoon,4,681.97,76.8,16.33,2.83,97.6,25.4,18.8,88.9,11.13,Middle_Division,156.94,23.01
REC-04762,4/10/2020,SW_Monsoon,4,485.79,73.6,13.72,3.19,99,27.6,24.7,87.8,14.29,Lower_Division,111.41,22.93
REC-04763,4/10/2020,SW_Monsoon,4,462.77,77,14.76,2.73,96.7,28.7,23.7,90.9,13.3,Middle_Division,106.68,23.05
REC-04764,4/9/2020,SW_Monsoon,4,714.31,77.7,16.29,3.08,94.5,29.2,18.9,82.6,12.06,Middle_Division,160.34,22.45
REC-04765,4/9/2020,SW_Monsoon,4,526.2,81.3,15.78,3.71,89,26.3,21.4,83.4,10.28,Upper_Division,109.75,20.86
REC-04766,4/9/2020,SW_Monsoon,4,604.25,78,14.91,2.3,100.9,23.7,24.3,86.4,13.25,Upper_Division,132.08,21.86
REC-04767,4/9/2020,SW_Monsoon,4,429.03,71.3,14.42,2.64,99.3,28,23,87.6,14.24,East_Block,97.17,22.65
REC-04768,4/9/2020,SW_Monsoon,4,336.61,73.5,13.98,3.45,98.5,23.1,22.6,82.2,13.9,Upper_Division,76.02,22.58
REC-04769,4/8/2020,SW_Monsoon,4,660.74,76.3,14.89,2.94,94.3,27.3,23.3,90.1,12.68,Upper_Division,149.11,22.57
REC-04770,4/7/2020,SW_Monsoon,4,593.63,79.5,16.74,2.5,93.3,23.4,18.8,80.2,10.32,Lower_Division,134,22.57
REC-04771,4/7/2020,SW_Monsoon,4,622.33,78,13.81,3.08,96.5,24.3,20.2,89,9.59,Middle_Division,140.57,22.59
REC-04772,4/6/2020,SW_Monsoon,4,523.43,76.9,15.04,2.62,95.9,27.2,19,85.6,14.84,Upper_Division,119.71,22.87
REC-04773,4/5/2020,SW_Monsoon,4,571.45,76.2,14.88,3.64,92.9,19.7,21.8,81.7,13.76,Middle_Division,124.48,21.78
REC-04774,4/5/2020,SW_Monsoon,4,382.37,78.9,17.31,3.25,103.8,24.6,22.6,80.4,12.04,Upper_Division,85.5,22.36
REC-04775,4/4/2020,SW_Monsoon,4,622.8,82,17.31,3.7,92.9,27,23.5,85.1,11.95,Middle_Division,138.74,22.28
REC-04776,4/4/2020,SW_Monsoon,4,388.81,82.4,15.06,2.74,96.1,27.7,22.1,86.4,10.78,Middle_Division,85.04,21.87
REC-04777,4/4/2020,SW_Monsoon,4,607.32,80,14.58,3.13,98.2,20.1,21.9,91.8,13.16,Upper_Division,131.54,21.66
REC-04778,4/4/2020,SW_Monsoon,4,588.51,79.2,17.55,2.76,100.3,25.6,20.8,80.8,13.57,East_Block,129.97,22.09
REC-04779,4/3/2020,SW_Monsoon,4,900,80.7,16.46,3.27,101.2,27.3,23.3,88.1,14.12,West_Block,207.82,23.09
REC-04780,4/3/2020,SW_Monsoon,4,447.52,80,16.77,3.42,90.3,30.7,19,89.7,10.04,Upper_Division,101.44,22.67
REC-04781,4/3/2020,SW_Monsoon,4,535.25,78.3,18.16,2.13,93,25.2,22.9,91.1,10.66,Lower_Division,120.5,22.51
REC-04782,4/3/2020,SW_Monsoon,4,553.3,81.2,14.6,3.53,94.8,24.7,19.6,81.6,9.27,Lower_Division,122.44,22.13
REC-04783,4/2/2020,SW_Monsoon,4,435.19,76.3,15.6,3.47,95.7,26.2,20.4,87.7,12.08,West_Block,100.14,23.01
REC-04784,4/2/2020,SW_Monsoon,4,578,77,15.51,3.2,100.4,26.4,18.5,84.1,11.42,Middle_Division,132.73,22.96
REC-04785,4/2/2020,SW_Monsoon,4,572.01,81.3,16.03,2.31,106.2,23.1,21.7,80.7,10.48,West_Block,125.5,21.94
REC-04786,4/2/2020,SW_Monsoon,4,560.75,74,16.1,3.47,94.1,25.3,23.6,84.6,8.51,Middle_Division,122.09,21.77
REC-04787,4/2/2020,SW_Monsoon,4,666.94,75.3,19.21,2.79,89,29.7,24,89.2,8.36,West_Block,139.37,20.9
REC-04788,4/1/2020,SW_Monsoon,4,498.28,76.7,16.86,2.93,91.8,22.4,22.4,91.6,12.72,East_Block,112.79,22.64
REC-04789,4/1/2020,SW_Monsoon,4,436.32,74.9,19.72,3.66,94.1,25.3,24,82.4,10.1,East_Block,91.03,20.86
REC-04790,3/31/2020,Western,3,708.87,74.6,14.84,3.48,91.8,24.1,19.8,76.9,1.73,Upper_Division,137.51,19.4
REC-04791,3/31/2020,Western,3,806.49,75.8,15.26,2.91,95.1,24.3,18.3,75.1,3.59,Middle_Division,161.51,20.03
REC-04792,3/31/2020,Western,3,416.98,75.3,12.89,3.67,94.8,28.6,21.2,83.3,3.17,Middle_Division,75.57,18.12
REC-04793,3/31/2020,Western,3,631.14,78.4,17.39,2.84,104.9,22.2,19.8,77.3,3.36,Upper_Division,127.63,20.22
REC-04794,3/31/2020,Western,3,459.81,81.1,12.95,2.52,95.9,29.1,21.8,76.8,4.99,Lower_Division,91.71,19.94
REC-04795,3/30/2020,Western,3,661.06,78.9,12,3.76,96.7,24.5,18.5,84.9,2.84,Lower_Division,135.96,20.57
REC-04796,3/30/2020,Western,3,594.64,83.3,15.37,3,85,21.7,17.3,78.2,2.82,Middle_Division,110.09,18.51
REC-04797,3/30/2020,Western,3,515.28,79.8,17.69,3.03,96.6,22.2,15.9,71.7,4.98,Upper_Division,100.67,19.54
REC-04798,3/30/2020,Western,3,478.77,78.7,19.13,2.95,97.7,26,16.4,71,2.06,East_Block,91.37,19.09
REC-04799,3/30/2020,Western,3,540.11,80.7,14.83,3.43,107.3,23.4,16,75.4,4.26,Lower_Division,109.46,20.27
REC-04800,3/29/2020,Western,3,631.54,80.5,14.91,3.76,100.6,23.8,21.4,83.5,3.49,Upper_Division,126.26,19.99
REC-04801,3/28/2020,Western,3,318.59,76.7,16.8,3.57,91.4,28.7,15.9,84.9,3.93,East_Block,62.8,19.71
REC-04802,3/28/2020,Western,3,539.63,79,15.35,3.17,96.6,22.9,17.5,71,4.13,Middle_Division,108.41,20.09
REC-04803,3/27/2020,Western,3,479.23,79.9,16.03,2.63,95.3,24.5,19.1,77.5,3.86,East_Block,97.42,20.33
REC-04804,3/27/2020,Western,3,358.91,78.9,15.84,2.78,97.7,27.7,15.3,73.3,2.73,Middle_Division,75.71,21.09
REC-04805,3/27/2020,Western,3,575.14,84.7,16.27,3.05,96.4,29.6,18.5,81.9,4.89,Upper_Division,111.95,19.46
REC-04806,3/27/2020,Western,3,784.42,79.5,15.75,2.09,92.5,27.7,17.5,76.5,4.4,Lower_Division,158.93,20.26
REC-04807,3/26/2020,Western,3,418.08,81.4,15.51,3.27,97,24.5,20,72.3,4.18,West_Block,89.46,21.4
REC-04808,3/26/2020,Western,3,400.76,78.3,17.01,3.13,104,24.5,19.3,74.4,4.54,Lower_Division,84.18,21.01
REC-04809,3/25/2020,Western,3,522.49,73.2,15.58,3.42,93.4,27.2,19,76,3.46,Upper_Division,102.14,19.55
REC-04810,3/25/2020,Western,3,556.17,73.4,17.56,2.29,101.4,24.8,16.9,76.3,3.13,Upper_Division,109.82,19.75
REC-04811,3/24/2020,Western,3,705.93,78.2,16.11,3.77,105.2,22.2,17.9,71.1,3.06,Middle_Division,136.89,19.39
REC-04812,3/23/2020,Western,3,502.54,76.1,20,3.74,85,24.9,21.9,81.5,2.63,East_Block,90.49,18.01
REC-04813,3/23/2020,Western,3,619.93,76.1,15.01,3.22,96.2,29.1,16.8,79.8,2.38,Lower_Division,127.97,20.64
REC-04814,3/23/2020,Western,3,257.09,75.9,14.83,3.58,97,19.9,15.9,80.1,1.95,West_Block,51.94,20.2
REC-04815,3/22/2020,Western,3,630.13,77.6,17.55,2.74,105.4,28.2,15.2,82,3.16,East_Block,127.17,20.18
REC-04816,3/22/2020,Western,3,577.74,82.3,14.21,3.75,97.1,18.3,18.7,77.4,4.78,Upper_Division,109.11,18.89
REC-04817,3/21/2020,Western,3,645.2,74.5,16.3,3.03,92.9,24.6,20.6,82.9,4.45,West_Block,134.09,20.78
REC-04818,3/21/2020,Western,3,668.15,79.7,16.23,2.85,90.9,29.1,20.3,71.8,2.41,West_Block,137.47,20.57
REC-04819,3/21/2020,Western,3,652.33,80.9,17.98,2.44,88.2,26.4,15.2,73.1,2.62,Middle_Division,117.88,18.07
REC-04820,3/21/2020,Western,3,537.41,75.2,17.96,2,98.4,28.3,16.6,80.3,3.43,Lower_Division,106.16,19.75
REC-04821,3/20/2020,Western,3,551.06,75.5,18.11,3.34,93.4,25.7,19.7,79.5,3.56,Upper_Division,110.01,19.96
REC-04822,3/19/2020,Western,3,367.81,82,15.98,2.47,98.6,28.4,21.5,75.7,3,West_Block,70.68,19.22
REC-04823,3/18/2020,Western,3,733.5,78.1,16.11,2.83,90.8,21.1,19.9,70.8,3.62,Lower_Division,153.02,20.86
REC-04824,3/18/2020,Western,3,644.09,76.1,15.74,2.81,100.1,23.6,17.5,78.8,2.08,East_Block,139.31,21.63
REC-04825,3/18/2020,Western,3,624.4,79.4,18.99,3.23,103.4,25.6,18.1,73.1,1.7,Middle_Division,125.28,20.06
REC-04826,3/17/2020,Western,3,469.16,80.3,18.15,2.82,97.3,31.8,21.1,77.5,1.69,Lower_Division,93.45,19.92
REC-04827,3/17/2020,Western,3,506.6,79.8,16.37,3.23,93.3,26.2,17.4,70.9,2.79,Middle_Division,100.8,19.9
REC-04828,3/17/2020,Western,3,612.76,74.8,18.89,3.02,98.3,26,19.6,82.9,3.8,Lower_Division,127.86,20.87
REC-04829,3/17/2020,Western,3,676.88,74.6,15.32,2,102.9,29,19.2,75.6,4.21,East_Block,134.88,19.93
REC-04830,3/16/2020,Western,3,439.6,82.1,15.61,3.23,93.1,24.6,17.3,75,3.66,Upper_Division,87.26,19.85
REC-04831,3/16/2020,Western,3,660.33,73.7,13.25,2.93,98.7,28.3,19.6,80.5,2.84,Lower_Division,138.28,20.94
REC-04832,3/16/2020,Western,3,399.75,72.9,16.27,2.81,91.3,32.1,15.2,81.4,4.54,Upper_Division,74.24,18.57
REC-04833,3/16/2020,Western,3,543.48,78,13.81,4.09,98.5,23.3,15.4,74,3.71,West_Block,109.55,20.16
REC-04834,3/15/2020,Western,3,549.83,78.6,14.67,3.57,94.7,23.3,18.8,75,4.88,West_Block,111.15,20.21
REC-04835,3/15/2020,Western,3,704.83,74.2,16.27,2.7,96.3,27.2,21.1,76.8,2.31,East_Block,140.67,19.96
REC-04836,3/14/2020,Western,3,440.79,78.1,16.24,3.26,100.6,23.4,17,72.1,3.41,East_Block,90.53,20.54
REC-04837,3/14/2020,Western,3,681.05,76.2,17.62,2.46,96.4,26.2,16.5,79.1,4.55,West_Block,137.22,20.15
REC-04838,3/13/2020,Western,3,651.32,80.7,15.33,3.31,97.8,22.3,19.5,80,3.96,Middle_Division,132.9,20.41
REC-04839,3/12/2020,Western,3,519.63,77.4,14.76,2.96,99.4,29,21.4,84.6,4.42,West_Block,105.6,20.32
REC-04840,3/11/2020,Western,3,546.36,72.5,17.26,4.23,98.9,18.8,21.4,82.2,2.38,West_Block,108.68,19.89
REC-04841,3/11/2020,Western,3,643.08,80.4,17.36,3.33,99.8,22.7,21.1,75,4.7,Upper_Division,128.86,20.04
REC-04842,3/10/2020,Western,3,460.84,78.9,15.89,2.71,89.4,21.7,18.6,77.3,4.46,Middle_Division,87.99,19.09
REC-04843,3/9/2020,Western,3,739.15,76.3,14.01,3.24,102.7,31.5,17.3,72.2,2.73,Upper_Division,149.5,20.23
REC-04844,3/9/2020,Western,3,530.84,74.4,16.94,3.69,92.2,26.1,20.7,82.9,4.02,West_Block,105.22,19.82
REC-04845,3/9/2020,Western,3,525.45,76.3,13.95,2.45,94.9,22,21.1,72.6,3.75,Upper_Division,96.7,18.4
REC-04846,3/8/2020,Western,3,649.09,72.7,14.74,2.82,99.4,26.7,17.1,79.8,3.06,Lower_Division,132.88,20.47
REC-04847,3/8/2020,Western,3,568.82,74.3,18.54,2.54,103.3,20.6,17.5,76.5,1.74,Middle_Division,114.4,20.11
REC-04848,3/8/2020,Western,3,658.82,77.6,13.69,4.14,98.6,29.6,15.3,75.2,3.53,East_Block,127.68,19.38
REC-04849,3/7/2020,Western,3,639.4,81.2,13.2,2,92.8,26.1,19.5,75.7,4.26,Middle_Division,122.56,19.17
REC-04850,3/7/2020,Western,3,421.1,78.9,17.7,3.34,93.6,27.8,20.3,76.7,4.06,West_Block,84.97,20.18
REC-04851,3/7/2020,Western,3,609.58,73.7,14.25,2.45,101,30.5,19.6,71.5,4.74,Upper_Division,112.73,18.49
REC-04852,3/7/2020,Western,3,447.41,79,16.73,2.86,99.8,20.9,18.9,75.5,2.87,Upper_Division,86.88,19.42
REC-04853,3/7/2020,Western,3,636.72,74.5,15.76,2.68,104.9,27.1,20.7,82.9,3.55,Middle_Division,135.17,21.23
REC-04854,3/6/2020,Western,3,586.86,80.4,15.58,3.09,94.5,19.9,15.2,80.8,1.75,Lower_Division,119.93,20.44
REC-04855,3/5/2020,Western,3,565.17,79.8,14.96,3.6,91.9,29.2,21.1,82.1,2.76,East_Block,106.99,18.93
REC-04856,3/5/2020,Western,3,761.63,76.9,16.99,3.71,96.1,25.3,19.2,75.1,4.28,Lower_Division,156.4,20.54
REC-04857,3/5/2020,Western,3,679.6,73.4,18.08,3.1,97.7,28.6,17.7,70.2,1.97,Middle_Division,133.93,19.71
REC-04858,3/5/2020,Western,3,624.26,78.8,16.19,2.24,92.3,27.4,17.4,81.4,1.73,Middle_Division,126.98,20.34
REC-04859,3/4/2020,Western,3,482.49,75,12.95,3.24,100.1,19.6,20.7,75.7,3.02,East_Block,93.52,19.38
REC-04860,3/4/2020,Western,3,657.55,76.4,13.42,3.81,96.3,22.6,19.9,75.8,3.55,Middle_Division,128.25,19.5
REC-04861,3/4/2020,Western,3,457.53,77.6,12.05,2.65,101,23.7,19.9,81.2,3.19,Upper_Division,92.28,20.17
REC-04862,3/4/2020,Western,3,632.5,76.7,13.77,3.05,99.3,24.3,18.6,71.1,3.92,Middle_Division,129.54,20.48
REC-04863,3/4/2020,Western,3,438.06,76.6,16.85,2.94,94.6,31.5,16,73.2,4.33,West_Block,86.49,19.75
REC-04864,3/3/2020,Western,3,591.74,71.8,13.58,3.68,99.3,27.2,19.1,78.4,1.91,East_Block,107.91,18.24
REC-04865,3/3/2020,Western,3,650.41,73.6,15.95,2.24,105.6,23,21.8,78.1,3.11,Lower_Division,134.06,20.61
REC-04866,3/2/2020,Western,3,592.1,75.1,15.52,3.27,92.8,25.7,18,76.1,4.52,Middle_Division,122.88,20.75
REC-04867,3/1/2020,Western,3,737.04,76.9,15.7,3.28,93.1,25.9,19,70.5,1.97,Lower_Division,150.4,20.41
REC-04868,3/1/2020,Western,3,634.55,77.6,14.94,3.09,104.3,27.3,20.4,78.6,4.6,Lower_Division,134.8,21.24
REC-04869,3/1/2020,Western,3,704.82,77.9,14.48,3.21,95.2,27.7,20,81.5,2.07,Upper_Division,139.37,19.77
REC-04870,3/1/2020,Western,3,604.9,78.9,15.69,3.43,97.5,22.7,18.1,77.6,4.53,West_Block,126.64,20.94
REC-04871,2/29/2020,Off_Season,2,763.03,76.5,16.12,2.25,103.9,20.9,17.4,79.6,2.63,East_Block,144.26,18.91
REC-04872,2/29/2020,Off_Season,2,653.58,76.9,16.58,3.14,93,24.3,17.1,75.6,1.95,Lower_Division,125.54,19.21
REC-04873,2/29/2020,Off_Season,2,547.2,76.3,16.24,3.65,89,20.8,18.8,78.2,3.21,Upper_Division,96.39,17.61
REC-04874,2/29/2020,Off_Season,2,591.91,77.2,16.53,2.95,96.5,25.1,20.2,79.4,2.89,Middle_Division,112.64,19.03
REC-04875,2/28/2020,Off_Season,2,611.02,77.9,14.54,2.64,96.7,25.2,15.1,79.6,3.32,Lower_Division,117.68,19.26
REC-04876,2/28/2020,Off_Season,2,554.33,80.8,16.96,3.43,88,22,16.7,74.6,2.56,Lower_Division,101.21,18.26
REC-04877,2/27/2020,Off_Season,2,532.33,82.2,12.96,4.04,100.9,20.5,16.8,72.3,2.51,Middle_Division,90.44,16.99
REC-04878,2/27/2020,Off_Season,2,534.98,74.8,17.64,3.28,99,24.6,18.2,79.8,3.32,Middle_Division,101.74,19.02
REC-04879,2/26/2020,Off_Season,2,563.5,79.6,16.16,3,97.3,23.2,19.5,68.1,2.34,West_Block,109.16,19.37
REC-04880,2/25/2020,Off_Season,2,575.79,77.7,18.54,3.12,109,28.7,15.6,76.2,1.27,Upper_Division,102.62,17.82
REC-04881,2/24/2020,Off_Season,2,488.46,74.8,17.78,2.49,98.3,27.1,20,77.1,2.95,Middle_Division,88.67,18.15
REC-04882,2/24/2020,Off_Season,2,531.64,76,13.95,4.19,98,19.4,15.3,68.5,1.41,Middle_Division,92.79,17.45
REC-04883,2/24/2020,Off_Season,2,614.89,83.3,17.42,3.56,95.1,18,15.5,72.1,1.98,West_Block,110.51,17.97
REC-04884,2/23/2020,Off_Season,2,401.53,76.1,14.37,2.89,97.9,23.1,15.4,74.4,3.11,East_Block,76.61,19.08
REC-04885,2/23/2020,Off_Season,2,486.7,82.7,16.88,3.67,98.9,20.7,18.6,76.9,2.79,West_Block,90.31,18.56
REC-04886,2/23/2020,Off_Season,2,518.22,77.8,16.9,2.47,90.9,26.6,15.4,75,1.38,Lower_Division,97.93,18.9
REC-04887,2/23/2020,Off_Season,2,453.75,77.2,15.69,3.59,95.6,24.6,19.6,73,2.12,Middle_Division,85.67,18.88
REC-04888,2/23/2020,Off_Season,2,591.15,79.3,15.53,4.12,107.2,26.9,15.6,78.2,1.54,East_Block,106.12,17.95
REC-04889,2/23/2020,Off_Season,2,521.38,76.8,12.93,4.28,97.2,31.4,20.3,73.6,3.05,Upper_Division,88.55,16.98
REC-04890,2/22/2020,Off_Season,2,461.68,81.1,15.02,2.99,98.3,29,17.7,71.1,2.02,Upper_Division,85.15,18.44
REC-04891,2/22/2020,Off_Season,2,603.94,76.5,16.1,2.45,99.2,28.8,17.5,69.4,1.22,East_Block,110.37,18.27
REC-04892,2/22/2020,Off_Season,2,565.61,78.4,17.91,3.38,104.4,20.5,20.3,71.9,1.59,Upper_Division,101.82,18
REC-04893,2/21/2020,Off_Season,2,581.13,76.3,12.94,3.59,85,27.7,18.2,70.9,3.1,Middle_Division,99.37,17.1
REC-04894,2/21/2020,Off_Season,2,488.53,80.9,16.32,2.85,101.2,22.4,18.2,81.6,2.43,Upper_Division,89.58,18.34
REC-04895,2/20/2020,Off_Season,2,478.74,79.2,18.86,3.2,95.6,24.5,16.4,68.1,1.27,Middle_Division,87.51,18.28
REC-04896,2/18/2020,Off_Season,2,461.66,78.2,15.23,3.9,98.4,23.4,19.8,81,2.03,Middle_Division,83.78,18.15
REC-04897,2/18/2020,Off_Season,2,669.35,72,13.95,2.65,103.7,23.2,16,81,2.65,Middle_Division,128.91,19.26
REC-04898,2/17/2020,Off_Season,2,522,75.4,19.54,2.53,94.8,28.2,16.1,76.3,1.99,Upper_Division,88.85,17.02
REC-04899,2/16/2020,Off_Season,2,412.02,78.3,15.48,2,92.5,25.1,15.4,74.4,3.05,Middle_Division,78.81,19.13
REC-04900,2/16/2020,Off_Season,2,537.51,80.8,15.83,2.76,94.8,24.5,19.8,73.5,2.72,West_Block,100.72,18.74
REC-04901,2/14/2020,Off_Season,2,823.1,79.1,19.63,2.33,103.2,22.2,20.4,70,2.96,West_Block,145.88,17.72
REC-04902,2/14/2020,Off_Season,2,567.55,78.3,15.92,3.31,93.7,25.5,20.3,75.7,1.36,Middle_Division,104.92,18.49
REC-04903,2/14/2020,Off_Season,2,682.28,73.5,15.89,3.51,99.4,22.4,17.2,72.1,2.63,Middle_Division,128.99,18.91
REC-04904,2/14/2020,Off_Season,2,389.21,80.5,16.26,3.23,91,25.2,20.6,71.7,1.2,West_Block,73.8,18.96
REC-04905,2/14/2020,Off_Season,2,538.35,75.5,14.95,2.89,90.2,18,18.7,77.5,1.92,Upper_Division,94.58,17.57
REC-04906,2/13/2020,Off_Season,2,473.28,80.5,14.62,2.91,106.2,20.2,15,73,1.94,East_Block,85.11,17.98
REC-04907,2/12/2020,Off_Season,2,559.96,80.7,15.39,2.83,97.5,32.4,16.5,81.2,2.42,East_Block,104.59,18.68
REC-04908,2/12/2020,Off_Season,2,250,77.9,15.84,2.91,98.8,29.6,19,68.1,2.84,Lower_Division,48.45,19.38
REC-04909,2/11/2020,Off_Season,2,510.82,73.8,17.32,2.33,92.4,27.8,20.4,80.6,1.75,Middle_Division,91.22,17.86
REC-04910,2/11/2020,Off_Season,2,682.92,73.8,15.81,3.89,94.3,20.3,16.1,69.2,3.07,Middle_Division,120.71,17.68
REC-04911,2/10/2020,Off_Season,2,817.09,80.1,18.27,2.43,97.5,25.1,17.4,73.8,2.52,Middle_Division,146.61,17.94
REC-04912,2/10/2020,Off_Season,2,620.66,71.3,15.73,3.41,91.9,23.6,15.3,70.3,1.24,East_Block,113.92,18.35
REC-04913,2/9/2020,Off_Season,2,812.79,81,16.09,3.41,101.3,24.8,20.8,75.5,2.19,Middle_Division,150.95,18.57
REC-04914,2/8/2020,Off_Season,2,596.93,78.5,15.64,2.67,94.4,31.7,15,74.4,1.93,West_Block,113.17,18.96
REC-04915,2/8/2020,Off_Season,2,521.31,79.7,16.4,3.64,92.4,25.7,16.2,81.2,2.77,Middle_Division,97.87,18.77
REC-04916,2/8/2020,Off_Season,2,501.34,80,18.19,3.06,102.4,21.1,15.3,78.6,1.16,Lower_Division,98.14,19.58
REC-04917,2/7/2020,Off_Season,2,574.2,82.4,13.86,2.66,98.9,23,15.8,73.4,1.23,Lower_Division,108.09,18.82
REC-04918,2/7/2020,Off_Season,2,652.16,74.8,14.59,2.48,95.1,24.8,19.6,75.3,1.05,West_Block,122.55,18.79
REC-04919,2/5/2020,Off_Season,2,613.68,78.6,16.04,3.85,104.3,19.1,18.8,72.7,2.67,East_Block,109.69,17.88
REC-04920,2/4/2020,Off_Season,2,768.68,77,17.78,3.62,103.2,27.1,15.2,70.6,1.16,Middle_Division,138.89,18.07
REC-04921,2/4/2020,Off_Season,2,832.5,75.6,15.43,3.5,108.4,27.3,18.4,69,1.12,Lower_Division,165.62,19.89
REC-04922,2/4/2020,Off_Season,2,614.4,75.4,15.69,3.19,98.9,25.5,18.8,69.8,1.81,East_Block,112.78,18.36
REC-04923,2/3/2020,Off_Season,2,697.59,80.9,17.9,2.8,104.3,28.8,16,80.3,2.93,Upper_Division,123.79,17.75
REC-04924,2/3/2020,Off_Season,2,582.28,80.2,15.07,2.75,89.2,22,17.9,80.4,1.07,Lower_Division,105.14,18.06
REC-04925,2/3/2020,Off_Season,2,365.03,74.7,16.35,3.8,100.7,23.2,18.4,73.8,1.68,East_Block,64.43,17.65
REC-04926,2/3/2020,Off_Season,2,654,74.9,13.67,4.01,96.7,26.1,18.5,80.1,3.09,East_Block,115.45,17.65
REC-04927,2/3/2020,Off_Season,2,634.51,80.2,13.7,2.87,96.5,25.1,17.7,80.9,1.02,Middle_Division,121.1,19.09
REC-04928,2/2/2020,Off_Season,2,581.37,78.9,12.98,2.75,100.4,27.1,20.4,80.5,2.21,East_Block,106.14,18.26
REC-04929,2/2/2020,Off_Season,2,336.02,77.5,15.51,2.04,99.6,24.4,17.1,80.6,2.2,East_Block,61.65,18.35
REC-04930,2/2/2020,Off_Season,2,798.37,75.6,16.37,3.55,95.6,28.5,20.7,70.2,1.33,East_Block,145.62,18.24
REC-04931,2/2/2020,Off_Season,2,583.26,77.7,19.1,3.27,100.1,27.4,17.8,74.8,3.2,West_Block,109.85,18.83
REC-04932,2/1/2020,Off_Season,2,631.74,84.8,15.65,3,101.4,26.8,17.4,77.3,2.79,West_Block,121.84,19.29
REC-04933,2/1/2020,Off_Season,2,561.36,80,14.75,3.26,105.6,23.9,18,69.2,2.63,East_Block,102.84,18.32
REC-04934,1/31/2020,Western,1,784.74,80.8,17.73,3.33,89.4,21.8,21.7,73.2,3.14,Middle_Division,146.96,18.73
REC-04935,1/30/2020,Western,1,630.46,72.7,12.19,3.14,94.6,26.7,15.5,83.4,2.68,East_Block,121.4,19.26
REC-04936,1/29/2020,Western,1,533.63,79.6,17.48,2.99,106.3,26,15.6,81.3,2.56,Upper_Division,104.21,19.53
REC-04937,1/29/2020,Western,1,679.43,77.4,16.64,2.72,98.9,22.8,16.2,74.1,4.33,East_Block,142.51,20.97
REC-04938,1/29/2020,Western,1,373.39,80.4,13.66,3.4,104.6,30.1,20.5,71.4,4.12,East_Block,73.82,19.77
REC-04939,1/29/2020,Western,1,576.77,73.2,13.66,2.72,96.5,23.8,18.5,72.2,2.74,Upper_Division,115.05,19.95
REC-04940,1/29/2020,Western,1,870.48,74.1,15.53,2.58,102,27.6,17.3,75.3,4.27,Lower_Division,185.67,21.33
REC-04941,1/26/2020,Western,1,501.87,78.1,17.02,2.5,94.3,25.1,19.2,76.8,2.15,West_Block,100.06,19.94
REC-04942,1/26/2020,Western,1,572.74,78.7,16.78,2.65,100.3,26.5,18.8,81.4,2.14,West_Block,118.44,20.68
REC-04943,1/26/2020,Western,1,562.74,78.4,15.45,2.08,101.9,31,19.5,71.1,3.93,Middle_Division,114.65,20.37
REC-04944,1/26/2020,Western,1,580.2,77.1,17.71,2.64,104.5,25.8,16,72.2,4.73,West_Block,120.86,20.83
REC-04945,1/26/2020,Western,1,695.62,75.1,14.24,3.46,103,26.8,19.1,82.8,3.75,Middle_Division,144.31,20.75
REC-04946,1/25/2020,Western,1,448.95,85,17.09,3.18,102.1,25.2,21.2,74.5,2.41,Lower_Division,91.2,20.31
REC-04947,1/25/2020,Western,1,764.42,77.3,16.66,2.62,98.3,22.3,19.6,82.4,2.06,East_Block,156.82,20.51
REC-04948,1/25/2020,Western,1,421.62,79.3,14.68,2.67,92.8,28.8,15.1,71.7,2.64,East_Block,82.04,19.46
REC-04949,1/24/2020,Western,1,515.18,75.3,17.67,3.22,107.2,26.6,17.9,74.3,4.68,Lower_Division,104.59,20.3
REC-04950,1/24/2020,Western,1,331.04,80,16.06,2.76,101.2,22.3,15.3,74,4.46,East_Block,67.03,20.25
REC-04951,1/24/2020,Western,1,531.95,76.5,16.86,2.31,109.1,31.7,17,80.1,3.59,Lower_Division,107.76,20.26
REC-04952,1/24/2020,Western,1,640.53,81.5,15,3.05,99.2,20.7,16.3,75.7,3.66,East_Block,125.48,19.59
REC-04953,1/22/2020,Western,1,796.52,79.3,13.48,3.03,100.8,29.4,17.9,75.8,3.64,West_Block,157.91,19.82
REC-04954,1/22/2020,Western,1,586.86,78.8,12.26,2,99.6,31.1,18.3,76.8,4.34,West_Block,112.06,19.09
REC-04955,1/20/2020,Western,1,526.98,80,15.89,3.24,101.2,21.9,20,75.3,4.56,East_Block,103.93,19.72
REC-04956,1/20/2020,Western,1,552.53,81.1,16.86,2,94.3,23.6,17.5,71.9,3.4,Upper_Division,110.41,19.98
REC-04957,1/20/2020,Western,1,775.96,80.4,19.09,3.23,100.1,26.7,21,78.1,4.24,Lower_Division,160.5,20.68
REC-04958,1/20/2020,Western,1,608.98,79.3,15.39,2.82,94.7,27.5,20.3,76.8,4.09,Middle_Division,121.41,19.94
REC-04959,1/20/2020,Western,1,462.47,76.2,15.95,2.51,95.8,23.1,17.6,71.6,3.43,East_Block,97.29,21.04
REC-04960,1/19/2020,Western,1,599.03,75.7,16.62,2.08,96.7,30.2,18.7,79.4,3.98,Middle_Division,124.01,20.7
REC-04961,1/19/2020,Western,1,499.09,76.2,15.66,2,105.4,25.1,15.8,76.4,2.57,Middle_Division,99.75,19.99
REC-04962,1/19/2020,Western,1,495.5,79.6,14.69,3.02,95.5,29.1,19.4,73.5,3.66,Middle_Division,99.61,20.1
REC-04963,1/18/2020,Western,1,417.25,75.1,15.9,2.16,100.7,24.8,15.3,71.8,2.4,Upper_Division,80.1,19.2
REC-04964,1/17/2020,Western,1,811.1,77.9,16.41,4.13,95.2,24.2,20.9,76.7,3.24,Upper_Division,156.97,19.35
REC-04965,1/17/2020,Western,1,663.31,77.9,17.59,2.19,92.6,21.4,20.3,78.7,2.37,West_Block,128.63,19.39
REC-04966,1/17/2020,Western,1,552.55,78.3,16.52,3.21,91.3,26.1,19.8,70.7,3.25,Lower_Division,115.21,20.85
REC-04967,1/17/2020,Western,1,400.47,83.4,16.56,3.15,90.1,23.2,18,73.8,3.99,East_Block,78.24,19.54
REC-04968,1/16/2020,Western,1,500.44,79.3,16.12,2.98,101.6,27.5,16.6,78.1,4.54,East_Block,98.74,19.73
REC-04969,1/16/2020,Western,1,387.16,71.9,13.7,2.75,98.6,29.4,20.5,77.9,4.75,East_Block,75.96,19.62
REC-04970,1/16/2020,Western,1,622.85,82.5,16.18,2.84,106,24.5,17.3,70.7,4.55,East_Block,122.71,19.7
REC-04971,1/14/2020,Western,1,597.45,81.4,16.6,4.02,96.9,33.2,21.2,84.5,2.89,Lower_Division,116.82,19.55
REC-04972,1/14/2020,Western,1,640.84,75.5,17.38,2.34,102.3,24.5,21.1,75.5,3.99,East_Block,128.03,19.98
REC-04973,1/14/2020,Western,1,615.62,77.5,15.31,4.01,96.1,31.7,15.2,75.3,3.86,East_Block,124.04,20.15
REC-04974,1/14/2020,Western,1,522,78.4,16.38,2.6,111.3,25.7,16.6,75.7,3.06,Lower_Division,103.2,19.77
REC-04975,1/14/2020,Western,1,510.88,75.3,17.18,2.87,90.1,27.6,20.7,80.5,4.9,West_Block,104.06,20.37
REC-04976,1/13/2020,Western,1,689.38,78.3,15.92,2.74,107,28.7,16.3,72.3,4.07,Upper_Division,139.55,20.24
REC-04977,1/12/2020,Western,1,736.2,78.7,17.29,2.27,105.3,24.3,17.3,76.2,3.93,East_Block,148.34,20.15
REC-04978,1/11/2020,Western,1,574.36,78.4,16.81,3.76,85,26.1,21.2,78.7,2.37,Upper_Division,105.24,18.32
REC-04979,1/11/2020,Western,1,669.95,80.1,14.72,2.75,102.6,26.4,18.1,80.5,4.23,Upper_Division,130.22,19.44
REC-04980,1/11/2020,Western,1,653.62,81.6,14.15,3.12,96.6,22.3,19.8,82.4,2.64,East_Block,131.75,20.16
REC-04981,1/10/2020,Western,1,642.77,77.2,14.64,2.75,92.9,25.7,15.9,80.8,4.02,West_Block,136.44,21.23
REC-04982,1/9/2020,Western,1,582.85,83.5,16.36,3.18,93.8,26.3,18.5,74.8,3.96,Middle_Division,117.94,20.24
REC-04983,1/8/2020,Western,1,557.31,78.1,14.68,2,96.6,24.4,18.4,77.3,3.39,Middle_Division,111.54,20.01
REC-04984,1/8/2020,Western,1,516.9,75.6,15.13,4.02,96.1,23.7,18.9,74.9,2.03,East_Block,103.02,19.93
REC-04985,1/7/2020,Western,1,250,79.1,17.61,2.96,112,26.9,17,72.8,4.95,Lower_Division,50.9,20.36
REC-04986,1/6/2020,Western,1,466.81,81.7,18.83,3.19,102,24.1,20.6,75.5,4.12,Lower_Division,98.89,21.18
REC-04987,1/6/2020,Western,1,823.02,79.2,16.22,3.86,92.4,27.1,21,75.4,3.72,West_Block,167.09,20.3
REC-04988,1/6/2020,Western,1,613.23,81,17.2,3.38,101,23.7,20.5,84.2,2.44,East_Block,124.24,20.26
REC-04989,1/6/2020,Western,1,523.79,76.6,17.49,2,97.7,23.8,15.9,76.1,2.23,Lower_Division,107.9,20.6
REC-04990,1/6/2020,Western,1,676.16,77,16.82,2.72,92.5,23,16.2,84.3,3.67,Upper_Division,136.92,20.25
REC-04991,1/6/2020,Western,1,587.29,78.9,15.25,3.07,101.5,27.9,19.8,84.9,2.61,East_Block,122.13,20.79
REC-04992,1/4/2020,Western,1,653.41,76.5,15.55,3.05,98.8,25.5,15.8,81.3,3.03,East_Block,138.54,21.2
REC-04993,1/4/2020,Western,1,466.13,78.9,18.79,3.58,94.7,26.3,19.3,84.1,3.53,Middle_Division,92.33,19.81
REC-04994,1/3/2020,Western,1,446.7,81.1,15.88,2.47,96.1,25.9,19.2,83.4,3.02,Middle_Division,89.04,19.93
REC-04995,1/3/2020,Western,1,775.49,80.3,19.06,3.22,95.3,22.3,18.9,81.9,1.69,East_Block,150.78,19.44
REC-04996,1/3/2020,Western,1,597.39,73.1,16.68,2.94,92.1,22.5,18.8,77.5,2.14,Upper_Division,116.94,19.57
REC-04997,1/3/2020,Western,1,576.03,79,14.27,2.44,94.9,27.7,21.5,76.2,4.92,Lower_Division,113.99,19.79
REC-04998,1/3/2020,Western,1,769.02,76.1,13.6,3.56,94.4,27.3,16.1,73.3,4.18,Upper_Division,145.67,18.94
REC-04999,1/2/2020,Western,1,625.85,84.9,16.69,2.45,96.1,27.1,18.1,80.5,3.99,Middle_Division,119.46,19.09
REC-05000,1/2/2020,Western,1,514.71,82.6,16.45,3.95,99.7,28.9,19.6,83.1,2.88,Lower_Division,106.75,20.74
